codelist_name,concept_id,concept_name,standard_concept
asthma,257581,Acute asthma,S
asthma,45769441,Acute exacerbation of allergic asthma,S
asthma,46273452,Acute exacerbation of asthma co-occurrent with allergic rhinitis,S
asthma,40481763,Acute exacerbation of chronic asthmatic bronchitis,S
asthma,43530693,Acute exacerbation of chronic obstructive airways disease with asthma,S
asthma,37159957,Acute exacerbation of intermittent allergic asthma,S
asthma,45773005,Acute exacerbation of intrinsic asthma,S
asthma,37159958,Acute exacerbation of moderate persistent allergic asthma,S
asthma,36684328,Acute severe exacerbation of allergic asthma,S
asthma,45769438,Acute severe exacerbation of asthma,S
asthma,46269767,Acute severe exacerbation of asthma co-occurrent with allergic rhinitis,S
asthma,45769442,Acute severe exacerbation of immunoglobin E-mediated allergic asthma,S
asthma,45769443,Acute severe exacerbation of intrinsic asthma,S
asthma,46274124,Acute severe exacerbation of mild persistent allergic asthma,S
asthma,46269777,Acute severe exacerbation of mild persistent allergic asthma co-occurrent with allergic rhinitis,S
asthma,45769352,Acute severe exacerbation of mild persistent asthma,S
asthma,46273462,Acute severe exacerbation of moderate persistent allergic asthma,S
asthma,45769351,Acute severe exacerbation of moderate persistent asthma,S
asthma,46269785,Acute severe exacerbation of moderate persistent asthma co-occurrent with allergic rhinitis,S
asthma,46274059,Acute severe exacerbation of severe persistent allergic asthma,S
asthma,45769350,Acute severe exacerbation of severe persistent asthma,S
asthma,46269771,Acute severe exacerbation of severe persistent asthma co-occurrent with allergic rhinitis,S
asthma,37116845,Acute severe refractory exacerbation of asthma,S
asthma,4191479,Allergic asthma,S
asthma,45766728,Allergic asthma due to Dermatophagoides farinae,S
asthma,45766727,Allergic asthma due to Dermatophagoides pteronyssinus,S
asthma,4271333,Allergic asthma without status asthmaticus,S
asthma,46269801,Aspirin exacerbated respiratory disease,S
asthma,4250128,Aspirin-induced asthma,S
asthma,317009,Asthma,S
asthma,4211530,Asthma caused by wood dust,S
asthma,46274062,Asthma-chronic obstructive pulmonary disease overlap syndrome,S
asthma,45772073,Asthma in mother complicating childbirth,S
asthma,42535716,Asthma in pregnancy,S
asthma,4235703,Asthma management,S
asthma,44783610,Asthma self management,S
asthma,4233784,Asthmatic bronchitis,S
asthma,252942,Asthmatic pulmonary eosinophilia,S
asthma,43530745,Asthma with irreversible airway obstruction,S
asthma,4206340,Asthma without status asthmaticus,S
asthma,4143474,Bakers' asthma,S
asthma,4075237,Brittle asthma,S
asthma,4225553,Cheese-makers' asthma,S
asthma,4245676,Chemical-induced asthma,S
asthma,4051466,Childhood asthma,S
asthma,256448,Chronic asthmatic bronchitis,S
asthma,44810117,Chronic asthma with fixed airflow obstruction,S
asthma,46269802,Chronic obstructive asthma co-occurrent with acute exacerbation of asthma,S
asthma,4119300,Colophony asthma,S
asthma,313236,Cough variant asthma,S
asthma,4120262,Cryptogenic pulmonary eosinophilia,S
asthma,4217558,Detergent asthma,S
asthma,4244339,Drug-induced asthma,S
asthma,42538744,Exacerbation of allergic asthma,S
asthma,36684335,Exacerbation of allergic asthma due to infection,S
asthma,1340255,Exacerbation of asthma,S
asthma,4138760,Exacerbation of intermittent asthma,S
asthma,45768911,Exacerbation of mild persistent asthma,S
asthma,45772937,Exacerbation of moderate persistent asthma,S
asthma,45768912,Exacerbation of severe persistent asthma,S
asthma,443801,Exercise-induced asthma,S
asthma,4123253,Hay fever with asthma,S
asthma,312950,IgE-mediated allergic asthma,S
asthma,761844,Inhaled steroid-dependent asthma,S
asthma,37310241,Intermittent allergic asthma,S
asthma,4141978,Intermittent asthma,S
asthma,46270030,Intermittent asthma co-occurrent with allergic rhinitis,S
asthma,46270322,Intermittent asthma uncontrolled,S
asthma,4145497,Intrinsic asthma,S
asthma,252658,Intrinsic asthma without status asthmaticus,S
asthma,4225554,Isocyanate induced asthma,S
asthma,4119298,Late onset asthma,S
asthma,35609846,Life threatening acute exacerbation of allergic asthma,S
asthma,42536207,Life threatening acute exacerbation of asthma,S
asthma,35609847,Life threatening acute exacerbation of intrinsic asthma,S
asthma,4057952,Meat-wrappers' asthma,S
asthma,4155468,Mild asthma,S
asthma,4146581,Mild intermittent asthma,S
asthma,46269776,Mild persistent allergic asthma,S
asthma,4143828,Mild persistent asthma,S
asthma,46270029,Mild persistent asthma co-occurrent with allergic rhinitis,S
asthma,4022592,Millers' asthma,S
asthma,4110051,Mixed asthma,S
asthma,42536208,Moderate acute exacerbation of asthma,S
asthma,4155469,Moderate asthma,S
asthma,46269784,Moderate persistent allergic asthma,S
asthma,4142738,Moderate persistent asthma,S
asthma,46273454,Moderate persistent asthma co-occurrent with allergic rhinitis,S
asthma,37206717,Near fatal asthma,S
asthma,4309833,Non-IgE mediated allergic asthma,S
asthma,4155470,Occasional asthma,S
asthma,4212099,Occupational asthma,S
asthma,37109103,Oral steroid-dependent asthma,S
asthma,764677,Persistent asthma,S
asthma,2108536,"Persistent asthma, preferred long term control medication or an acceptable alternative treatment, prescribed (NMA-No Measure Associated)",S
asthma,764949,"Persistent asthma, well controlled",S
asthma,4232595,Platinum asthma,S
asthma,4080516,Printers' asthma,S
asthma,4279553,Pulmonary eosinophilia,S
asthma,40483397,Seasonal asthma,S
asthma,4152913,Severe asthma,S
asthma,37208352,Severe asthma with fungal sensitisation,S
asthma,37108580,Severe controlled persistent asthma,S
asthma,46269770,Severe persistent allergic asthma,S
asthma,4145356,Severe persistent asthma,S
asthma,46270028,Severe persistent asthma co-occurrent with allergic rhinitis,S
asthma,37108581,Severe uncontrolled persistent asthma,S
asthma,4277596,Simple pulmonary eosinophilia,S
asthma,46273635,Steroid dependent asthma,S
asthma,4120261,Sulfite-induced asthma,S
asthma,4301938,Tea-makers' asthma,S
asthma,3661412,Thunderstorm asthma,S
asthma,4081994,Tropical pulmonary eosinophilia,S
asthma,42539549,Uncomplicated allergic asthma,S
asthma,45768910,Uncomplicated asthma,S
asthma,45768963,Uncomplicated mild persistent asthma,S
asthma,45768964,Uncomplicated moderate persistent asthma,S
asthma,42536649,Uncomplicated non-allergic asthma,S
asthma,45768965,Uncomplicated severe persistent asthma,S
asthma,4245292,Weavers' cough,S
bmi_measurement,3038553,Body mass index (BMI) [Ratio],S
bmi_measurement,36304833,Body mass index (BMI) [Ratio] Estimated,S
body_weight,3025315,Body weight,S
body_weight,4099154,Body weight,N
body_weight,3013762,Body weight Measured,S
body_weight,3023166,Body weight Stated,S
body_weight,3027492,Dry body weight Measured,S
diabetes,36715051,"Atherosclerosis, deafness, diabetes, epilepsy, nephropathy syndrome",S
diabetes,36713275,Atypical diabetes mellitus,S
diabetes,36715417,DEND syndrome,S
diabetes,4129516,Diabetes-deafness syndrome maternally transmitted,S
diabetes,201820,Diabetes mellitus,S
diabetes,4143529,Diabetes mellitus associated with cystic fibrosis,S
diabetes,4245270,Diabetes mellitus associated with genetic syndrome,S
diabetes,4240589,Diabetes mellitus associated with hormonal etiology,S
diabetes,4178452,Diabetes mellitus associated with pancreatic disease,S
diabetes,4178790,Diabetes mellitus associated with receptor abnormality,S
diabetes,42537681,Diabetes mellitus caused by chemical,S
diabetes,765478,Diabetes mellitus caused by drug without complication,S
diabetes,3178281,Diabetes mellitus complicating Cystic fibrosis,S
diabetes,4144583,Diabetes mellitus due to cystic fibrosis,S
diabetes,43531011,Diabetes mellitus due to genetic defect in beta cell function,S
diabetes,43531642,Diabetes mellitus due to genetic defect in insulin action,S
diabetes,4192852,Diabetes mellitus due to insulin receptor antibodies,S
diabetes,45757077,Diabetes mellitus due to pancreatic injury,S
diabetes,4237068,Diabetes mellitus due to structurally abnormal insulin,S
diabetes,4235410,Diabetes mellitus induced by non-steroid drugs,S
diabetes,4136889,Diabetes mellitus induced by non-steroid drugs without complication,S
diabetes,45766050,Diabetes mellitus in remission,S
diabetes,43531645,"Diabetes mellitus, transient neonatal 1",S
diabetes,43531019,"Diabetes mellitus, transient neonatal 2",S
diabetes,43531020,"Diabetes mellitus, transient neonatal 3",S
diabetes,37174264,Diabetes mellitus type 1 stage 1,S
diabetes,37174265,Diabetes mellitus type 1 stage 2,S
diabetes,37174270,Diabetes mellitus type 1 stage 3,S
diabetes,45757674,Diabetes mellitus type 1 without retinopathy,S
diabetes,45757474,Diabetes mellitus type 2 without retinopathy,S
diabetes,36684827,Diabetes mellitus type 2 with periodontal disease,S
diabetes,44793113,Diabetes mellitus with multiple complications,S
diabetes,4008576,Diabetes mellitus without complication,S
diabetes,42535539,Disorder of nerve co-occurrent and due to type 1 diabetes mellitus,S
diabetes,4202383,Drug-induced diabetes mellitus,S
diabetes,1340306,Exacerbation of diabetes mellitus,S
diabetes,766252,Exacerbation of type 1 diabetes mellitus,S
diabetes,766253,Exacerbation of type 2 diabetes mellitus,S
diabetes,4084643,"Extreme insulin resistance with acanthosis nigricans, hirsutism AND abnormal insulin receptors",S
diabetes,4099741,Fibrocalculous pancreatic diabetes,S
diabetes,37163452,Fulminant type 1 diabetes mellitus,S
diabetes,37396524,Gingival disease co-occurrent with diabetes mellitus,S
diabetes,46274096,Gingivitis co-occurrent with diabetes mellitus,S
diabetes,4048202,Houssay's syndrome,S
diabetes,4047906,Insulin dependent diabetes mellitus type 1A,S
diabetes,4102018,Insulin dependent diabetes mellitus type 1B,S
diabetes,4129524,Insulin resistance - type A,S
diabetes,4129525,Insulin resistance - type B,S
diabetes,4130162,Insulin treated type 2 diabetes mellitus,S
diabetes,36717215,"Intellectual disability, craniofacial dysmorphism, hypogonadism, diabetes mellitus syndrome",S
diabetes,37162799,"Intrauterine growth restriction, short stature, early adult-onset diabetes syndrome",S
diabetes,37165632,"Juvenile-onset diabetes mellitus, central and peripheral neurodegeneration syndrome",S
diabetes,604357,Ketosis-prone diabetes mellitus,S
diabetes,37163431,Ketosis-resistant diabetes mellitus,S
diabetes,4145827,Latent autoimmune diabetes mellitus in adult,S
diabetes,4006979,Leprechaunism syndrome,S
diabetes,4131907,Lipoatrophic diabetes,S
diabetes,44787902,Lipoatrophic diabetes mellitus without complication,S
diabetes,4327944,Malnutrition related diabetes mellitus,S
diabetes,4030061,Malnutrition-related diabetes mellitus - fibrocalculous,S
diabetes,4096042,Malnutrition-related diabetes mellitus without complications,S
diabetes,4096671,Malnutrition-related diabetes mellitus with peripheral circulatory complications,S
diabetes,4096670,Malnutrition-related diabetes mellitus with renal complications,S
diabetes,4166381,Maternal diabetes mellitus with hypoglycemia affecting fetus OR newborn,S
diabetes,44792134,Maternally inherited diabetes mellitus,S
diabetes,43531640,Maturity-onset diabetes of the young,S
diabetes,43531006,"Maturity onset diabetes of the young, type 1",S
diabetes,43531017,"Maturity-onset diabetes of the young, type 10",S
diabetes,43531018,"Maturity-onset diabetes of the young, type 11",S
diabetes,4130164,"Maturity onset diabetes of the young, type 2",S
diabetes,43531012,"Maturity-onset diabetes of the young, type 3",S
diabetes,43531013,"Maturity-onset diabetes of the young, type 4",S
diabetes,43531014,"Maturity-onset diabetes of the young, type 5",S
diabetes,43531643,"Maturity-onset diabetes of the young, type 6",S
diabetes,43531015,"Maturity-onset diabetes of the young, type 7",S
diabetes,43531644,"Maturity-onset diabetes of the young, type 8",S
diabetes,43531016,"Maturity-onset diabetes of the young, type 9",S
diabetes,4034963,"Megaloblastic anemia, thiamine-responsive, with diabetes mellitus and sensorineural deafness",S
diabetes,4034961,"Muscular atrophy, ataxia, retinitis pigmentosa, and diabetes mellitus",S
diabetes,37204818,Myopathy and diabetes mellitus,S
diabetes,193323,Neonatal diabetes mellitus,S
diabetes,36716258,"Pancreatic hypoplasia, diabetes mellitus, congenital heart disease syndrome",S
diabetes,43531641,Permanent neonatal diabetes mellitus,S
diabetes,37110041,Permanent neonatal diabetes mellitus with cerebellar agenesis syndrome,S
diabetes,4030066,"Photomyoclonus, diabetes mellitus, deafness, nephropathy and cerebral dysfunction",S
diabetes,3198118,Poorly controlled diabetes mellitus,S
diabetes,3194119,Poorly controlled type 1 diabetes,S
diabetes,3193274,Poorly controlled type 2 diabetes,S
diabetes,3192767,Poorly controlled type II diabetes with circulatory disease,S
diabetes,3194082,Poorly controlled type II diabetes with complications,S
diabetes,3191208,Poorly controlled type II diabetes with neuropathy,S
diabetes,3194332,Poorly controlled type II diabetes with renal complications,S
diabetes,40482883,Posttransplant diabetes mellitus,S
diabetes,44793114,Pre-existing diabetes mellitus,S
diabetes,45757079,Pre-existing diabetes mellitus in mother complicating childbirth,S
diabetes,43531007,Pre-existing diabetes mellitus in pregnancy,S
diabetes,4062687,Pre-existing malnutrition-related diabetes mellitus,S
diabetes,606039,Pre-existing malnutrition-related diabetes mellitus in pregnancy,S
diabetes,4063042,Pre-existing type 1 diabetes mellitus,S
diabetes,43531008,Pre-existing type 1 diabetes mellitus in pregnancy,S
diabetes,4063043,Pre-existing type 2 diabetes mellitus,S
diabetes,43531010,Pre-existing type 2 diabetes mellitus in pregnancy,S
diabetes,43531009,Pregnancy and type 1 diabetes mellitus,S
diabetes,4129519,Pregnancy and type 2 diabetes mellitus,S
diabetes,37204277,"Primary microcephaly, epilepsy, permanent neonatal diabetes syndrome",S
diabetes,37204232,"Primary microcephaly, mild intellectual disability, young-onset diabetes syndrome",S
diabetes,1340515,Progression of diabetes mellitus,S
diabetes,4212631,Protein-deficient diabetes mellitus,S
diabetes,4140808,Rabson-Mendenhall syndrome,S
diabetes,195771,Secondary diabetes mellitus,S
diabetes,4034960,Secondary endocrine diabetes mellitus,S
diabetes,1340528,Slowly progressive insulin dependent diabetes mellitus type 1A,S
diabetes,4099334,Steroid-induced diabetes,S
diabetes,4099653,Steroid-induced diabetes mellitus without complication,S
diabetes,37116379,Stimmler syndrome,S
diabetes,4129378,Transient neonatal diabetes mellitus,S
diabetes,201254,Type 1 diabetes mellitus,S
diabetes,4099215,Type 1 diabetes mellitus maturity onset,S
diabetes,443412,Type 1 diabetes mellitus without complication,S
diabetes,4099214,Type 1 diabetes mellitus with ulcer,S
diabetes,201826,Type 2 diabetes mellitus,S
diabetes,4230254,Type 2 diabetes mellitus in nonobese,S
diabetes,4304377,Type 2 diabetes mellitus in obese,S
diabetes,4193704,Type 2 diabetes mellitus without complication,S
diabetes,4099651,Type 2 diabetes mellitus with ulcer,S
diabetes,45766051,Type I diabetes mellitus in remission,S
diabetes,45766052,Type II diabetes mellitus in remission,S
diabetes,37116960,Wolfram-like syndrome,S
diabetes,4322638,Wolfram syndrome,S
diabetes,37168689,Wolfram syndrome type 1,S
diabetes,37168690,Wolfram syndrome type 2,S
diabetes,37311329,Woodhouse Sakati syndrome,S
essential_hypertension,312648,Benign essential hypertension,S
essential_hypertension,4215640,Benign essential hypertension complicating AND/OR reason for care during childbirth,S
essential_hypertension,4034031,Benign essential hypertension complicating AND/OR reason for care during pregnancy,S
essential_hypertension,4148205,Benign essential hypertension complicating AND/OR reason for care during puerperium,S
essential_hypertension,4269358,Benign essential hypertension in obstetric context,S
essential_hypertension,320128,Essential hypertension,S
essential_hypertension,4083723,Essential hypertension complicating AND/OR reason for care during childbirth,S
essential_hypertension,4302591,Essential hypertension complicating AND/OR reason for care during pregnancy,S
essential_hypertension,4321603,Essential hypertension complicating AND/OR reason for care during puerperium,S
essential_hypertension,4217486,Essential hypertension in obstetric context,S
essential_hypertension,4058987,High-renin essential hypertension,S
essential_hypertension,4159755,Labile essential hypertension,S
essential_hypertension,4263067,Low-renin essential hypertension,S
essential_hypertension,317898,Malignant essential hypertension,S
essential_hypertension,45757787,Postpartum pre-existing essential hypertension,S
essential_hypertension,4180283,Systolic essential hypertension,S
hiv,37017285,Acquired hemolytic anemia co-occurrent with human immunodeficiency virus infection,S
hiv,45757102,Acquired immune deficiency syndrome complicating childbirth,S
hiv,4128060,Acquired immune deficiency syndrome-related nephropathy,S
hiv,4221489,Acquired immunodeficiency syndrome-associated disorder,S
hiv,37017266,Acute endocarditis co-occurrent with human immunodeficiency virus infection,S
hiv,4222405,Acute endocarditis with AIDS (acquired immunodeficiency syndrome),S
hiv,4008081,Acute HIV infection,S
hiv,37017282,Agranulocytosis co-occurrent with human immunodeficiency virus infection,S
hiv,4224553,Agranulocytosis with AIDS (acquired immunodeficiency syndrome),S
hiv,4267414,AIDS,S
hiv,37166798,AIDS (acquired immunodeficiency syndrome) wasting syndrome,S
hiv,37017132,Anemia co-occurrent with human immunodeficiency virus infection,S
hiv,37019055,Aplastic anemia co-occurrent with human immunodeficiency virus infection,S
hiv,4225810,Aplastic anemia with AIDS (acquired immunodeficiency syndrome),S
hiv,37017456,Aspergillosis co-occurrent with human immunodeficiency virus infection,S
hiv,42538959,Asymptomatic human immunodeficiency virus A1 infection,S
hiv,4241530,Asymptomatic human immunodeficiency virus infection,S
hiv,4239722,Asymptomatic human immunodeficiency virus infection in pregnancy,S
hiv,37019058,Bacterial pneumonia co-occurrent with human immunodeficiency virus infection,S
hiv,4223032,Bacterial pneumonia with AIDS (acquired immunodeficiency syndrome),S
hiv,4226790,Blindness with AIDS (acquired immunodeficiency syndrome),S
hiv,37017595,Burkitt lymphoma co-occurrent with human immunodeficiency virus infection,S
hiv,37017092,Candidiasis of esophagus co-occurrent with human immunodeficiency virus infection,S
hiv,4222062,Candidiasis of lung with AIDS (acquired immunodeficiency syndrome),S
hiv,37017254,Candidiasis of mouth co-occurrent with human immunodeficiency virus infection,S
hiv,4226792,Candidiasis of mouth with AIDS (acquired immunodeficiency syndrome),S
hiv,36714339,Candidiasis of upper respiratory tract co-occurrent with human immunodeficiency virus infection,S
hiv,37017276,Cardiomyopathy co-occurrent with human immunodeficiency virus infection,S
hiv,4226110,Central nervous disorder with AIDS (acquired immunodeficiency syndrome),S
hiv,4223276,Central nervous system demyelinating disease with AIDS (acquired immunodeficiency syndrome),S
hiv,44783780,Cholangitis with AIDS (acquired immunodeficiency syndrome),S
hiv,3654682,Chronic hepatitis C co-occurrent with human immunodeficiency virus infection,S
hiv,37017210,Chronic infection caused by herpes simplex virus co-occurrent with human immunodeficiency virus infection,S
hiv,4224740,Coccidioidomycosis with AIDS (acquired immunodeficiency syndrome),S
hiv,37017453,Coccidiosis co-occurrent with human immunodeficiency virus infection,S
hiv,4171124,Congenital acquired immune deficiency syndrome,S
hiv,4180254,Congenital human immunodeficiency virus infection,S
hiv,4171125,Congenital human immunodeficiency virus positive status syndrome,S
hiv,4222712,Cryptococcosis with AIDS (acquired immunodeficiency syndrome),S
hiv,37017549,Dementia co-occurrent with human immunodeficiency virus infection,S
hiv,4228133,Dementia with AIDS (acquired immunodeficiency syndrome),S
hiv,37017294,Demyelinating disease of central nervous system co-occurrent with human immunodeficiency virus infection,S
hiv,4227229,Dermatomycosis with AIDS (acquired immunodeficiency syndrome),S
hiv,37018935,Dermatophytosis co-occurrent with human immunodeficiency virus infection,S
hiv,37017442,Diffuse non-Hodgkin immunoblastic lymphoma co-occurrent with human immunodeficiency virus infection,S
hiv,37017319,Disorder of central nervous system co-occurrent with human immunodeficiency virus infection,S
hiv,37018711,Disorder of eye proper co-occurrent with human immunodeficiency virus infection,S
hiv,37017094,Disorder of gastrointestinal tract co-occurrent with human immunodeficiency virus infection,S
hiv,37017260,Disorder of kidney co-occurrent with human immunodeficiency virus infection,S
hiv,37017279,Disorder of peripheral nervous system co-occurrent with human immunodeficiency virus infection,S
hiv,37017244,Disorder of respiratory system co-occurrent with human immunodeficiency virus infection,S
hiv,37017125,Disorder of skin co-occurrent with human immunodeficiency virus infection,S
hiv,37017259,Disorder of spinal cord co-occurrent with human immunodeficiency virus infection,S
hiv,37017655,Disseminated atypical infection caused by Mycobacterium co-occurrent with human immunodeficiency virus infection,S
hiv,4227380,Disseminated candidiasis with AIDS (acquired immunodeficiency syndrome),S
hiv,37019052,Disseminated infection caused by Strongyloides co-occurrent with human immunodeficiency virus infection,S
hiv,4228754,Dyspnea with AIDS (acquired immunodeficiency syndrome),S
hiv,3654950,Encephalitis caused by human immunodeficiency virus type 1,S
hiv,4222250,Encephalitis with AIDS (acquired immunodeficiency syndrome),S
hiv,4228612,Encephalomyelitis with AIDS (acquired immunodeficiency syndrome),S
hiv,4228440,Encephalopathy with AIDS (acquired immunodeficiency syndrome),S
hiv,37017265,Enlargement of liver co-occurrent with human immunodeficiency virus infection,S
hiv,37017106,Eruption of skin co-occurrent with human immunodeficiency virus infection,S
hiv,37116831,Extrapulmonary tuberculosis co-occurrent with human immunodeficiency virus infection,S
hiv,4228272,Failure to thrive in infant with AIDS (acquired immunodeficiency syndrome),S
hiv,3200792,False positive serology for HIV,S
hiv,4221911,Fatigue with AIDS (acquired immunodeficiency syndrome),S
hiv,4276586,Finding of HIV status,S
hiv,37017586,Focal segmental glomerulosclerosis co-occurrent with human immunodeficiency virus infection,S
hiv,37017261,Gastrointestinal malabsorption syndrome co-occurrent with human immunodeficiency virus infection,S
hiv,37017093,Heart disease co-occurrent with human immunodeficiency virus infection,S
hiv,4222402,Hematopoietic system disease with AIDS (acquired immunodeficiency syndrome),S
hiv,37017209,Hemophagocytic syndrome with human immunodeficiency virus infection,S
hiv,4222224,Hepatomegaly with AIDS (acquired immunodeficiency syndrome),S
hiv,4227539,Herpes zoster with AIDS (acquired immunodeficiency syndrome),S
hiv,4225170,Histoplasmosis with AIDS (acquired immunodeficiency syndrome),S
hiv,4295638,HIV CDC stage finding,S
hiv,4013106,HIV detected,S
hiv,46284256,HIV (human immunodeficiency virus) disease resulting in haematological and immunological abnormalities,S
hiv,4314426,HIV infection with acute lymphadenitis,S
hiv,4201627,HIV infection with aseptic meningitis,S
hiv,4172009,HIV infection with infectious mononucleosis-like syndrome,S
hiv,36714516,Human immunodeficiency virus 2 antibody detected and Human immunodeficiency virus 1 antibody cross-reactivity,S
hiv,4276281,Human immunodeficiency virus antibody titer - finding,S
hiv,44783356,Human immunodeficiency virus carrier,S
hiv,604781,Human immunodeficiency virus Centers for Disease Control and Prevention dual infection with HIV-1 and HIV-2,S
hiv,604783,Human immunodeficiency virus Centers for Disease Control and Prevention stage 0,S
hiv,600510,Human immunodeficiency virus Centers for Disease Control and Prevention stage 1,S
hiv,600511,Human immunodeficiency virus Centers for Disease Control and Prevention stage 2,S
hiv,600512,Human immunodeficiency virus Centers for Disease Control and Prevention stage 3,S
hiv,600513,Human immunodeficiency virus Centers for Disease Control and Prevention stage unknown,S
hiv,604782,Human immunodeficiency virus Centers for Disease Control and Prevention undifferentiated type,S
hiv,36715476,Human immunodeficiency virus complicating pregnancy childbirth and the puerperium,S
hiv,4161950,Human immunodeficiency virus encephalitis,S
hiv,4262297,Human immunodeficiency virus encephalopathy,S
hiv,4340791,Human immunodeficiency virus enteropathy,S
hiv,4253472,Human immunodeficiency virus I infection,S
hiv,439727,Human immunodeficiency virus infection,S
hiv,4087603,Human immunodeficiency virus infection constitutional disease,S
hiv,36687122,Human immunodeficiency virus infection with cognitive impairment,S
hiv,4087604,Human immunodeficiency virus infection with neurological disease,S
hiv,4092686,Human immunodeficiency virus infection with secondary clinical infectious disease,S
hiv,45757132,Human immunodeficiency virus in mother complicating childbirth,S
hiv,4047624,Human immunodeficiency virus leukoencephalopathy,S
hiv,606047,Human immunodeficiency virus modified skin disease,S
hiv,4347288,Human immunodeficiency virus myopathy,S
hiv,42536591,Human immunodeficiency virus World Health Organization 2007 stage 1 co-occurrent with malaria,S
hiv,42536590,Human immunodeficiency virus World Health Organization 2007 stage 1 co-occurrent with tuberculosis,S
hiv,42536593,Human immunodeficiency virus World Health Organization 2007 stage 2 co-occurrent with malaria,S
hiv,42536592,Human immunodeficiency virus World Health Organization 2007 stage 2 co-occurrent with tuberculosis,S
hiv,42536594,Human immunodeficiency virus World Health Organization 2007 stage 3 co-occurrent with malaria,S
hiv,42539031,Human immunodeficiency virus World Health Organization 2007 stage 3 co-occurrent with tuberculosis,S
hiv,42536596,Human immunodeficiency virus World Health Organization 2007 stage 4 co-occurrent with malaria,S
hiv,42536595,Human immunodeficiency virus World Health Organization 2007 stage 4 co-occurrent with tuberculosis,S
hiv,4228760,Hyperhidrosis with AIDS (acquired immunodeficiency syndrome),S
hiv,37018063,Immune reconstitution inflammatory syndrome caused by human immunodeficiency virus infection,S
hiv,36674252,Infection caused by Coccidia co-occurrent with acquired immunodeficiency syndrome,S
hiv,37017550,Infection caused by Cryptosporidium co-occurrent with human immunodeficiency virus infection,S
hiv,37017446,Infection caused by Cytomegalovirus co-occurrent with human immunodeficiency virus infection,S
hiv,37017454,Infection caused by herpes simplex virus co-occurrent with human immunodeficiency virus infection,S
hiv,37017457,Infection caused by herpes zoster virus co-occurrent with human immunodeficiency virus infection,S
hiv,36674254,Infection caused by Isospora co-occurrent with acquired immunodeficiency syndrome,S
hiv,37017295,Infection caused by Nocardia co-occurrent with human immunodeficiency virus infection,S
hiv,37017248,Infection caused by Pneumocystis co-occurrent with human immunodeficiency virus infection,S
hiv,37019042,Infection caused by Salmonella co-occurrent with human immunodeficiency virus infection,S
hiv,37017124,Infection caused by Strongyloides co-occurrent with human immunodeficiency virus infection,S
hiv,36674253,Infection caused by Toxoplasma gondii co-occurrent with acquired immunodeficiency syndrome,S
hiv,40493262,Infectious disease with acquired immune deficiency syndrome,S
hiv,37017318,Infectious gastroenteritis co-occurrent with human immunodeficiency virus infection,S
hiv,4225989,Infectious gastroenteritis with AIDS (acquired immunodeficiency syndrome),S
hiv,37162220,Infectious mononucleosis caused by human immunodeficiency virus,S
hiv,37162221,Infectious mononucleosis caused by human immunodeficiency virus type I,S
hiv,37017284,Infective arthritis co-occurrent with human immunodeficiency virus infection,S
hiv,4228290,Infective arthritis with AIDS (acquired immunodeficiency syndrome),S
hiv,4222383,Intestinal malabsorption with AIDS (acquired immunodeficiency syndrome),S
hiv,37116830,Invasive carcinoma of uterine cervix co-occurrent with human immunodeficiency virus infection,S
hiv,37017296,Isosporiasis co-occurrent with human immunodeficiency virus infection,S
hiv,4224096,Kaposi's sarcoma with AIDS (acquired immunodeficiency syndrome),S
hiv,4228757,Low vision with AIDS (acquired immunodeficiency syndrome),S
hiv,37017263,Lymphadenopathy co-occurrent with human immunodeficiency virus infection,S
hiv,4225027,Malaise with AIDS (acquired immunodeficiency syndrome),S
hiv,4226357,Malignant neoplasm with AIDS (acquired immunodeficiency syndrome),S
hiv,37017320,Malignant neoplastic disease co-occurrent with human immunodeficiency virus infection,S
hiv,4225193,Microsporidiosis associated with acquired immunodeficiency syndrome,S
hiv,37017580,Microsporidiosis co-occurrent with human immunodeficiency virus infection,S
hiv,37017652,Multidermatomal infection caused by Herpes zoster co-occurrent with human immunodeficiency virus infection,S
hiv,4221607,Mycobacteriosis with AIDS (acquired immunodeficiency syndrome),S
hiv,37017126,Myelitis co-occurrent with human immunodeficiency virus infection,S
hiv,4227974,Myelitis with AIDS (acquired immunodeficiency syndrome),S
hiv,4224078,Myelopathy with AIDS (acquired immunodeficiency syndrome),S
hiv,37017108,Myocarditis co-occurrent with human immunodeficiency virus infection,S
hiv,4227053,Myocarditis with AIDS (acquired immunodeficiency syndrome),S
hiv,37017424,Nephrotic syndrome co-occurrent with human immunodeficiency virus infection,S
hiv,37019034,Neuralgia co-occurrent with human immunodeficiency virus infection,S
hiv,4228745,Neuralgia with AIDS (acquired immunodeficiency syndrome),S
hiv,37017262,Neuritis co-occurrent with human immunodeficiency virus infection,S
hiv,4227519,Neuritis with AIDS (acquired immunodeficiency syndrome),S
hiv,4048033,Neuropathy due to human immunodeficiency virus,S
hiv,4211956,Neutropenia with AIDS (acquired immunodeficiency syndrome),S
hiv,4224578,Nocardiosis with AIDS (acquired immunodeficiency syndrome),S
hiv,4223738,Noninfectious gastroenteritis with AIDS (acquired immunodeficiency syndrome),S
hiv,4227077,Nutritional deficiency with AIDS (acquired immunodeficiency syndrome),S
hiv,37017579,Opportunistic mycosis co-occurrent with human immunodeficiency virus infection,S
hiv,37017249,Organic brain syndrome co-occurrent with human immunodeficiency virus infection,S
hiv,4227205,Organic brain syndrome with AIDS (acquired immunodeficiency syndrome),S
hiv,4224860,Organic dementia with AIDS (acquired immunodeficiency syndrome),S
hiv,36716524,Parkinsonism due to human immunodeficiency virus infection,S
hiv,4236860,Pediatric human immunodeficiency virus infection,S
hiv,4320032,Persistent generalized lymphadenopathy,S
hiv,4221503,Pneumococcal pneumonia with AIDS (acquired immunodeficiency syndrome),S
hiv,4226502,Pneumocystosis with AIDS (acquired immunodeficiency syndrome),S
hiv,4228277,Pneumonia with AIDS (acquired immunodeficiency syndrome),S
hiv,37018721,Polyneuropathy co-occurrent with human immunodeficiency virus infection,S
hiv,4226662,Polyneuropathy with AIDS (acquired immunodeficiency syndrome),S
hiv,37017247,Presenile dementia co-occurrent with human immunodeficiency virus infection,S
hiv,4224240,Presenile dementia with AIDS (acquired immunodeficiency syndrome),S
hiv,37017112,Primary cerebral lymphoma co-occurrent with human immunodeficiency virus infection,S
hiv,606040,Primary human immunodeficiency virus infection,S
hiv,4227969,Primary lymphoma of brain with AIDS (acquired immunodeficiency syndrome),S
hiv,1340516,Progression of Human immunodeficiency virus infection,S
hiv,37017246,Progressive multifocal leukoencephalopathy co-occurrent with human immunodeficiency virus infection,S
hiv,4226631,Progressive multifocal leukoencephalopathy with AIDS (acquired immunodeficiency syndrome),S
hiv,37017455,Pyrexia of unknown origin co-occurrent with human immunodeficiency virus infection,S
hiv,37018714,Radiculitis co-occurrent with human immunodeficiency virus infection,S
hiv,4227072,Radiculitis with AIDS (acquired immunodeficiency syndrome),S
hiv,37017467,Reactive for both human immunodeficiency virus antibodies and p24 antigen,S
hiv,37017278,Recurrent bacterial pneumonia co-occurrent with human immunodeficiency virus infection,S
hiv,37018755,Recurrent salmonella sepsis co-occurrent with human immunodeficiency virus infection,S
hiv,37017425,Renal failure syndrome co-occurrent with human immunodeficiency virus infection,S
hiv,4225643,Respiratory disorder with AIDS (acquired immunodeficiency syndrome),S
hiv,37017243,Reticulosarcoma co-occurrent with human immunodeficiency virus infection,S
hiv,4226388,Reticulosarcoma with AIDS (acquired immunodeficiency syndrome),S
hiv,4223918,Retinal vascular changes with AIDS (acquired immunodeficiency syndrome),S
hiv,4228115,Retinopathy with AIDS (acquired immunodeficiency syndrome),S
hiv,4226629,Salivary gland disease with AIDS (acquired immunodeficiency syndrome),S
hiv,4225017,Salmonella infection with AIDS (acquired immunodeficiency syndrome),S
hiv,44784137,Sepsis with acquired immunodeficiency syndrome,S
hiv,4224566,Skin disorder with AIDS (acquired immunodeficiency syndrome),S
hiv,4220603,Skin rash with AIDS (acquired immunodeficiency syndrome),S
hiv,37017082,Splenomegaly co-occurrent with human immunodeficiency virus infection,S
hiv,4223597,Strongyloidiasis with AIDS (acquired immunodeficiency syndrome),S
hiv,37017071,Subacute adenoviral encephalitis co-occurrent with human immunodeficiency virus infection,S
hiv,4222717,Subacute adenoviral encephalitis with AIDS (acquired immunodeficiency syndrome),S
hiv,4227350,Subacute endocarditis with AIDS (acquired immunodeficiency syndrome),S
hiv,4224425,Subacute myocarditis with AIDS (acquired immunodeficiency syndrome),S
hiv,45769864,Symptomatic human immunodeficiency virus (HIV) I infection,S
hiv,43531586,Symptomatic human immunodeficiency virus infection,S
hiv,4226905,Thrombocytopenia with AIDS (acquired immunodeficiency syndrome),S
hiv,4226658,Tuberculosis with AIDS (acquired immunodeficiency syndrome),S
hiv,4045982,Vacuolar myelopathy,S
hiv,4225318,Viral pneumonia with AIDS (acquired immunodeficiency syndrome),S
hiv,37017283,Visual impairment co-occurrent with human immunodeficiency virus infection,S
hiv,604976,World Health Organization human immunodeficiency virus infection clinical stage,S
influenza_vaccine,1361667,0.5 ML influenza A virus A/Brisbane/02/2018 (H1N1) antigen 0.03 MG/ML / influenza A virus A/Kansas/14/2017 (H3N2) antigen 0.03 MG/ML / influenza B virus B/Maryland/15/2016 antigen 0.03 MG/ML Prefilled Syringe,S
influenza_vaccine,1361668,0.5 ML influenza A virus A/Brisbane/02/2018 (H1N1) antigen 0.03 MG/ML / influenza A virus A/Kansas/14/2017 (H3N2) antigen 0.03 MG/ML / influenza B virus B/Maryland/15/2016 antigen 0.03 MG/ML Prefilled Syringe [Fluad 2019-2020],S
influenza_vaccine,1361663,0.5 ML influenza A virus A/Brisbane/02/2018 (H1N1) antigen 0.09 MG/ML / influenza A virus A/Kansas/14/2017 (H3N2) antigen 0.09 MG/ML / influenza B virus B/Maryland/15/2016 antigen 0.09 MG/ML / influenza B virus B/Phuket/3073/2013 antigen 0.09 MG/ML Pre...,S
influenza_vaccine,1361664,0.5 ML influenza A virus A/Brisbane/02/2018 (H1N1) antigen 0.09 MG/ML / influenza A virus A/Kansas/14/2017 (H3N2) antigen 0.09 MG/ML / influenza B virus B/Maryland/15/2016 antigen 0.09 MG/ML / influenza B virus B/Phuket/3073/2013 antigen 0.09 MG/ML Pre...,S
influenza_vaccine,35606414,0.5 ML influenza A virus A/California/7/2009 (H1N1) antigen 0.015 MG/ML / influenza A virus A/Switzerland/9715293/2013 (H3N2) antigen 0.015 MG/ML / influenza B virus B/Brisbane/9/2014 antigen 0.015 MG/ML Prefilled Syringe,S
influenza_vaccine,35606416,0.5 ML influenza A virus A/California/7/2009 (H1N1) antigen 0.015 MG/ML / influenza A virus A/Switzerland/9715293/2013 (H3N2) antigen 0.015 MG/ML / influenza B virus B/Brisbane/9/2014 antigen 0.015 MG/ML Prefilled Syringe [FLUAD 2015-2016],S
influenza_vaccine,36249259,0.5 ML influenza A virus A/California/7/2009 (H1N1) antigen 0.03 MG/ML / influenza A virus A/Hong Kong/4801/2014 (H3N2) antigen 0.03 MG/ML / influenza B virus B/Brisbane/60/2008 antigen 0.03 MG/ML Prefilled Syringe,S
influenza_vaccine,36249411,0.5 ML influenza A virus A/California/7/2009 (H1N1) antigen 0.03 MG/ML / influenza A virus A/Hong Kong/4801/2014 (H3N2) antigen 0.03 MG/ML / influenza B virus B/Brisbane/60/2008 antigen 0.03 MG/ML Prefilled Syringe [Fluad 2016-2017],S
influenza_vaccine,40220827,0.5 ML influenza A virus A/California/7/2009 (H1N1) antigen 0.09 MG/ML / influenza A virus A/Hong Kong/4801/2014 (H3N2) antigen 0.09 MG/ML / influenza B virus B/Brisbane/60/2008 antigen 0.09 MG/ML Injection,S
influenza_vaccine,40220832,0.5 ML influenza A virus A/California/7/2009 (H1N1) antigen 0.09 MG/ML / influenza A virus A/Hong Kong/4801/2014 (H3N2) antigen 0.09 MG/ML / influenza B virus B/Brisbane/60/2008 antigen 0.09 MG/ML Injection [Flublok 2016-2017],S
influenza_vaccine,46276014,0.5 ML influenza A virus A/California/7/2009 (H1N1) antigen 0.09 MG/ML / influenza A virus A/Switzerland/9715293/2013 (H3N2) antigen 0.09 MG/ML / influenza B virus B/Phuket/3073/2013 antigen 0.09 MG/ML Injection,S
influenza_vaccine,46276018,0.5 ML influenza A virus A/California/7/2009 (H1N1) antigen 0.09 MG/ML / influenza A virus A/Switzerland/9715293/2013 (H3N2) antigen 0.09 MG/ML / influenza B virus B/Phuket/3073/2013 antigen 0.09 MG/ML Injection [Flublok 2015-2016],S
influenza_vaccine,747766,0.5 ML influenza A virus A/Darwin/6/2021 (H3N2) antigen 0.09 MG/ML / influenza A virus A/West Virginia/30/2022 (H1N1) antigen 0.09 MG/ML / influenza B virus B/Austria/1359417/2021 antigen 0.09 MG/ML / influenza B virus B/Phuket/3073/2013 antigen 0.09 M...,S
influenza_vaccine,747765,0.5 ML influenza A virus A/Darwin/6/2021 (H3N2) antigen 0.09 MG/ML / influenza A virus A/West Virginia/30/2022 (H1N1) antigen 0.09 MG/ML / influenza B virus B/Austria/1359417/2021 antigen 0.09 MG/ML / influenza B virus B/Phuket/3073/2013 antigen 0.09 M...,S
influenza_vaccine,780304,0.5 ML influenza A virus A/Darwin/6/2021 (H3N2) antigen 0.09 MG/ML / influenza A virus A/Wisconsin/588/2019 (H1N1) antigen 0.09 MG/ML / influenza B virus B/Austria/1359417/2021 antigen 0.09 MG/ML / influenza B virus B/Phuket/3073/2013 antigen 0.09 MG/M...,S
influenza_vaccine,780305,0.5 ML influenza A virus A/Darwin/6/2021 (H3N2) antigen 0.09 MG/ML / influenza A virus A/Wisconsin/588/2019 (H1N1) antigen 0.09 MG/ML / influenza B virus B/Austria/1359417/2021 antigen 0.09 MG/ML / influenza B virus B/Phuket/3073/2013 antigen 0.09 MG/M...,S
influenza_vaccine,1146798,0.5 ML influenza A virus A/Hawaii/70/2019 (H1N1) antigen 0.09 MG/ML / influenza A virus A/Minnesota/41/2019 (H3N2) antigen 0.09 MG/ML / influenza B virus B/Phuket/3073/2013 antigen 0.09 MG/ML / influenza B virus B/Washington/02/2019 antigen 0.09 MG/ML...,S
influenza_vaccine,1146799,0.5 ML influenza A virus A/Hawaii/70/2019 (H1N1) antigen 0.09 MG/ML / influenza A virus A/Minnesota/41/2019 (H3N2) antigen 0.09 MG/ML / influenza B virus B/Phuket/3073/2013 antigen 0.09 MG/ML / influenza B virus B/Washington/02/2019 antigen 0.09 MG/ML...,S
influenza_vaccine,1146800,0.5 ML influenza A virus A/Hong Kong/2671/2019 (H3N2) antigen 0.03 MG/ML / influenza A virus A/Victoria/2454/2019 (H1N1) antigen 0.03 MG/ML / influenza B virus B/Victoria/705/2018 antigen 0.03 MG/ML Prefilled Syringe,S
influenza_vaccine,1146801,0.5 ML influenza A virus A/Hong Kong/2671/2019 (H3N2) antigen 0.03 MG/ML / influenza A virus A/Victoria/2454/2019 (H1N1) antigen 0.03 MG/ML / influenza B virus B/Victoria/705/2018 antigen 0.03 MG/ML Prefilled Syringe [Fluad 2020-2021],S
influenza_vaccine,1593896,0.5 ML influenza A virus A/Hong Kong/4801/2014 (H3N2) antigen 0.03 MG/ML / influenza A virus A/Singapore/GP1908/2015 (H1N1) antigen 0.03 MG/ML / influenza B virus B/Brisbane/60/2008 antigen 0.03 MG/ML Prefilled Syringe,S
influenza_vaccine,1593901,0.5 ML influenza A virus A/Hong Kong/4801/2014 (H3N2) antigen 0.03 MG/ML / influenza A virus A/Singapore/GP1908/2015 (H1N1) antigen 0.03 MG/ML / influenza B virus B/Brisbane/60/2008 antigen 0.03 MG/ML Prefilled Syringe [Fluad 2017-2018],S
influenza_vaccine,1593520,0.5 ML influenza A virus A/Hong Kong/4801/2014 (H3N2) antigen 0.09 MG/ML / influenza A virus A/Michigan/45/2015 (H1N1) antigen 0.09 MG/ML / influenza B virus B/Brisbane/60/2008 antigen 0.09 MG/ML / influenza B virus B/Phuket/3073/2013 antigen 0.09 MG/M...,S
influenza_vaccine,1593522,0.5 ML influenza A virus A/Hong Kong/4801/2014 (H3N2) antigen 0.09 MG/ML / influenza A virus A/Michigan/45/2015 (H1N1) antigen 0.09 MG/ML / influenza B virus B/Brisbane/60/2008 antigen 0.09 MG/ML / influenza B virus B/Phuket/3073/2013 antigen 0.09 MG/M...,S
influenza_vaccine,1593537,0.5 ML influenza A virus A/Hong Kong/4801/2014 (H3N2) antigen 0.09 MG/ML / influenza A virus A/Michigan/45/2015 (H1N1) antigen 0.09 MG/ML / influenza B virus B/Brisbane/60/2008 antigen 0.09 MG/ML Injection,S
influenza_vaccine,1593876,0.5 ML influenza A virus A/Hong Kong/4801/2014 (H3N2) antigen 0.09 MG/ML / influenza A virus A/Michigan/45/2015 (H1N1) antigen 0.09 MG/ML / influenza B virus B/Brisbane/60/2008 antigen 0.09 MG/ML Injection [Flublok 2017-2018],S
influenza_vaccine,35201910,0.5 ML influenza A virus A/Michigan/45/2015 (H1N1) antigen 0.09 MG/ML / influenza A virus A/Singapore/INFIMH-16-0019/2016 (H3N2) antigen 0.09 MG/ML / influenza B virus B/Maryland/15/2016 antigen 0.09 MG/ML / influenza B virus B/Phuket/3073/2013 antigen...,S
influenza_vaccine,35201911,0.5 ML influenza A virus A/Michigan/45/2015 (H1N1) antigen 0.09 MG/ML / influenza A virus A/Singapore/INFIMH-16-0019/2016 (H3N2) antigen 0.09 MG/ML / influenza B virus B/Maryland/15/2016 antigen 0.09 MG/ML / influenza B virus B/Phuket/3073/2013 antigen...,S
influenza_vaccine,35201914,0.5 ML influenza A virus A/Singapore/GP1908/2015 (H1N1) antigen 0.03 MG/ML / influenza A virus A/Singapore/INFIMH-16-0019/2016 (H3N2) antigen 0.03 MG/ML / influenza B virus B/Maryland/15/2016 antigen 0.03 MG/ML Prefilled Syringe,S
influenza_vaccine,35201915,0.5 ML influenza A virus A/Singapore/GP1908/2015 (H1N1) antigen 0.03 MG/ML / influenza A virus A/Singapore/INFIMH-16-0019/2016 (H3N2) antigen 0.03 MG/ML / influenza B virus B/Maryland/15/2016 antigen 0.03 MG/ML Prefilled Syringe [Fluad 2018-2019],S
influenza_vaccine,1537647,0.5 ML influenza A virus A/Tasmania/503/2020 (H3N2) antigen 0.09 MG/ML / influenza A virus A/Wisconsin/588/2019 (H1N1) antigen 0.09 MG/ML / influenza B virus B/Phuket/3073/2013 antigen 0.09 MG/ML / influenza B virus B/Washington/02/2019 antigen 0.09 MG...,S
influenza_vaccine,1537643,0.5 ML influenza A virus A/Tasmania/503/2020 (H3N2) antigen 0.09 MG/ML / influenza A virus A/Wisconsin/588/2019 (H1N1) antigen 0.09 MG/ML / influenza B virus B/Phuket/3073/2013 antigen 0.09 MG/ML / influenza B virus B/Washington/02/2019 antigen 0.09 MG...,S
influenza_vaccine,43810065,"0.5 ML influenza A virus (H1N1) antigen 0.03 MG/ML / Influenza A virus vaccine, A-California-7-2009 (H1N1)-like virus 0.03 MG/ML / influenza B virus antigen 0.03 MG/ML Injectable Suspension [Afluria]",S
influenza_vaccine,43828149,"0.5 ML influenza A virus (H1N1) antigen 0.03 MG/ML / Influenza A virus vaccine, A-California-7-2009 (H1N1)-like virus 0.03 MG/ML / influenza B virus antigen 0.03 MG/ML Injectable Suspension [Afluria] by bioCSL",S
influenza_vaccine,43594165,0.5 ML influenza A virus (H1N1) antigen 0.03 MG/ML Injectable Suspension [Afluria],S
influenza_vaccine,43720036,0.5 ML influenza A virus (H1N1) antigen 0.03 MG/ML Injectable Suspension [Afluria] Box of 10,S
influenza_vaccine,43864462,0.5 ML influenza A virus (H1N1) antigen 0.03 MG/ML Injectable Suspension [Afluria] Box of 10 by bioCSL,S
influenza_vaccine,43612139,0.5 ML influenza A virus (H1N1) antigen 0.03 MG/ML Injectable Suspension [Afluria] by bioCSL,S
influenza_vaccine,43612132,"0.5 ML Influenza A virus vaccine, A-California-7-2009 (H1N1)-like virus 0.03 MG/ML Injectable Suspension [Afluria]",S
influenza_vaccine,43702292,"0.5 ML Influenza A virus vaccine, A-California-7-2009 (H1N1)-like virus 0.03 MG/ML Injectable Suspension [Afluria] Box of 10",S
influenza_vaccine,43702293,"0.5 ML Influenza A virus vaccine, A-California-7-2009 (H1N1)-like virus 0.03 MG/ML Injectable Suspension [Afluria] Box of 10 by bioCSL",S
influenza_vaccine,43791911,"0.5 ML Influenza A virus vaccine, A-California-7-2009 (H1N1)-like virus 0.03 MG/ML Injectable Suspension [Afluria] by bioCSL",S
influenza_vaccine,43612144,0.5 ML influenza B virus antigen 0.03 MG/ML Injectable Suspension [Afluria],S
influenza_vaccine,43702304,0.5 ML influenza B virus antigen 0.03 MG/ML Injectable Suspension [Afluria] Box of 10,S
influenza_vaccine,43594169,0.5 ML influenza B virus antigen 0.03 MG/ML Injectable Suspension [Afluria] Box of 10 by bioCSL,S
influenza_vaccine,43738160,0.5 ML influenza B virus antigen 0.03 MG/ML Injectable Suspension [Afluria] by bioCSL,S
influenza_vaccine,43259431,"0.5 ML Influenza B virus vaccine, B-Brisbane-60-2008-like virus 0.015 MG/ML / Influenza Virus Vaccine, Inactivated A-California-07-2009 X-181 (H1N1) strain 0.015 MG/ML / ... Injection [Fluvirin]",S
influenza_vaccine,43270331,"0.5 ML Influenza B virus vaccine, B-Brisbane-60-2008-like virus 0.015 MG/ML / Influenza Virus Vaccine, Inactivated A-California-07-2009 X-181 (H1N1) strain 0.015 MG/ML / ... Injection [Fluvirin] Box of 1",S
influenza_vaccine,43297451,"0.5 ML Influenza B virus vaccine, B-Brisbane-60-2008-like virus 0.015 MG/ML / Influenza Virus Vaccine, Inactivated A-California-07-2009 X-181 (H1N1) strain 0.015 MG/ML / ... Injection [Fluvirin] Box of 10",S
influenza_vaccine,40225027,"influenza A-California-7-2009-(H1N1)v-like virus vaccine 0.03 MG/ML / influenza B virus vaccine B/Brisbane/60/2008 antigen 0.03 MG/ML / influenza virus vaccine, inactivated A-Victoria-210-2009 X-187 (H3N2) (A-Perth-16-2009) strain 0.03 MG/ML Injectable...",S
influenza_vaccine,40240930,"influenza A-California-7-2009-(H1N1)v-like virus vaccine 0.03 MG/ML / influenza B virus vaccine B/Brisbane/60/2008 antigen 0.03 MG/ML / influenza virus vaccine, inactivated A-Victoria-210-2009 X-187 (H3N2) (A-Perth-16-2009) strain 0.03 MG/ML Injectable...",S
influenza_vaccine,40240929,"influenza A-California-7-2009-(H1N1)v-like virus vaccine 0.03 MG/ML / influenza B virus vaccine B/Brisbane/60/2008 antigen 0.03 MG/ML / influenza virus vaccine, inactivated A-Victoria-210-2009 X-187 (H3N2) (A-Perth-16-2009) strain 0.03 MG/ML Injectable...",S
influenza_vaccine,40240134,"influenza A-California-7-2009-(H1N1)v-like virus vaccine 0.03 MG/ML / influenza B virus vaccine B/Brisbane/60/2008 antigen 0.03 MG/ML / influenza virus vaccine, inactivated A-Victoria-210-2009 X-187 (H3N2) (A-Perth-16-2009) strain 0.03 MG/ML Injectable...",S
influenza_vaccine,40225026,"influenza A-California-7-2009-(H1N1)v-like virus vaccine 0.03 MG/ML / influenza B virus vaccine B/Brisbane/60/2008 antigen 0.03 MG/ML / influenza virus vaccine, inactivated A-Victoria-210-2009 X-187 (H3N2) (A-Perth-16-2009) strain 0.03 MG/ML Injectable...",S
influenza_vaccine,40225007,"influenza A-California-7-2009-(H1N1)v-like virus vaccine 0.03 MG/ML / influenza B virus vaccine B/Brisbane/60/2008 antigen 0.03 MG/ML / influenza virus vaccine, inactivated A-Victoria-210-2009 X-187 (H3N2) (A-Perth-16-2009) strain 0.03 MG/ML Injectable...",S
influenza_vaccine,40240925,"influenza A-California-7-2009-(H1N1)v-like virus vaccine / influenza B virus vaccine B/Brisbane/60/2008 antigen / influenza virus vaccine, inactivated A-Victoria-210-2009 X-187 (H3N2) (A-Perth-16-2009) strain Injectable Suspension",S
influenza_vaccine,40225015,"influenza A-California-7-2009-(H1N1)v-like virus vaccine / influenza B virus vaccine B/Brisbane/60/2008 antigen / influenza virus vaccine, inactivated A-Victoria-210-2009 X-187 (H3N2) (A-Perth-16-2009) strain Injectable Suspension [Afluria 2010-2011 Fo...",S
influenza_vaccine,40225014,"influenza A-California-7-2009-(H1N1)v-like virus vaccine / influenza B virus vaccine B/Brisbane/60/2008 antigen / influenza virus vaccine, inactivated A-Victoria-210-2009 X-187 (H3N2) (A-Perth-16-2009) strain Injectable Suspension [Fluvirin 2010-2011 F...",S
influenza_vaccine,40240926,"influenza A-California-7-2009-(H1N1)v-like virus vaccine / influenza B virus vaccine B/Brisbane/60/2008 antigen / influenza virus vaccine, inactivated A-Victoria-210-2009 X-187 (H3N2) (A-Perth-16-2009) strain Injectable Suspension [Fluvirin 2011-2012 F...",S
influenza_vaccine,40224999,"influenza A-California-7-2009-(H1N1)v-like virus vaccine / influenza B virus vaccine B/Brisbane/60/2008 antigen / influenza virus vaccine, inactivated A-Victoria-210-2009 X-187 (H3N2) (A-Perth-16-2009) strain Injectable Suspension [Fluzone 2010-2011 Fo...",S
influenza_vaccine,40240131,"influenza A-California-7-2009-(H1N1)v-like virus vaccine / influenza B virus vaccine B/Brisbane/60/2008 antigen / influenza virus vaccine, inactivated A-Victoria-210-2009 X-187 (H3N2) (A-Perth-16-2009) strain Injectable Suspension [Fluzone 2011-2012 Fo...",S
influenza_vaccine,1361279,influenza A virus A/Brisbane/02/2018 (H1N1) antigen 0.03 MG/ML / influenza A virus A/Kansas/14/2017 (H3N2) antigen 0.03 MG/ML / influenza B virus B/Maryland/15/2016 antigen 0.03 MG/ML Prefilled Syringe,S
influenza_vaccine,1361280,influenza A virus A/Brisbane/02/2018 (H1N1) antigen 0.03 MG/ML / influenza A virus A/Kansas/14/2017 (H3N2) antigen 0.03 MG/ML / influenza B virus B/Maryland/15/2016 antigen 0.03 MG/ML Prefilled Syringe [Fluad 2019-2020],S
influenza_vaccine,1361154,influenza A virus A/Brisbane/02/2018 (H1N1) antigen 0.09 MG/ML / influenza A virus A/Kansas/14/2017 (H3N2) antigen 0.09 MG/ML / influenza B virus B/Maryland/15/2016 antigen 0.09 MG/ML / influenza B virus B/Phuket/3073/2013 antigen 0.09 MG/ML Prefilled...,S
influenza_vaccine,1361155,influenza A virus A/Brisbane/02/2018 (H1N1) antigen 0.09 MG/ML / influenza A virus A/Kansas/14/2017 (H3N2) antigen 0.09 MG/ML / influenza B virus B/Maryland/15/2016 antigen 0.09 MG/ML / influenza B virus B/Phuket/3073/2013 antigen 0.09 MG/ML Prefilled...,S
influenza_vaccine,35606417,influenza A virus A/California/7/2009 (H1N1) antigen 0.015 MG/ML / influenza A virus A/Switzerland/9715293/2013 (H3N2) antigen 0.015 MG/ML / influenza B virus B/Brisbane/9/2014 antigen 0.015 MG/ML Prefilled Syringe,S
influenza_vaccine,35606418,influenza A virus A/California/7/2009 (H1N1) antigen 0.015 MG/ML / influenza A virus A/Switzerland/9715293/2013 (H3N2) antigen 0.015 MG/ML / influenza B virus B/Brisbane/9/2014 antigen 0.015 MG/ML Prefilled Syringe [FLUAD 2015-2016],S
influenza_vaccine,36249270,influenza A virus A/California/7/2009 (H1N1) antigen 0.03 MG/ML / influenza A virus A/Hong Kong/4801/2014 (H3N2) antigen 0.03 MG/ML / influenza B virus B/Brisbane/60/2008 antigen 0.03 MG/ML Injectable Suspension,S
influenza_vaccine,36249272,influenza A virus A/California/7/2009 (H1N1) antigen 0.03 MG/ML / influenza A virus A/Hong Kong/4801/2014 (H3N2) antigen 0.03 MG/ML / influenza B virus B/Brisbane/60/2008 antigen 0.03 MG/ML Injectable Suspension [Afluria 2016-2017],S
influenza_vaccine,36249265,influenza A virus A/California/7/2009 (H1N1) antigen 0.03 MG/ML / influenza A virus A/Hong Kong/4801/2014 (H3N2) antigen 0.03 MG/ML / influenza B virus B/Brisbane/60/2008 antigen 0.03 MG/ML Prefilled Syringe,S
influenza_vaccine,36249412,influenza A virus A/California/7/2009 (H1N1) antigen 0.03 MG/ML / influenza A virus A/Hong Kong/4801/2014 (H3N2) antigen 0.03 MG/ML / influenza B virus B/Brisbane/60/2008 antigen 0.03 MG/ML Prefilled Syringe [Fluad 2016-2017],S
influenza_vaccine,46276313,influenza A virus A/California/7/2009 (H1N1) antigen 0.03 MG/ML / influenza A virus A/South Australia/55/2014 (H3N2) antigen 0.03 MG/ML / influenza B virus B/Phuket/3073/2013 antigen 0.03 MG/ML Injectable Suspension,S
influenza_vaccine,46276315,influenza A virus A/California/7/2009 (H1N1) antigen 0.03 MG/ML / influenza A virus A/South Australia/55/2014 (H3N2) antigen 0.03 MG/ML / influenza B virus B/Phuket/3073/2013 antigen 0.03 MG/ML Injectable Suspension [Afluria 2015-2016],S
influenza_vaccine,46275381,influenza A virus A/California/7/2009 (H1N1) antigen 0.03 MG/ML / influenza A virus A/Switzerland/9715293/2013 (H3N2) antigen 0.03 MG/ML / influenza B virus B/Phuket/3073/2013 antigen 0.03 MG/ML Injectable Suspension,S
influenza_vaccine,46275385,influenza A virus A/California/7/2009 (H1N1) antigen 0.03 MG/ML / influenza A virus A/Switzerland/9715293/2013 (H3N2) antigen 0.03 MG/ML / influenza B virus B/Phuket/3073/2013 antigen 0.03 MG/ML Injectable Suspension [Fluzone 2015-2016],S
influenza_vaccine,40220833,influenza A virus A/California/7/2009 (H1N1) antigen 0.09 MG/ML / influenza A virus A/Hong Kong/4801/2014 (H3N2) antigen 0.09 MG/ML / influenza B virus B/Brisbane/60/2008 antigen 0.09 MG/ML Injection,S
influenza_vaccine,40220834,influenza A virus A/California/7/2009 (H1N1) antigen 0.09 MG/ML / influenza A virus A/Hong Kong/4801/2014 (H3N2) antigen 0.09 MG/ML / influenza B virus B/Brisbane/60/2008 antigen 0.09 MG/ML Injection [Flublok 2016-2017],S
influenza_vaccine,46276019,influenza A virus A/California/7/2009 (H1N1) antigen 0.09 MG/ML / influenza A virus A/Switzerland/9715293/2013 (H3N2) antigen 0.09 MG/ML / influenza B virus B/Phuket/3073/2013 antigen 0.09 MG/ML Injection,S
influenza_vaccine,46276020,influenza A virus A/California/7/2009 (H1N1) antigen 0.09 MG/ML / influenza A virus A/Switzerland/9715293/2013 (H3N2) antigen 0.09 MG/ML / influenza B virus B/Phuket/3073/2013 antigen 0.09 MG/ML Injection [Flublok 2015-2016],S
influenza_vaccine,36249426,influenza A virus A/Christchurch/16/2010 (H1N1) antigen 0.03 MG/ML / influenza A virus A/Hong Kong/4801/2014 (H3N2) antigen 0.03 MG/ML / influenza B virus B/Brisbane/60/2008 antigen 0.03 MG/ML Injectable Suspension,S
influenza_vaccine,36249431,influenza A virus A/Christchurch/16/2010 (H1N1) antigen 0.03 MG/ML / influenza A virus A/Hong Kong/4801/2014 (H3N2) antigen 0.03 MG/ML / influenza B virus B/Brisbane/60/2008 antigen 0.03 MG/ML Injectable Suspension [Fluvirin 2016-2017],S
influenza_vaccine,46276178,influenza A virus A/Christchurch/16/2010 (H1N1) antigen 0.03 MG/ML / influenza A virus A/Switzerland/9715293/2013 (H3N2) antigen 0.03 MG/ML / influenza B virus B/Phuket/3073/2013 antigen 0.03 MG/ML Injectable Suspension,S
influenza_vaccine,46276182,influenza A virus A/Christchurch/16/2010 (H1N1) antigen 0.03 MG/ML / influenza A virus A/Switzerland/9715293/2013 (H3N2) antigen 0.03 MG/ML / influenza B virus B/Phuket/3073/2013 antigen 0.03 MG/ML Injectable Suspension [Fluvirin 2015-2016],S
influenza_vaccine,746137,influenza A virus A/Darwin/6/2021 (H3N2) antigen 0.09 MG/ML / influenza A virus A/West Virginia/30/2022 (H1N1) antigen 0.09 MG/ML / influenza B virus B/Austria/1359417/2021 antigen 0.09 MG/ML / influenza B virus B/Phuket/3073/2013 antigen 0.09 MG/ML Pr...,S
influenza_vaccine,746132,influenza A virus A/Darwin/6/2021 (H3N2) antigen 0.09 MG/ML / influenza A virus A/West Virginia/30/2022 (H1N1) antigen 0.09 MG/ML / influenza B virus B/Austria/1359417/2021 antigen 0.09 MG/ML / influenza B virus B/Phuket/3073/2013 antigen 0.09 MG/ML Pr...,S
influenza_vaccine,780110,influenza A virus A/Darwin/6/2021 (H3N2) antigen 0.09 MG/ML / influenza A virus A/Wisconsin/588/2019 (H1N1) antigen 0.09 MG/ML / influenza B virus B/Austria/1359417/2021 antigen 0.09 MG/ML / influenza B virus B/Phuket/3073/2013 antigen 0.09 MG/ML Prefi...,S
influenza_vaccine,780105,influenza A virus A/Darwin/6/2021 (H3N2) antigen 0.09 MG/ML / influenza A virus A/Wisconsin/588/2019 (H1N1) antigen 0.09 MG/ML / influenza B virus B/Austria/1359417/2021 antigen 0.09 MG/ML / influenza B virus B/Phuket/3073/2013 antigen 0.09 MG/ML Prefi...,S
influenza_vaccine,1146508,influenza A virus A/Hawaii/70/2019 (H1N1) antigen 0.09 MG/ML / influenza A virus A/Minnesota/41/2019 (H3N2) antigen 0.09 MG/ML / influenza B virus B/Phuket/3073/2013 antigen 0.09 MG/ML / influenza B virus B/Washington/02/2019 antigen 0.09 MG/ML Prefill...,S
influenza_vaccine,1146507,influenza A virus A/Hawaii/70/2019 (H1N1) antigen 0.09 MG/ML / influenza A virus A/Minnesota/41/2019 (H3N2) antigen 0.09 MG/ML / influenza B virus B/Phuket/3073/2013 antigen 0.09 MG/ML / influenza B virus B/Washington/02/2019 antigen 0.09 MG/ML Prefill...,S
influenza_vaccine,1146534,influenza A virus A/Hong Kong/2671/2019 (H3N2) antigen 0.03 MG/ML / influenza A virus A/Victoria/2454/2019 (H1N1) antigen 0.03 MG/ML / influenza B virus B/Victoria/705/2018 antigen 0.03 MG/ML Prefilled Syringe,S
influenza_vaccine,1146535,influenza A virus A/Hong Kong/2671/2019 (H3N2) antigen 0.03 MG/ML / influenza A virus A/Victoria/2454/2019 (H1N1) antigen 0.03 MG/ML / influenza B virus B/Victoria/705/2018 antigen 0.03 MG/ML Prefilled Syringe [Fluad 2020-2021],S
influenza_vaccine,793959,influenza A virus A/Hong Kong/4801/2014 (H3N2) antigen 0.03 MG/ML / influenza A virus A/Singapore/GP1908/2015 (H1N1) antigen 0.03 MG/ML / influenza B virus B/Brisbane/46/2015 antigen 0.03 MG/ML Injectable Suspension,S
influenza_vaccine,793961,influenza A virus A/Hong Kong/4801/2014 (H3N2) antigen 0.03 MG/ML / influenza A virus A/Singapore/GP1908/2015 (H1N1) antigen 0.03 MG/ML / influenza B virus B/Brisbane/46/2015 antigen 0.03 MG/ML Injectable Suspension [Afluria 2017-2018],S
influenza_vaccine,1593904,influenza A virus A/Hong Kong/4801/2014 (H3N2) antigen 0.03 MG/ML / influenza A virus A/Singapore/GP1908/2015 (H1N1) antigen 0.03 MG/ML / influenza B virus B/Brisbane/60/2008 antigen 0.03 MG/ML Injectable Suspension,S
influenza_vaccine,1593909,influenza A virus A/Hong Kong/4801/2014 (H3N2) antigen 0.03 MG/ML / influenza A virus A/Singapore/GP1908/2015 (H1N1) antigen 0.03 MG/ML / influenza B virus B/Brisbane/60/2008 antigen 0.03 MG/ML Injectable Suspension [Fluvirin 2017-2018],S
influenza_vaccine,1593902,influenza A virus A/Hong Kong/4801/2014 (H3N2) antigen 0.03 MG/ML / influenza A virus A/Singapore/GP1908/2015 (H1N1) antigen 0.03 MG/ML / influenza B virus B/Brisbane/60/2008 antigen 0.03 MG/ML Prefilled Syringe,S
influenza_vaccine,1593903,influenza A virus A/Hong Kong/4801/2014 (H3N2) antigen 0.03 MG/ML / influenza A virus A/Singapore/GP1908/2015 (H1N1) antigen 0.03 MG/ML / influenza B virus B/Brisbane/60/2008 antigen 0.03 MG/ML Prefilled Syringe [Fluad 2017-2018],S
influenza_vaccine,1593524,influenza A virus A/Hong Kong/4801/2014 (H3N2) antigen 0.09 MG/ML / influenza A virus A/Michigan/45/2015 (H1N1) antigen 0.09 MG/ML / influenza B virus B/Brisbane/60/2008 antigen 0.09 MG/ML / influenza B virus B/Phuket/3073/2013 antigen 0.09 MG/ML Prefi...,S
influenza_vaccine,1593523,influenza A virus A/Hong Kong/4801/2014 (H3N2) antigen 0.09 MG/ML / influenza A virus A/Michigan/45/2015 (H1N1) antigen 0.09 MG/ML / influenza B virus B/Brisbane/60/2008 antigen 0.09 MG/ML / influenza B virus B/Phuket/3073/2013 antigen 0.09 MG/ML Prefi...,S
influenza_vaccine,1593538,influenza A virus A/Hong Kong/4801/2014 (H3N2) antigen 0.09 MG/ML / influenza A virus A/Michigan/45/2015 (H1N1) antigen 0.09 MG/ML / influenza B virus B/Brisbane/60/2008 antigen 0.09 MG/ML Injection,S
influenza_vaccine,1593877,influenza A virus A/Hong Kong/4801/2014 (H3N2) antigen 0.09 MG/ML / influenza A virus A/Michigan/45/2015 (H1N1) antigen 0.09 MG/ML / influenza B virus B/Brisbane/60/2008 antigen 0.09 MG/ML Injection [Flublok 2017-2018],S
influenza_vaccine,35200027,influenza A virus A/Michigan/45/2015 (H1N1) antigen 0.09 MG/ML / influenza A virus A/Singapore/INFIMH-16-0019/2016 (H3N2) antigen 0.09 MG/ML / influenza B virus B/Maryland/15/2016 antigen 0.09 MG/ML / influenza B virus B/Phuket/3073/2013 antigen 0.09 M...,S
influenza_vaccine,35200028,influenza A virus A/Michigan/45/2015 (H1N1) antigen 0.09 MG/ML / influenza A virus A/Singapore/INFIMH-16-0019/2016 (H3N2) antigen 0.09 MG/ML / influenza B virus B/Maryland/15/2016 antigen 0.09 MG/ML / influenza B virus B/Phuket/3073/2013 antigen 0.09 M...,S
influenza_vaccine,35200049,influenza A virus A/Singapore/GP1908/2015 (H1N1) antigen 0.03 MG/ML / influenza A virus A/Singapore/INFIMH-16-0019/2016 (H3N2) antigen 0.03 MG/ML / influenza B virus B/Maryland/15/2016 antigen 0.03 MG/ML Injectable Suspension,S
influenza_vaccine,35200054,influenza A virus A/Singapore/GP1908/2015 (H1N1) antigen 0.03 MG/ML / influenza A virus A/Singapore/INFIMH-16-0019/2016 (H3N2) antigen 0.03 MG/ML / influenza B virus B/Maryland/15/2016 antigen 0.03 MG/ML Injectable Suspension [Afluria 2018-2019],S
influenza_vaccine,35200047,influenza A virus A/Singapore/GP1908/2015 (H1N1) antigen 0.03 MG/ML / influenza A virus A/Singapore/INFIMH-16-0019/2016 (H3N2) antigen 0.03 MG/ML / influenza B virus B/Maryland/15/2016 antigen 0.03 MG/ML Prefilled Syringe,S
influenza_vaccine,35200048,influenza A virus A/Singapore/GP1908/2015 (H1N1) antigen 0.03 MG/ML / influenza A virus A/Singapore/INFIMH-16-0019/2016 (H3N2) antigen 0.03 MG/ML / influenza B virus B/Maryland/15/2016 antigen 0.03 MG/ML Prefilled Syringe [Fluad 2018-2019],S
influenza_vaccine,1537482,influenza A virus A/Tasmania/503/2020 (H3N2) antigen 0.09 MG/ML / influenza A virus A/Wisconsin/588/2019 (H1N1) antigen 0.09 MG/ML / influenza B virus B/Phuket/3073/2013 antigen 0.09 MG/ML / influenza B virus B/Washington/02/2019 antigen 0.09 MG/ML Pre...,S
influenza_vaccine,1537508,influenza A virus A/Tasmania/503/2020 (H3N2) antigen 0.09 MG/ML / influenza A virus A/Wisconsin/588/2019 (H1N1) antigen 0.09 MG/ML / influenza B virus B/Phuket/3073/2013 antigen 0.09 MG/ML / influenza B virus B/Washington/02/2019 antigen 0.09 MG/ML Pre...,S
influenza_vaccine,43625193,"influenza A virus (H1N1) antigen 0.03 MG/ML / Influenza A virus vaccine, A-California-7-2009 (H1N1)-like virus 0.03 MG/ML / influenza B virus antigen 0.03 MG/ML Injectable Suspension [Afluria]",S
influenza_vaccine,43643464,influenza A virus (H1N1) antigen 0.03 MG/ML Injectable Suspension [Afluria],S
influenza_vaccine,43607294,influenza A virus (H1N1) antigen 0.03 MG/ML Injectable Suspension [Afluria] Box of 10,S
influenza_vaccine,46276177,influenza A virus (H1N1) antigen / influenza A virus (H3N2) antigen / influenza B virus antigen Injectable Suspension,S
influenza_vaccine,46276314,influenza A virus (H1N1) antigen / influenza A virus (H3N2) antigen / influenza B virus antigen Injectable Suspension [Afluria 2015-2016],S
influenza_vaccine,36249271,influenza A virus (H1N1) antigen / influenza A virus (H3N2) antigen / influenza B virus antigen Injectable Suspension [Afluria 2016-2017],S
influenza_vaccine,793960,influenza A virus (H1N1) antigen / influenza A virus (H3N2) antigen / influenza B virus antigen Injectable Suspension [Afluria 2017-2018],S
influenza_vaccine,35200052,influenza A virus (H1N1) antigen / influenza A virus (H3N2) antigen / influenza B virus antigen Injectable Suspension [Afluria 2018-2019],S
influenza_vaccine,46276181,influenza A virus (H1N1) antigen / influenza A virus (H3N2) antigen / influenza B virus antigen Injectable Suspension [Fluvirin 2015-2016],S
influenza_vaccine,36249429,influenza A virus (H1N1) antigen / influenza A virus (H3N2) antigen / influenza B virus antigen Injectable Suspension [Fluvirin 2016-2017],S
influenza_vaccine,1593907,influenza A virus (H1N1) antigen / influenza A virus (H3N2) antigen / influenza B virus antigen Injectable Suspension [Fluvirin 2017-2018],S
influenza_vaccine,46275384,influenza A virus (H1N1) antigen / influenza A virus (H3N2) antigen / influenza B virus antigen Injectable Suspension [Fluzone 2015-2016],S
influenza_vaccine,46275653,influenza A virus (H1N1) antigen / influenza A virus (H3N2) antigen / influenza B virus antigen Injection,S
influenza_vaccine,46276017,influenza A virus (H1N1) antigen / influenza A virus (H3N2) antigen / influenza B virus antigen Injection [Flublok 2015-2016],S
influenza_vaccine,40220830,influenza A virus (H1N1) antigen / influenza A virus (H3N2) antigen / influenza B virus antigen Injection [Flublok 2016-2017],S
influenza_vaccine,1593874,influenza A virus (H1N1) antigen / influenza A virus (H3N2) antigen / influenza B virus antigen Injection [Flublok 2017-2018],S
influenza_vaccine,46276001,influenza A virus (H1N1) antigen / influenza A virus (H3N2) antigen / influenza B virus antigen Prefilled Syringe,S
influenza_vaccine,35606412,influenza A virus (H1N1) antigen / influenza A virus (H3N2) antigen / influenza B virus antigen Prefilled Syringe [FLUAD 2015-2016],S
influenza_vaccine,36249409,influenza A virus (H1N1) antigen / influenza A virus (H3N2) antigen / influenza B virus antigen Prefilled Syringe [Fluad 2016-2017],S
influenza_vaccine,1593899,influenza A virus (H1N1) antigen / influenza A virus (H3N2) antigen / influenza B virus antigen Prefilled Syringe [Fluad 2017-2018],S
influenza_vaccine,35200045,influenza A virus (H1N1) antigen / influenza A virus (H3N2) antigen / influenza B virus antigen Prefilled Syringe [Fluad 2018-2019],S
influenza_vaccine,1361188,influenza A virus (H1N1) antigen / influenza A virus (H3N2) antigen / influenza B virus antigen Prefilled Syringe [Fluad 2019-2020],S
influenza_vaccine,1146532,influenza A virus (H1N1) antigen / influenza A virus (H3N2) antigen / influenza B virus antigen Prefilled Syringe [Fluad 2020-2021],S
influenza_vaccine,1593361,influenza A virus (H1N1) antigen / influenza A virus (H3N2) antigen / influenza B virus antigen Prefilled Syringe [Flublok Quadrivalent 2017-2018],S
influenza_vaccine,35200025,influenza A virus (H1N1) antigen / influenza A virus (H3N2) antigen / influenza B virus antigen Prefilled Syringe [Flublok Quadrivalent 2018-2019],S
influenza_vaccine,1361148,influenza A virus (H1N1) antigen / influenza A virus (H3N2) antigen / influenza B virus antigen Prefilled Syringe [Flublok Quadrivalent 2019-2020],S
influenza_vaccine,1146505,influenza A virus (H1N1) antigen / influenza A virus (H3N2) antigen / influenza B virus antigen Prefilled Syringe [Flublok Quadrivalent 2020-2021],S
influenza_vaccine,1758617,influenza A virus (H1N1) antigen / influenza A virus (H3N2) antigen / influenza B virus antigen Prefilled Syringe [Flublok Quadrivalent 2021-2022],S
influenza_vaccine,780109,influenza A virus (H1N1) antigen / influenza A virus (H3N2) antigen / influenza B virus antigen Prefilled Syringe [Flublok Quadrivalent 2022-2023],S
influenza_vaccine,746136,influenza A virus (H1N1) antigen / influenza A virus (H3N2) antigen / influenza B virus antigen Prefilled Syringe [Flublok Quadrivalent 2023-2024],S
influenza_vaccine,43841366,"Influenza A virus vaccine, A-California-7-2009 (H1N1)-like virus 0.03 MG/ML Injectable Suspension [Afluria]",S
influenza_vaccine,43841367,"Influenza A virus vaccine, A-California-7-2009 (H1N1)-like virus 0.03 MG/ML Injectable Suspension [Afluria] Box of 10",S
influenza_vaccine,45774411,"influenza A virus vaccine, A-Texas-50-2012 X-223A (H3N2), inactivated 0.03 MG/ML / influenza A-California-7-2009-(H1N1)v-like virus vaccine 0.03 MG/ML / influenza B virus vaccine, B-Massachusetts-2-2012-like virus 0.03 MG/ML Injectable Suspension",S
influenza_vaccine,45774413,"influenza A virus vaccine, A-Texas-50-2012 X-223A (H3N2), inactivated 0.03 MG/ML / influenza A-California-7-2009-(H1N1)v-like virus vaccine 0.03 MG/ML / influenza B virus vaccine, B-Massachusetts-2-2012-like virus 0.03 MG/ML Injectable Suspension [Flul...",S
influenza_vaccine,43532864,"influenza A virus vaccine, A-Victoria-361-2011 (H3N2)-like virus 0.03 MG/ML / influenza A-California-7-2009-(H1N1)v-like virus vaccine 0.03 MG/ML / influenza B virus vaccine, B-Massachusetts-2-2012-like virus 0.03 MG/ML Injectable Suspension",S
influenza_vaccine,44818413,"influenza A virus vaccine, A-Victoria-361-2011 (H3N2)-like virus 0.03 MG/ML / influenza A-California-7-2009-(H1N1)v-like virus vaccine 0.03 MG/ML / influenza B virus vaccine, B-Massachusetts-2-2012-like virus 0.03 MG/ML Injectable Suspension [Afluria 2...",S
influenza_vaccine,43532964,"influenza A virus vaccine, A-Victoria-361-2011 (H3N2)-like virus 0.03 MG/ML / influenza A-California-7-2009-(H1N1)v-like virus vaccine 0.03 MG/ML / influenza B virus vaccine, B-Massachusetts-2-2012-like virus 0.03 MG/ML Injectable Suspension [Afluria 2...",S
influenza_vaccine,43532865,"influenza A virus vaccine, A-Victoria-361-2011 (H3N2)-like virus 0.03 MG/ML / influenza A-California-7-2009-(H1N1)v-like virus vaccine 0.03 MG/ML / influenza B virus vaccine, B-Massachusetts-2-2012-like virus 0.03 MG/ML Injectable Suspension [Flulaval...",S
influenza_vaccine,44818419,"influenza A virus vaccine, A-Victoria-361-2011 (H3N2)-like virus 0.03 MG/ML / influenza A-California-7-2009-(H1N1)v-like virus vaccine 0.03 MG/ML / influenza B virus vaccine, B-Massachusetts-2-2012-like virus 0.03 MG/ML Injectable Suspension [Fluvirin...",S
influenza_vaccine,43560216,"influenza A virus vaccine, A-Victoria-361-2011 (H3N2)-like virus 0.03 MG/ML / influenza A-California-7-2009-(H1N1)v-like virus vaccine 0.03 MG/ML / influenza B virus vaccine, B-Massachusetts-2-2012-like virus 0.03 MG/ML Injectable Suspension [Fluvirin...",S
influenza_vaccine,44818422,"influenza A virus vaccine, A-Victoria-361-2011 (H3N2)-like virus 0.03 MG/ML / influenza A-California-7-2009-(H1N1)v-like virus vaccine 0.03 MG/ML / influenza B virus vaccine, B-Massachusetts-2-2012-like virus 0.03 MG/ML Injectable Suspension [Fluzone 2...",S
influenza_vaccine,43532874,"influenza A virus vaccine, A-Victoria-361-2011 (H3N2)-like virus 0.03 MG/ML / influenza A-California-7-2009-(H1N1)v-like virus vaccine 0.03 MG/ML / influenza B virus vaccine, B-Massachusetts-2-2012-like virus 0.03 MG/ML Injectable Suspension [Fluzone 2...",S
influenza_vaccine,42873937,"influenza A virus vaccine, A-Victoria-361-2011 (H3N2)-like virus 0.03 MG/ML / influenza A-California-7-2009-(H1N1)v-like virus vaccine 0.03 MG/ML / influenza B virus vaccine, B-Wisconsin-1-2010-like virus 0.03 MG/ML Injectable Suspension",S
influenza_vaccine,42873939,"influenza A virus vaccine, A-Victoria-361-2011 (H3N2)-like virus 0.03 MG/ML / influenza A-California-7-2009-(H1N1)v-like virus vaccine 0.03 MG/ML / influenza B virus vaccine, B-Wisconsin-1-2010-like virus 0.03 MG/ML Injectable Suspension [Flulaval 2012...",S
influenza_vaccine,42873940,"influenza A virus vaccine, A-Victoria-361-2011 (H3N2)-like virus 0.03 MG/ML / influenza A-California-7-2009-(H1N1)v-like virus vaccine 0.03 MG/ML / influenza B virus vaccine, B-Wisconsin-1-2010-like virus 0.03 MG/ML Injectable Suspension [Fluvirin 2012...",S
influenza_vaccine,42873941,"influenza A virus vaccine, A-Victoria-361-2011 (H3N2)-like virus 0.03 MG/ML / influenza A-California-7-2009-(H1N1)v-like virus vaccine 0.03 MG/ML / influenza B virus vaccine, B-Wisconsin-1-2010-like virus 0.03 MG/ML Injectable Suspension [Fluzone 2012-...",S
influenza_vaccine,44507887,"influenza A virus vaccine, A-Victoria-361-2011 (H3N2)-like virus 0.09 MG/ML / influenza A-California-7-2009-(H1N1)v-like virus vaccine 0.09 MG/ML / influenza B virus vaccine, B-Massachusetts-2-2012-like virus 0.09 MG/ML Injectable Solution",S
influenza_vaccine,44818416,"influenza A virus vaccine, A-Victoria-361-2011 (H3N2)-like virus 0.09 MG/ML / influenza A-California-7-2009-(H1N1)v-like virus vaccine 0.09 MG/ML / influenza B virus vaccine, B-Massachusetts-2-2012-like virus 0.09 MG/ML Injectable Solution [Flublok 201...",S
influenza_vaccine,44507888,"influenza A virus vaccine, A-Victoria-361-2011 (H3N2)-like virus 0.09 MG/ML / influenza A-California-7-2009-(H1N1)v-like virus vaccine 0.09 MG/ML / influenza B virus vaccine, B-Massachusetts-2-2012-like virus 0.09 MG/ML Injectable Solution [Flublok 201...",S
influenza_vaccine,43012767,"influenza A virus vaccine, A-Victoria-361-2011 (H3N2)-like virus 0.09 MG/ML / influenza A-California-7-2009-(H1N1)v-like virus vaccine 0.09 MG/ML / influenza B virus vaccine, B-Wisconsin-1-2010-like virus 0.09 MG/ML Injectable Solution",S
influenza_vaccine,43012768,"influenza A virus vaccine, A-Victoria-361-2011 (H3N2)-like virus 0.09 MG/ML / influenza A-California-7-2009-(H1N1)v-like virus vaccine 0.09 MG/ML / influenza B virus vaccine, B-Wisconsin-1-2010-like virus 0.09 MG/ML Injectable Solution [Flublok 2012-20...",S
influenza_vaccine,44507842,"influenza A virus vaccine, A-Victoria-361-2011 (H3N2)-like virus / influenza A-California-7-2009-(H1N1)v-like virus vaccine / influenza B virus vaccine, B-Massachusetts-2-2012-like virus Injectable Solution",S
influenza_vaccine,44507843,"influenza A virus vaccine, A-Victoria-361-2011 (H3N2)-like virus / influenza A-California-7-2009-(H1N1)v-like virus vaccine / influenza B virus vaccine, B-Massachusetts-2-2012-like virus Injectable Solution [Flublok 2013-2014 Formula]",S
influenza_vaccine,44818106,"influenza A virus vaccine, A-Victoria-361-2011 (H3N2)-like virus / influenza A-California-7-2009-(H1N1)v-like virus vaccine / influenza B virus vaccine, B-Massachusetts-2-2012-like virus Injectable Solution [Flublok 2014-2015 Formula]",S
influenza_vaccine,43532648,"influenza A virus vaccine, A-Victoria-361-2011 (H3N2)-like virus / influenza A-California-7-2009-(H1N1)v-like virus vaccine / influenza B virus vaccine, B-Massachusetts-2-2012-like virus Injectable Suspension",S
influenza_vaccine,43532775,"influenza A virus vaccine, A-Victoria-361-2011 (H3N2)-like virus / influenza A-California-7-2009-(H1N1)v-like virus vaccine / influenza B virus vaccine, B-Massachusetts-2-2012-like virus Injectable Suspension [Afluria 2013-2014 Formula]",S
influenza_vaccine,44818097,"influenza A virus vaccine, A-Victoria-361-2011 (H3N2)-like virus / influenza A-California-7-2009-(H1N1)v-like virus vaccine / influenza B virus vaccine, B-Massachusetts-2-2012-like virus Injectable Suspension [Afluria 2014-2015 Formula]",S
influenza_vaccine,43532651,"influenza A virus vaccine, A-Victoria-361-2011 (H3N2)-like virus / influenza A-California-7-2009-(H1N1)v-like virus vaccine / influenza B virus vaccine, B-Massachusetts-2-2012-like virus Injectable Suspension [Flulaval 2013-2014 Formula]",S
influenza_vaccine,44818100,"influenza A virus vaccine, A-Victoria-361-2011 (H3N2)-like virus / influenza A-California-7-2009-(H1N1)v-like virus vaccine / influenza B virus vaccine, B-Massachusetts-2-2012-like virus Injectable Suspension [Flulaval 2014-2015 Formula]",S
influenza_vaccine,43560213,"influenza A virus vaccine, A-Victoria-361-2011 (H3N2)-like virus / influenza A-California-7-2009-(H1N1)v-like virus vaccine / influenza B virus vaccine, B-Massachusetts-2-2012-like virus Injectable Suspension [Fluvirin 2013-2014 Formula]",S
influenza_vaccine,44818112,"influenza A virus vaccine, A-Victoria-361-2011 (H3N2)-like virus / influenza A-California-7-2009-(H1N1)v-like virus vaccine / influenza B virus vaccine, B-Massachusetts-2-2012-like virus Injectable Suspension [Fluvirin 2014-2015 Formula]",S
influenza_vaccine,43532662,"influenza A virus vaccine, A-Victoria-361-2011 (H3N2)-like virus / influenza A-California-7-2009-(H1N1)v-like virus vaccine / influenza B virus vaccine, B-Massachusetts-2-2012-like virus Injectable Suspension [Fluzone 2013-2014 Formula]",S
influenza_vaccine,44818116,"influenza A virus vaccine, A-Victoria-361-2011 (H3N2)-like virus / influenza A-California-7-2009-(H1N1)v-like virus vaccine / influenza B virus vaccine, B-Massachusetts-2-2012-like virus Injectable Suspension [Fluzone 2014-2015 Formula]",S
influenza_vaccine,43012763,"influenza A virus vaccine, A-Victoria-361-2011 (H3N2)-like virus / influenza A-California-7-2009-(H1N1)v-like virus vaccine / influenza B virus vaccine, B-Wisconsin-1-2010-like virus Injectable Solution",S
influenza_vaccine,43012764,"influenza A virus vaccine, A-Victoria-361-2011 (H3N2)-like virus / influenza A-California-7-2009-(H1N1)v-like virus vaccine / influenza B virus vaccine, B-Wisconsin-1-2010-like virus Injectable Solution [Flublok 2012-2013 Formula]",S
influenza_vaccine,42873919,"influenza A virus vaccine, A-Victoria-361-2011 (H3N2)-like virus / influenza A-California-7-2009-(H1N1)v-like virus vaccine / influenza B virus vaccine, B-Wisconsin-1-2010-like virus Injectable Suspension",S
influenza_vaccine,42873921,"influenza A virus vaccine, A-Victoria-361-2011 (H3N2)-like virus / influenza A-California-7-2009-(H1N1)v-like virus vaccine / influenza B virus vaccine, B-Wisconsin-1-2010-like virus Injectable Suspension [Flulaval 2012-2013 Formula]",S
influenza_vaccine,42873922,"influenza A virus vaccine, A-Victoria-361-2011 (H3N2)-like virus / influenza A-California-7-2009-(H1N1)v-like virus vaccine / influenza B virus vaccine, B-Wisconsin-1-2010-like virus Injectable Suspension [Fluvirin 2012-2013 Formula]",S
influenza_vaccine,42873923,"influenza A virus vaccine, A-Victoria-361-2011 (H3N2)-like virus / influenza A-California-7-2009-(H1N1)v-like virus vaccine / influenza B virus vaccine, B-Wisconsin-1-2010-like virus Injectable Suspension [Fluzone 2012-2013 Formula]",S
influenza_vaccine,43751233,influenza B virus antigen 0.03 MG/ML Injectable Suspension [Afluria],S
influenza_vaccine,43859536,influenza B virus antigen 0.03 MG/ML Injectable Suspension [Afluria] Box of 10,S
influenza_vaccine,43264065,"Influenza B virus vaccine, B-Brisbane-60-2008-like virus 0.015 MG/ML / Influenza Virus Vaccine, Inactivated A-California-07-2009 X-181 (H1N1) strain 0.015 MG/ML / ... Injection [Fluvirin]",S
influenza_vaccine,43296629,"Influenza B virus vaccine, B-Brisbane-60-2008-like virus 0.015 MG/ML / Influenza Virus Vaccine, Inactivated A-California-07-2009 X-181 (H1N1) strain 0.015 MG/ML / ... Injection [Fluvirin] Box of 1",S
influenza_vaccine,43275078,"Influenza B virus vaccine, B-Brisbane-60-2008-like virus 0.015 MG/ML / Influenza Virus Vaccine, Inactivated A-California-07-2009 X-181 (H1N1) strain 0.015 MG/ML / ... Injection [Fluvirin] Box of 10",S
influenza_vaccine,40213153,"Influenza, seasonal, injectable",S
influenza_vaccine,40213156,"influenza virus vaccine, split virus (incl. purified surface antigen)-retired CODE",S
influenza_vaccine,40213158,"influenza virus vaccine, unspecified formulation",S
influenza_vaccine,40213159,"influenza virus vaccine, whole virus",S
influenza_vaccine,40213152,"Seasonal, quadrivalent, recombinant, injectable influenza vaccine, preservative free",S
influenza_vaccine,40213157,"Seasonal trivalent influenza vaccine, adjuvanted, preservative free",S
influenza_vaccine,40213151,"Seasonal, trivalent, recombinant, injectable influenza vaccine, preservative free",S
obesity,604591,6q16 microdeletion syndrome,S
obesity,4271317,Adiposogenital dystrophy,S
obesity,4171972,Adult-onset obesity,S
obesity,4270189,Alstrom syndrome,S
obesity,4079899,Android obesity,S
obesity,4235799,Buffalo obesity,S
obesity,4087487,Central obesity,S
obesity,40481140,Childhood obesity,S
obesity,36713437,Choroideremia with deafness and obesity syndrome,S
obesity,36678790,"Colobomatous microphthalmia, obesity, hypogenitalism, intellectual disability syndrome",S
obesity,45763687,Congenital leptin deficiency,S
obesity,4097929,Constitutional obesity,S
obesity,4097996,Drug-induced obesity,S
obesity,4182506,Endogenous obesity,S
obesity,4100857,Extreme obesity with alveolar hypoventilation,S
obesity,4160821,Familial obesity,S
obesity,4029277,Fat pad syndrome,S
obesity,4029276,Generalized obesity,S
obesity,37166819,Genetic non-syndromic obesity,S
obesity,4029900,Gynecoid obesity,S
obesity,36717154,Hydrocephalus with obesity and hypogonadism syndrome,S
obesity,4005991,Hyperinsulinar obesity,S
obesity,4163032,Hyperplastic-hypertrophic obesity,S
obesity,4185912,Hyperplastic obesity,S
obesity,4171147,Hypertrophic obesity,S
obesity,4177337,Hypogonadal obesity,S
obesity,4220527,Hypothalamic obesity,S
obesity,4203289,Hypothyroid obesity,S
obesity,35622038,"Intellectual disability, obesity, brain malformation, facial dysmorphism syndrome",S
obesity,36674490,"Intellectual disability, obesity, prognathism, eye and skin anomalies syndrome",S
obesity,36674893,"Intellectual disability, seizures, macrocephaly, obesity syndrome",S
obesity,4171317,Lifelong obesity,S
obesity,438731,Localized adiposity,S
obesity,37208175,Lower body obesity,S
obesity,37164247,MAGEL2-related Prader-Willi-like syndrome,S
obesity,42872398,"Maternal obesity complicating pregnancy, childbirth and the puerperium, antepartum",S
obesity,4216214,Mauriac's syndrome,S
obesity,36716144,MEHMO syndrome,S
obesity,37110069,MOMO syndrome,S
obesity,434005,Morbid obesity,S
obesity,37395980,MORM syndrome,S
obesity,433736,Obesity,S
obesity,4212443,Obesity by adipocyte growth pattern,S
obesity,4215969,Obesity by contributing factors,S
obesity,4189665,Obesity by fat distribution pattern,S
obesity,36716555,Obesity caused by energy imbalance,S
obesity,36717199,"Obesity, colitis, hypothyroidism, cardiac hypertrophy, developmental delay syndrome",S
obesity,37204685,Obesity due to CEP19 deficiency,S
obesity,37206117,Obesity due to leptin receptor gene deficiency,S
obesity,37397209,Obesity due to melanocortin 4 receptor deficiency,S
obesity,37162364,Obesity due to pituitary disease,S
obesity,36716151,Obesity due to prohormone convertase I deficiency,S
obesity,37204815,Obesity due to SIM1 deficiency,S
obesity,37311904,Obesity in adolescence,S
obesity,45757112,Obesity in mother complicating childbirth,S
obesity,4183240,Obesity of endocrine origin,S
obesity,4093860,Peripheral obesity,S
obesity,37163354,"PHIP-related behavioral problems, intellectual disability, obesity, dysmorphic features syndrome",S
obesity,36674827,Prader-Willi-like syndrome,S
obesity,3199162,Pregnancy complicated by obesity,S
obesity,45771307,Proopiomelanocortin deficiency syndrome,S
obesity,36676689,"Rapid-onset childhood obesity, hypothalamic dysfunction, hypoventilation, autonomic dysregulation syndrome",S
obesity,37204691,Severe early-onset obesity insulin resistance syndrome due to SH2B1 deficiency,S
obesity,37018860,Severe obesity,S
obesity,42539192,Severe obesity complicating pregnancy,S
obesity,37164244,SIM1-related Prader-Willi-like syndrome,S
obesity,4217557,Simple obesity,S
obesity,37166818,"Spastic paraplegia, intellectual disability, nystagmus, obesity syndrome",S
obesity,4211019,Steatopygia,S
obesity,36714072,Syndromic X-linked intellectual disability type 7,S
obesity,36714548,Wilson Turner syndrome,S
obesity,37165655,"X-linked intellectual disability, short stature, overweight syndrome",S
polycystic_ovary_syndrome,3654293,Polycystic bilateral ovaries,S
polycystic_ovary_syndrome,3654291,Polycystic left ovary,S
polycystic_ovary_syndrome,36683296,Polycystic ovary,S
polycystic_ovary_syndrome,40443308,Polycystic ovary syndrome,S
polycystic_ovary_syndrome,3654296,Polycystic ovary syndrome of bilateral ovaries,S
polycystic_ovary_syndrome,3654295,Polycystic ovary syndrome of left ovary,S
polycystic_ovary_syndrome,3654294,Polycystic ovary syndrome of right ovary,S
polycystic_ovary_syndrome,3654292,Polycystic right ovary,S
substance_misuse_dependence,4089921,Abuse of antacids,S
substance_misuse_dependence,440992,Abuse of antidepressant drug,S
substance_misuse_dependence,4091716,Abuse of diuretics,S
substance_misuse_dependence,4085362,Abuse of drugs to lose weight,S
substance_misuse_dependence,4091715,Abuse of herbal medicine,S
substance_misuse_dependence,4091714,Abuse of laxatives,S
substance_misuse_dependence,4333674,Abuse of nonpsychotropic analgesic drugs,S
substance_misuse_dependence,37164389,Abuse of steroid hormone,S
substance_misuse_dependence,42538729,Abuse of synthetic cathinone,S
substance_misuse_dependence,4092159,Abuse of vitamins,S
substance_misuse_dependence,3190002,Acetaminphen abuse,S
substance_misuse_dependence,433753,Alcohol abuse,S
substance_misuse_dependence,37164322,"Amfetamine and/or amfetamine derivative abuse, continuous",S
substance_misuse_dependence,37164321,"Amfetamine and/or amfetamine derivative abuse, episodic",S
substance_misuse_dependence,37164390,Amphetamine and/or amphetamine derivative abuse in remission,S
substance_misuse_dependence,3654785,Amphetamine and/or amphetamine derivative dependence,S
substance_misuse_dependence,37164565,Amphetamine and/or amphetamine derivative dependence continuous,S
substance_misuse_dependence,37164564,Amphetamine and/or amphetamine derivative dependence episodic,S
substance_misuse_dependence,37164563,Amphetamine and/or amphetamine derivative dependence in remission,S
substance_misuse_dependence,437533,Amphetamine dependence,S
substance_misuse_dependence,436371,Barbiturate abuse,S
substance_misuse_dependence,4180736,Caffeine dependence,S
substance_misuse_dependence,434327,Cannabis abuse,S
substance_misuse_dependence,42535585,Catha edulis abuse,S
substance_misuse_dependence,44782433,Chronic abuse of laxatives,S
substance_misuse_dependence,4001994,Chronic drug abuse,S
substance_misuse_dependence,432303,Cocaine abuse,S
substance_misuse_dependence,436389,Cocaine dependence,S
substance_misuse_dependence,433994,"Cocaine dependence, continuous",S
substance_misuse_dependence,440692,"Cocaine dependence, episodic",S
substance_misuse_dependence,432302,Cocaine dependence in remission,S
substance_misuse_dependence,37116661,Cocaine user,S
substance_misuse_dependence,765685,Continuous dependence on snuff use,S
substance_misuse_dependence,4144308,Continuous inhalant abuse,S
substance_misuse_dependence,4141032,Continuous phencyclidine abuse,S
substance_misuse_dependence,44782685,Continuous sedative abuse,S
substance_misuse_dependence,44790195,Delivery of rehabilitation for drug addiction,S
substance_misuse_dependence,4275756,Dependent drug abuse,S
substance_misuse_dependence,37172480,Diamorphine abuse,S
substance_misuse_dependence,44786481,Documentation that patient is a current tobacco user,S
substance_misuse_dependence,436954,Drug abuse,S
substance_misuse_dependence,4145220,"Drug abuse, continuous",S
substance_misuse_dependence,43530681,Drug abuse in remission,S
substance_misuse_dependence,44789201,Drug addiction detoxification therapy - methadone,S
substance_misuse_dependence,44789202,Drug addiction maintenance therapy - methadone,S
substance_misuse_dependence,4151569,Drug addiction notification,S
substance_misuse_dependence,44787991,Drug addiction notification - HS2A 1(Revision) to Home Office,S
substance_misuse_dependence,44808917,Drug addiction notification local SMR22,S
substance_misuse_dependence,44792393,Drug addiction notification to Chief Medical Officer,S
substance_misuse_dependence,44787997,Drug addiction re-notification - HS2A to Home Office,S
substance_misuse_dependence,44788496,Drug addiction re-notification to Chief Medical Officer,S
substance_misuse_dependence,4149607,Drug addiction therapy - methadone,S
substance_misuse_dependence,440069,Drug dependence,N
substance_misuse_dependence,440787,"Drug dependence in mother complicating pregnancy, childbirth AND/OR puerperium",N
substance_misuse_dependence,4321741,Drug habituation,S
substance_misuse_dependence,764471,Episodic dependence on chewing tobacco,S
substance_misuse_dependence,764469,Episodic dependence on cigarette smoking,S
substance_misuse_dependence,764470,Episodic dependence on snuff use,S
substance_misuse_dependence,4143110,Episodic drug abuse,S
substance_misuse_dependence,4140733,Episodic inhalant abuse,S
substance_misuse_dependence,44789542,Episodic nondependent crack cocaine abuse,S
substance_misuse_dependence,43020431,Episodic phencyclidine abuse,S
substance_misuse_dependence,4213111,Frequency of substance misuse,S
substance_misuse_dependence,437245,Hallucinogen abuse,S
substance_misuse_dependence,37205764,Harmful pattern of use of amphetamine and/or amphetamine derivative,S
substance_misuse_dependence,37110441,Harmful pattern of use of caffeine,S
substance_misuse_dependence,37110444,Harmful pattern of use of nicotine,S
substance_misuse_dependence,35610532,Harmful use of alcohol,S
substance_misuse_dependence,35610533,Harmful use of amphetamine,S
substance_misuse_dependence,35610529,Harmful use of analgesic,S
substance_misuse_dependence,35610509,Harmful use of antacids,S
substance_misuse_dependence,35610524,Harmful use of antidepressant drug,S
substance_misuse_dependence,36676297,Harmful use of anxiolytic,S
substance_misuse_dependence,35610542,Harmful use of barbiturate,S
substance_misuse_dependence,35610534,Harmful use of cannabis,S
substance_misuse_dependence,35610536,Harmful use of cocaine,S
substance_misuse_dependence,35610525,Harmful use of diuretics,S
substance_misuse_dependence,35610526,Harmful use of drugs to lose weight,S
substance_misuse_dependence,35610537,Harmful use of hallucinogen,S
substance_misuse_dependence,35610527,Harmful use of herbal medicine,S
substance_misuse_dependence,36676296,Harmful use of hypnotic,S
substance_misuse_dependence,35610538,Harmful use of inhalant,S
substance_misuse_dependence,37110458,Harmful use of ketamine,S
substance_misuse_dependence,35610535,Harmful use of khat,S
substance_misuse_dependence,35610528,Harmful use of laxatives,S
substance_misuse_dependence,35610539,Harmful use of methanol,S
substance_misuse_dependence,35610540,Harmful use of opioid,S
substance_misuse_dependence,35610541,Harmful use of sedative,S
substance_misuse_dependence,35610530,Harmful use of steroids,S
substance_misuse_dependence,35610543,Harmful use of stimulant,S
substance_misuse_dependence,35610544,Harmful use of synthetic cannabinoid,S
substance_misuse_dependence,35610545,Harmful use of synthetic cathinone,S
substance_misuse_dependence,35610531,Harmful use of vitamins,S
substance_misuse_dependence,4290538,Inhalant abuse,S
substance_misuse_dependence,43020430,Intravenous cocaine abuse,S
substance_misuse_dependence,44782731,Intravenous nondependent opioid abuse,S
substance_misuse_dependence,37116660,Marijuana user,S
substance_misuse_dependence,434697,Maternal tobacco abuse,N
substance_misuse_dependence,40217339,"Medication assisted treatment, methadone; weekly bundle including dispensing and/or administration, substance use counseling, individual and group therapy, and toxicology testing, if performed (provision of the services by a medicare-enrolled opioid tr...",S
substance_misuse_dependence,2796047,"Medication Management for Substance Abuse Treatment, Methadone Maintenance",S
substance_misuse_dependence,44783367,Methamphetamine abuse,S
substance_misuse_dependence,4141524,Methamphetamine dependence,S
substance_misuse_dependence,4121343,Methanol abuse,S
substance_misuse_dependence,37164560,Methylenedioxymethamphetamine dependence,S
substance_misuse_dependence,4152165,Nondependent alcohol abuse,S
substance_misuse_dependence,435534,"Nondependent alcohol abuse, continuous",S
substance_misuse_dependence,440685,"Nondependent alcohol abuse, episodic",S
substance_misuse_dependence,441276,Nondependent alcohol abuse in remission,S
substance_misuse_dependence,762382,Nondependent amphetamine abuse,S
substance_misuse_dependence,37164337,Nondependent amphetamine and/or amphetamine derivative abuse,S
substance_misuse_dependence,37164334,"Nondependent amphetamine and/or amphetamine derivative abuse, continuous",S
substance_misuse_dependence,37164336,"Nondependent amphetamine and/or amphetamine derivative abuse, episodic",S
substance_misuse_dependence,37155429,Nondependent amphetamine and/or amphetamine derivative abuse in remission,S
substance_misuse_dependence,44813498,Nondependent antidepressant type drug abuse,S
substance_misuse_dependence,434627,"Nondependent antidepressant type drug abuse, continuous",S
substance_misuse_dependence,434917,"Nondependent antidepressant type drug abuse, episodic",S
substance_misuse_dependence,439313,Nondependent antidepressant type drug abuse in remission,S
substance_misuse_dependence,37164330,Nondependent anxiolytic abuse,S
substance_misuse_dependence,37164326,"Nondependent anxiolytic abuse, continuous",S
substance_misuse_dependence,37164325,"Nondependent anxiolytic abuse, episodic",S
substance_misuse_dependence,37164328,Nondependent anxiolytic abuse in remission,S
substance_misuse_dependence,4103419,Nondependent cannabis abuse,S
substance_misuse_dependence,434019,"Nondependent cannabis abuse, continuous",S
substance_misuse_dependence,434328,"Nondependent cannabis abuse, episodic",S
substance_misuse_dependence,435231,Nondependent cannabis abuse in remission,S
substance_misuse_dependence,4102821,Nondependent cocaine abuse,S
substance_misuse_dependence,439796,"Nondependent cocaine abuse, continuous",S
substance_misuse_dependence,436089,"Nondependent cocaine abuse, episodic",S
substance_misuse_dependence,436098,Nondependent cocaine abuse in remission,S
substance_misuse_dependence,4175635,Non dependent drug abuse,S
substance_misuse_dependence,4150794,Nondependent hallucinogen abuse,S
substance_misuse_dependence,440381,"Nondependent hallucinogen abuse, continuous",S
substance_misuse_dependence,438732,"Nondependent hallucinogen abuse, episodic",S
substance_misuse_dependence,441272,Nondependent hallucinogen abuse in remission,S
substance_misuse_dependence,37164331,Nondependent hypnotic abuse,S
substance_misuse_dependence,37164327,"Nondependent hypnotic abuse, continuous",S
substance_misuse_dependence,37164324,"Nondependent hypnotic abuse, episodic",S
substance_misuse_dependence,37164329,Nondependent hypnotic abuse in remission,S
substance_misuse_dependence,761090,Nondependent intraveous amphetamine abuse,S
substance_misuse_dependence,439312,Nondependent mixed drug abuse,S
substance_misuse_dependence,436097,"Nondependent mixed drug abuse, continuous",S
substance_misuse_dependence,440694,"Nondependent mixed drug abuse, episodic",S
substance_misuse_dependence,4103426,Nondependent mixed drug abuse in remission,S
substance_misuse_dependence,4099935,Nondependent opioid abuse,S
substance_misuse_dependence,434016,"Nondependent opioid abuse, continuous",S
substance_misuse_dependence,435798,"Nondependent opioid abuse, episodic",S
substance_misuse_dependence,436088,Nondependent opioid abuse in remission,S
substance_misuse_dependence,37164338,Nondependent psychostimulant abuse,S
substance_misuse_dependence,37164333,"Nondependent psychostimulant abuse, continuous",S
substance_misuse_dependence,37164335,"Nondependent psychostimulant abuse, episodic",S
substance_misuse_dependence,37164332,Nondependent psychostimulant abuse in remission,S
substance_misuse_dependence,37017493,Novel psychoactive substance misuse,S
substance_misuse_dependence,438130,Opioid abuse,S
substance_misuse_dependence,4321069,PCP abuse,S
substance_misuse_dependence,4109691,Persistent alcohol abuse,S
substance_misuse_dependence,4219382,Persistent substance misuse,S
substance_misuse_dependence,2796060,"Pharmacotherapy for Substance Abuse Treatment, Antabuse",S
substance_misuse_dependence,2796064,"Pharmacotherapy for Substance Abuse Treatment, Bupropion",S
substance_misuse_dependence,2796063,"Pharmacotherapy for Substance Abuse Treatment, Clonidine",S
substance_misuse_dependence,2796059,"Pharmacotherapy for Substance Abuse Treatment, Levo-alpha-acetyl-methadol (LAAM)",S
substance_misuse_dependence,2796058,"Pharmacotherapy for Substance Abuse Treatment, Methadone Maintenance",S
substance_misuse_dependence,2796062,"Pharmacotherapy for Substance Abuse Treatment, Naloxone",S
substance_misuse_dependence,2796061,"Pharmacotherapy for Substance Abuse Treatment, Naltrexone",S
substance_misuse_dependence,2796057,"Pharmacotherapy for Substance Abuse Treatment, Nicotine Replacement",S
substance_misuse_dependence,2796066,"Pharmacotherapy for Substance Abuse Treatment, Other Replacement Medication",S
substance_misuse_dependence,2796065,"Pharmacotherapy for Substance Abuse Treatment, Psychiatric Medication",S
substance_misuse_dependence,40482898,Polysubstance abuse,S
substance_misuse_dependence,4168196,Prolonged high dose use of cannabis,S
substance_misuse_dependence,4239381,Psychoactive substance abuse,S
substance_misuse_dependence,4004672,Psychoactive substance use disorder,N
substance_misuse_dependence,443274,Psychostimulant dependence,S
substance_misuse_dependence,37164568,Psychostimulant dependence continuous,S
substance_misuse_dependence,37164567,Psychostimulant dependence episodic,S
substance_misuse_dependence,37164566,Psychostimulant dependence in remission,S
substance_misuse_dependence,44787894,Referral to community drug dependency team,S
substance_misuse_dependence,4269905,Referral to drug abuse counselor,S
substance_misuse_dependence,442601,Sedative abuse,S
substance_misuse_dependence,40479573,Stimulant abuse,S
substance_misuse_dependence,4279309,Substance abuse,S
substance_misuse_dependence,2821602,Substance Abuse Treatment @ None @ Pharmacotherapy @ Antabuse,S
substance_misuse_dependence,2849587,Substance Abuse Treatment @ None @ Pharmacotherapy @ Antabuse @ None,S
substance_misuse_dependence,2834828,Substance Abuse Treatment @ None @ Pharmacotherapy @ Antabuse @ None @ None,S
substance_misuse_dependence,2809356,Substance Abuse Treatment @ None @ Pharmacotherapy @ Bupropion,S
substance_misuse_dependence,2876004,Substance Abuse Treatment @ None @ Pharmacotherapy @ Bupropion @ None,S
substance_misuse_dependence,2849589,Substance Abuse Treatment @ None @ Pharmacotherapy @ Bupropion @ None @ None,S
substance_misuse_dependence,2849588,Substance Abuse Treatment @ None @ Pharmacotherapy @ Clonidine,S
substance_misuse_dependence,2826853,Substance Abuse Treatment @ None @ Pharmacotherapy @ Clonidine @ None,S
substance_misuse_dependence,2894447,Substance Abuse Treatment @ None @ Pharmacotherapy @ Clonidine @ None @ None,S
substance_misuse_dependence,2900299,Substance Abuse Treatment @ None @ Pharmacotherapy @ Levo-alpha-acetyl-methadol (LAAM),S
substance_misuse_dependence,2862965,Substance Abuse Treatment @ None @ Pharmacotherapy @ Levo-alpha-acetyl-methadol (LAAM) @ None,S
substance_misuse_dependence,2849586,Substance Abuse Treatment @ None @ Pharmacotherapy @ Levo-alpha-acetyl-methadol (LAAM) @ None @ None,S
substance_misuse_dependence,2876003,Substance Abuse Treatment @ None @ Pharmacotherapy @ Methadone Maintenance,S
substance_misuse_dependence,2801512,Substance Abuse Treatment @ None @ Pharmacotherapy @ Methadone Maintenance @ None,S
substance_misuse_dependence,2900298,Substance Abuse Treatment @ None @ Pharmacotherapy @ Methadone Maintenance @ None @ None,S
substance_misuse_dependence,2862966,Substance Abuse Treatment @ None @ Pharmacotherapy @ Naloxone,S
substance_misuse_dependence,2854469,Substance Abuse Treatment @ None @ Pharmacotherapy @ Naloxone @ None,S
substance_misuse_dependence,2839406,Substance Abuse Treatment @ None @ Pharmacotherapy @ Naloxone @ None @ None,S
substance_misuse_dependence,2814227,Substance Abuse Treatment @ None @ Pharmacotherapy @ Naltrexone,S
substance_misuse_dependence,2881419,Substance Abuse Treatment @ None @ Pharmacotherapy @ Naltrexone @ None,S
substance_misuse_dependence,2881420,Substance Abuse Treatment @ None @ Pharmacotherapy @ Naltrexone @ None @ None,S
substance_misuse_dependence,2881418,Substance Abuse Treatment @ None @ Pharmacotherapy @ Nicotine Replacement,S
substance_misuse_dependence,2849585,Substance Abuse Treatment @ None @ Pharmacotherapy @ Nicotine Replacement @ None,S
substance_misuse_dependence,2839405,Substance Abuse Treatment @ None @ Pharmacotherapy @ Nicotine Replacement @ None @ None,S
substance_misuse_dependence,2900300,Substance Abuse Treatment @ None @ Pharmacotherapy @ Other Replacement Medication,S
substance_misuse_dependence,2889407,Substance Abuse Treatment @ None @ Pharmacotherapy @ Other Replacement Medication @ None,S
substance_misuse_dependence,2881421,Substance Abuse Treatment @ None @ Pharmacotherapy @ Other Replacement Medication @ None @ None,S
substance_misuse_dependence,2814228,Substance Abuse Treatment @ None @ Pharmacotherapy @ Psychiatric Medication,S
substance_misuse_dependence,2862967,Substance Abuse Treatment @ None @ Pharmacotherapy @ Psychiatric Medication @ None,S
substance_misuse_dependence,2826854,Substance Abuse Treatment @ None @ Pharmacotherapy @ Psychiatric Medication @ None @ None,S
substance_misuse_dependence,2796056,"Substance Abuse Treatment, Pharmacotherapy",S
substance_misuse_dependence,4217840,Substance misuse behavior,S
substance_misuse_dependence,4217841,Substance misuse decreased,S
substance_misuse_dependence,4188558,Substance misuse increased,S
substance_misuse_dependence,4296409,Substance use treatment: alcohol withdrawal,S
substance_misuse_dependence,4302387,Substance use treatment: drug withdrawal,S
substance_misuse_dependence,42539100,Synthetic cannabinoid abuse,S
substance_misuse_dependence,42539370,Synthetic cathinone dependence,S
substance_misuse_dependence,4319165,Therapeutic drug dependence,S
substance_misuse_dependence,37169544,Tobacco dependence caused by chewing tobacco in remission,S
substance_misuse_dependence,4099811,"Tobacco dependence, continuous",S
substance_misuse_dependence,4103417,"Tobacco dependence, episodic",S
substance_misuse_dependence,4103418,Tobacco dependence in remission,S
substance_misuse_dependence,437264,Tobacco dependence syndrome,S
systemic_lupus_erythematosus,4295179,Acute systemic lupus erythematosus,S
systemic_lupus_erythematosus,36676444,Autosomal systemic lupus erythematosus,S
systemic_lupus_erythematosus,4346976,Bullous systemic lupus erythematosus,S
systemic_lupus_erythematosus,37110504,Chorea co-occurrent and due to systemic lupus erythematosus,N
systemic_lupus_erythematosus,4044056,Chorea due to systemic lupus erythematosus,S
systemic_lupus_erythematosus,37110517,Demyelination of central nervous system co-occurrent and due to systemic lupus erythematosus,S
systemic_lupus_erythematosus,4269448,Dilated cardiomyopathy due to systemic lupus erythematosus,S
systemic_lupus_erythematosus,46273369,Endocarditis due to systemic lupus erythematosus,S
systemic_lupus_erythematosus,4296502,Fulminating systemic lupus erythematosus,S
systemic_lupus_erythematosus,37016279,Glomerular disease due to systemic lupus erythematosus,S
systemic_lupus_erythematosus,4055640,Lung disease with systemic lupus erythematosus,S
systemic_lupus_erythematosus,4299106,Lupus disease of the lung,S
systemic_lupus_erythematosus,4057084,Lupus hepatitis,S
systemic_lupus_erythematosus,4344399,Lupus panniculitis,S
systemic_lupus_erythematosus,4344495,Lupus vasculitis,S
systemic_lupus_erythematosus,4105023,Myopathy due to disseminated lupus erythematosus,S
systemic_lupus_erythematosus,46270384,Nephropathy co-occurrent and due to systemic lupus erythematosus,S
systemic_lupus_erythematosus,37399735,Nephrosis co-occurrent and due to systemic lupus erythematosus,N
systemic_lupus_erythematosus,37395585,Nephrotic syndrome co-occurrent and due to systemic lupus erythematosus,S
systemic_lupus_erythematosus,4101469,Pericarditis secondary to systemic lupus erythematosus,S
systemic_lupus_erythematosus,4105637,Polyneuropathy in disseminated lupus erythematosus,S
systemic_lupus_erythematosus,4319305,Rash of systemic lupus erythematosus,S
systemic_lupus_erythematosus,4145240,Renal tubulo-interstitial disorder in systemic lupus erythematosus,S
systemic_lupus_erythematosus,4217054,Retinal vasculitis due to systemic lupus erythematosus,S
systemic_lupus_erythematosus,37117740,Secondary autoimmune hemolytic anemia co-occurrent and due to systemic lupus erythematosus,S
systemic_lupus_erythematosus,4285717,SLE glomerulonephritis syndrome,S
systemic_lupus_erythematosus,4250483,"SLE glomerulonephritis syndrome, WHO class I",S
systemic_lupus_erythematosus,4186940,"SLE glomerulonephritis syndrome, WHO class II",S
systemic_lupus_erythematosus,4297164,"SLE glomerulonephritis syndrome, WHO class III",S
systemic_lupus_erythematosus,4267801,"SLE glomerulonephritis syndrome, WHO class IV",S
systemic_lupus_erythematosus,4178133,"SLE glomerulonephritis syndrome, WHO class V",S
systemic_lupus_erythematosus,4002526,"SLE glomerulonephritis syndrome, WHO class VI",S
systemic_lupus_erythematosus,257628,Systemic lupus erythematosus,S
systemic_lupus_erythematosus,4300204,Systemic lupus erythematosus-associated antiphospholipid syndrome,S
systemic_lupus_erythematosus,4318863,Systemic lupus erythematosus encephalitis,S
systemic_lupus_erythematosus,4301051,Systemic lupus erythematosus of childhood,S
systemic_lupus_erythematosus,4219859,Systemic lupus erythematosus-related syndrome,S
systemic_lupus_erythematosus,44814064,Systemic lupus erythematosus/Sjogren's overlap syndrome,S
systemic_lupus_erythematosus,4344400,Systemic lupus erythematosus with multisystem involvement,S
systemic_lupus_erythematosus,4344158,Systemic lupus erythematosus with organ/system involvement,S
systemic_lupus_erythematosus,4149913,Systemic lupus erythematosus with pericarditis,S
tdap_vaccine,42800267,"0.5 ML Bordetella pertussis filamentous hemagglutinin vaccine, inactivated 0.016 MG/ML / Bordetella pertussis pertactin vaccine, inactivated 0.005 MG/ML / Bordetella pertussis toxoid vaccine, inactivated 0.016 MG/ML / diphtheria toxoid vaccine, inactiv...",S
tdap_vaccine,42800266,"0.5 ML Bordetella pertussis filamentous hemagglutinin vaccine, inactivated 0.016 MG/ML / Bordetella pertussis pertactin vaccine, inactivated 0.005 MG/ML / Bordetella pertussis toxoid vaccine, inactivated 0.016 MG/ML / diphtheria toxoid vaccine, inactiv...",S
tdap_vaccine,42800473,"0.5 ML Bordetella pertussis filamentous hemagglutinin vaccine, inactivated 0.016 MG/ML / Bordetella pertussis pertactin vaccine, inactivated 0.005 UNT/ML / Bordetella pertussis toxoid vaccine, inactivated 0.016 MG/ML / diphtheria toxoid vaccine, inacti...",S
tdap_vaccine,42800474,"0.5 ML Bordetella pertussis filamentous hemagglutinin vaccine, inactivated 0.016 MG/ML / Bordetella pertussis pertactin vaccine, inactivated 0.005 UNT/ML / Bordetella pertussis toxoid vaccine, inactivated 0.016 MG/ML / diphtheria toxoid vaccine, inacti...",S
tdap_vaccine,42800265,"0.5 ML Bordetella pertussis filamentous hemagglutinin vaccine, inactivated 0.01 MG/ML / Bordetella pertussis fimbriae 2/3 vaccine, inactivated 0.01 MG/ML / Bordetella pertussis pertactin vaccine, inactivated 0.006 MG/ML / Bordetella pertussis toxoid va...",S
tdap_vaccine,42800464,"0.5 ML Bordetella pertussis filamentous hemagglutinin vaccine, inactivated 0.01 MG/ML / Bordetella pertussis fimbriae 2/3 vaccine, inactivated 0.01 MG/ML / Bordetella pertussis pertactin vaccine, inactivated 0.006 MG/ML / Bordetella pertussis toxoid va...",S
tdap_vaccine,44791056,"Booster diphtheria, tetanus, acellular pertussis and inactivated polio vaccination",N
tdap_vaccine,44792127,"Booster diphtheria, tetanus, acellular pertussis, haemophilus influenzae type b, inactivated polio vaccination",N
tdap_vaccine,724894,"Diphtheria, Tetanus, Poliomyelitis adsorbed (non-US)",S
tdap_vaccine,40213281,"diphtheria, tetanus toxoids and acellular pertussis vaccine",S
tdap_vaccine,40213282,"diphtheria, tetanus toxoids and acellular pertussis vaccine, 5 pertussis antigens",S
tdap_vaccine,40213289,"Diphtheria, tetanus toxoids and acellular pertussis vaccine, and poliovirus vaccine, inactivated",S
tdap_vaccine,40213283,"diphtheria, tetanus toxoids and acellular pertussis vaccine, unspecified formulation",S
tdap_vaccine,40213291,"diphtheria, tetanus toxoids and pertussis vaccine",S
tdap_vaccine,19033193,pertussis vaccine,S
tdap_vaccine,4219827,"Second low dose diphtheria, tetanus and inactivated polio vaccination",N
tdap_vaccine,40213230,"tetanus toxoid, reduced diphtheria toxoid, and acellular pertussis vaccine, adsorbed",S
tdap_vaccine,4167723,"Third low dose diphtheria, tetanus and inactivated polio vaccination",N
thyroid_disorder,36717595,Acquired central hypothyroidism,S
thyroid_disorder,37161451,Acquired central hypothyroidism due to pituitary disorder,S
thyroid_disorder,37161450,Acquired central hypothyroidism due to Sheehan syndrome,S
thyroid_disorder,138384,Acquired hypothyroidism,S
thyroid_disorder,607903,Adrenocorticotropic hormone resistance syndrome,S
thyroid_disorder,4184957,Adult myxedema,S
thyroid_disorder,45773358,Allan-Herndon-Dudley syndrome,S
thyroid_disorder,4185526,Athyrotic hypothyroidism sequence,S
thyroid_disorder,4034815,Autoimmune hypothyroidism,S
thyroid_disorder,36716385,Bamforth Lazarus syndrome,S
thyroid_disorder,4132435,Central hypothyroidism,S
thyroid_disorder,36716764,Congenital central hypothyroidism,S
thyroid_disorder,37110922,Congenital central hypothyroidism due to thyrotropin-releasing hormone receptor deficiency,S
thyroid_disorder,133728,Congenital hypothyroidism,S
thyroid_disorder,36713742,Congenital hypothyroidism due to absence of thyroid gland,S
thyroid_disorder,37155411,Congenital hypothyroidism due to congenital anomaly of thyroid gland,S
thyroid_disorder,37161472,Congenital hypothyroidism due to dual oxidase maturation factor 2,S
thyroid_disorder,36716765,Congenital hypothyroidism due to iodine deficiency,S
thyroid_disorder,37204507,Congenital hypothyroidism due to maternal intake of antithyroid drug,S
thyroid_disorder,37161473,Congenital hypothyroidism due to peripheral resistance to thyroid hormone,S
thyroid_disorder,37161468,Congenital hypothyroidism due to symporter mutation,S
thyroid_disorder,37161471,Congenital hypothyroidism due to thyroglobulin mutation,S
thyroid_disorder,37161467,Congenital hypothyroidism due to thyroid deiodinase mutation,S
thyroid_disorder,37161465,Congenital hypothyroidism due to thyroid peroxidase mutation,S
thyroid_disorder,37164395,Congenital hypothyroidism due to thyroid stimulating hormone receptor mutation,S
thyroid_disorder,37397258,Congenital hypothyroidism due to transplacental passage of maternal thyroid stimulating hormone binding inhibitory antibody,S
thyroid_disorder,4081998,Congenital hypothyroidism with diffuse goiter,S
thyroid_disorder,4130017,Congenital hypothyroidism without goiter,S
thyroid_disorder,4130026,Congenital iodine deficiency syndrome of mixed type,S
thyroid_disorder,4246944,Congenital malposition of the thyroid gland,S
thyroid_disorder,37161466,Consumptive hypothyroidism caused by type 3 iodothyronine deiodinase,S
thyroid_disorder,37166448,Dementia due to acquired hypothyroidism,S
thyroid_disorder,37161455,Drug induced acquired central hypothyroidism,S
thyroid_disorder,4229107,Dyshormonogenetic goiter AND iodide leak,S
thyroid_disorder,136933,Dyshormonogenic goiter,S
thyroid_disorder,4034822,Dysprealbuminemic euthyroidal hyperthyroxinemia,S
thyroid_disorder,4233438,Endemic congenital iodine deficiency syndrome of myxedematous type,S
thyroid_disorder,4129362,Euthyroid with thyroid antibodies,S
thyroid_disorder,1340365,Exacerbation of hyperthyroidism,S
thyroid_disorder,4030051,Familial dysalbuminemic hyperthyroxinemia,S
thyroid_disorder,4030053,Familial dyshormonogenetic goiter,S
thyroid_disorder,35608125,Familial glucocorticoid deficiency,S
thyroid_disorder,36716767,Familial hyperthyroidism,S
thyroid_disorder,37396803,Familial non-autoimmune autosomal dominant hyperthyroidism,S
thyroid_disorder,37397527,Familial thyroid dyshormonogenesis,S
thyroid_disorder,4130024,Generalized thyroid hormone resistance,S
thyroid_disorder,36674793,Genetic transient congenital hypothyroidism,S
thyroid_disorder,4163854,Glucocorticoid deficiency with achalasia,S
thyroid_disorder,4130012,Hashitoxicosis - transient,S
thyroid_disorder,37396504,Hoffman syndrome,S
thyroid_disorder,4142479,Hyperthyroidism,S
thyroid_disorder,4337834,Hyperthyroidism due to ectopic thyroid nodule,S
thyroid_disorder,4227238,Hyperthyroidism due to hydatidiform mole with thyrotoxic crisis,S
thyroid_disorder,4259138,Hyperthyroidism due to molar thyrotropin,S
thyroid_disorder,4094160,Hyperthyroidism due to struma ovarii,S
thyroid_disorder,45757130,Hyperthyroidism in childbirth,S
thyroid_disorder,4265061,Hyperthyroidism secondary to amiodarone,S
thyroid_disorder,4241482,Hyperthyroidism secondary to potassium iodide,S
thyroid_disorder,4194323,Hyperthyroidism secondary to radio contrast dye,S
thyroid_disorder,4100629,Hyperthyroidism with Hashimoto disease,S
thyroid_disorder,4291925,Hypothalamic hypothyroidism,S
thyroid_disorder,4314386,Hypothyroid dwarfism,S
thyroid_disorder,4034814,"Hypothyroid goiter, acquired",S
thyroid_disorder,140673,Hypothyroidism,S
thyroid_disorder,37208050,Hypothyroidism caused by amiodarone,S
thyroid_disorder,37016342,Hypothyroidism caused by drug,S
thyroid_disorder,4095914,Hypothyroidism caused by resorcinol,S
thyroid_disorder,4245619,Hypothyroidism due to amyloidosis,S
thyroid_disorder,4175837,Hypothyroidism due to cystinosis,S
thyroid_disorder,4210299,Hypothyroidism due to defect in thyroid hormone synthesis,S
thyroid_disorder,4192649,Hypothyroidism due to fibrous invasive thyroiditis,S
thyroid_disorder,4172443,Hypothyroidism due to food stuff,S
thyroid_disorder,4130018,Hypothyroidism due to Hashimoto's thyroiditis,S
thyroid_disorder,4147364,Hypothyroidism due to infiltrative disease,S
thyroid_disorder,4289921,Hypothyroidism due to iodide excess,S
thyroid_disorder,4034824,Hypothyroidism due to iodide organification defect,S
thyroid_disorder,4129369,Hypothyroidism due to iodide trapping defect,S
thyroid_disorder,37397535,Hypothyroidism due to mutation in transcription factor of pituitary development,S
thyroid_disorder,4303055,Hypothyroidism due to sarcoidosis,S
thyroid_disorder,4268472,Hypothyroidism due to scleroderma,S
thyroid_disorder,37167445,Hypothyroidism due to systemic sclerosis,S
thyroid_disorder,45757058,Hypothyroidism due to thyroiditis,S
thyroid_disorder,4030047,Hypothyroidism due to TSH receptor blocking antibody,S
thyroid_disorder,4231548,Hypothyroidism following radioiodine therapy,S
thyroid_disorder,45757193,Hypothyroidism in childbirth,S
thyroid_disorder,4176015,Hypothyroidism in pregnancy,S
thyroid_disorder,4095912,Hypothyroidism resulting from para-aminosalicylic acid,S
thyroid_disorder,4095913,Hypothyroidism resulting from phenylbutazone,S
thyroid_disorder,134312,Iatrogenic hypothyroidism,S
thyroid_disorder,4309027,Idiopathic atrophic hypothyroidism,S
thyroid_disorder,37399723,Idiopathic congenital hypothyroidism,S
thyroid_disorder,4034983,Idiopathic TSH deficiency,S
thyroid_disorder,4236858,Infant hypothyroidism,S
thyroid_disorder,44782482,Infant hypothyroidism due to maternal drug,S
thyroid_disorder,4236859,Infant hypothyroidism to 24 months of age,S
thyroid_disorder,4202818,Iodide oxidation defect,S
thyroid_disorder,4331585,Iodide transport defect,S
thyroid_disorder,140062,Iodine hypothyroidism,S
thyroid_disorder,4129357,Iodine-induced hyperthyroidism,S
thyroid_disorder,4076302,Iodotyrosine deiodination defect,S
thyroid_disorder,4052693,Iodotyrosyl coupling defect,S
thyroid_disorder,4230503,Isolated thyrotropin deficiency,S
thyroid_disorder,4028612,Juvenile myxedema,S
thyroid_disorder,3171361,Lithium induced hypothyroidism,S
thyroid_disorder,4182596,Myxedema,S
thyroid_disorder,4263049,Myxedema heart disease,S
thyroid_disorder,4275410,Myxedematous form of cretinism,S
thyroid_disorder,36676796,Neonatal iodine exposure,S
thyroid_disorder,4071079,Neonatal jaundice with congenital hypothyroidism,S
thyroid_disorder,4210297,Neonatal transient hyperthyroidism,S
thyroid_disorder,36717199,"Obesity, colitis, hypothyroidism, cardiac hypertrophy, developmental delay syndrome",S
thyroid_disorder,44783239,"Ohdo syndrome, Say-Barber-Biesecker-Young-Simpson variant",S
thyroid_disorder,37397534,Peripheral resistance to thyroid hormone,S
thyroid_disorder,4232833,Pituitary thyroid hormone resistance,S
thyroid_disorder,132583,Postablative hypothyroidism,S
thyroid_disorder,4030049,Post-infectious hypothyroidism,S
thyroid_disorder,137820,Postoperative hypothyroidism,S
thyroid_disorder,40609121,Primary hypothyroidism,S
thyroid_disorder,37161453,Radiation-induced acquired central hypothyroidism,S
thyroid_disorder,4006466,Refetoff syndrome,S
thyroid_disorder,37166867,Resistance to thyroid hormone due to mutation in thyroid hormone receptor alpha,S
thyroid_disorder,37166868,Resistance to thyroid hormone due to mutation in thyroid hormone receptor beta,S
thyroid_disorder,36716766,Secondary hyperthyroidism,S
thyroid_disorder,4220368,Secondary hypothyroidism,S
thyroid_disorder,4223217,Severe hypothyroidism,S
thyroid_disorder,35622406,Short stature with delayed bone age due to thyroid hormone metabolism deficiency,S
thyroid_disorder,4225129,Sporadic cretinism,S
thyroid_disorder,4176932,Subclinical hyperthyroidism,S
thyroid_disorder,4183422,Subclinical hypothyroidism,S
thyroid_disorder,4130027,Subclinical iodine deficiency hypothyroidism,S
thyroid_disorder,4269217,Thyroglobulin synthesis defect,S
thyroid_disorder,4030054,Thyroid hormone resistance syndrome,S
thyroid_disorder,4177341,Thyroid hormone responsiveness defect,S
thyroid_disorder,137519,Thyrotoxicosis due to ectopic thyroid nodule with crisis,S
thyroid_disorder,138718,Thyrotoxicosis due to ectopic thyroid nodule with no crisis,S
thyroid_disorder,4236235,Thyrotoxicosis due to pituitary thyroid hormone resistance,S
thyroid_disorder,606080,Transient congenital hypothyroidism due to dual oxidase 2 mutation,S
thyroid_disorder,4173932,Transient decreased production of T-3,S
thyroid_disorder,4091169,Transient decreased production of T-4,S
thyroid_disorder,4104540,Transient hypothyroidism,S
thyroid_disorder,4079964,Transient hypothyrotropinemia,S
thyroid_disorder,4173188,Transient neonatal hypothyroidism,S
thyroid_disorder,37161463,Traumatic acquired central hypothyroidism,S
thyroid_disorder,36675175,X-linked central congenital hypothyroidism with late-onset testicular enlargement,S
uterus_malformations,37204537,Agenesis of body of uterus,S
uterus_malformations,40405737,Agenesis of uterus,S
uterus_malformations,37204538,Aplasia of body of uterus,S
uterus_malformations,37204436,Aplasia of uterine cervix,S
uterus_malformations,4150816,Bicornuate uterus,S
uterus_malformations,4034082,Bicornuate uterus affecting obstetric care,S
uterus_malformations,4028640,"Bicornuate uterus in pregnancy, childbirth and the puerperium",S
uterus_malformations,4002491,"Cervical, vaginal and external female genital anomalies",S
uterus_malformations,4172511,Cochleate uterus,S
uterus_malformations,37164304,Complete septate uterus,S
uterus_malformations,4147333,Congenital abnormality of uterus affecting obstetric care,S
uterus_malformations,197339,"Congenital abnormality of uterus, affecting pregnancy",S
uterus_malformations,4145939,"Congenital abnormality of uterus in pregnancy, childbirth and the puerperium",S
uterus_malformations,4245318,Congenital abnormal shape of uterus,S
uterus_malformations,37311775,Congenital absence of body of uterus,S
uterus_malformations,4291794,Congenital absence of cervix,S
uterus_malformations,4063522,Congenital absence of uterus,S
uterus_malformations,444437,Congenital anomaly of cervix,S
uterus_malformations,4244022,Congenital atresia of uterus,S
uterus_malformations,4238346,Congenital duplication of cervix,S
uterus_malformations,4049461,Congenital duplication of uterus,S
uterus_malformations,45757090,Congenital fistula between uterus and urinary tract,S
uterus_malformations,4005469,Congenital fistulae between uterus and digestive and urinary tracts,S
uterus_malformations,45757089,Congenital hypoplasia of uterine cervix,S
uterus_malformations,45757689,Congenital imperforate cervix,S
uterus_malformations,4109625,Congenital malformation of uterus and cervix,S
uterus_malformations,4231104,Congenital prolapsed uterus,S
uterus_malformations,4012550,Congenital stenosis of cervical canal,S
uterus_malformations,201388,Congenital uterine anomaly,S
uterus_malformations,4005588,Congenital uterointestinal fistula,S
uterus_malformations,4002490,Congenital uterovesical fistula,S
uterus_malformations,4058635,Double uterus affecting pregnancy,S
uterus_malformations,36716428,"Double uterus, hemivagina, renal agenesis syndrome",S
uterus_malformations,4235773,Doubling of uterus with doubling of cervix and vagina,S
uterus_malformations,45757210,Doubling of uterus with doubling of cervix and vagina with obstruction,S
uterus_malformations,4108901,Embryonic cyst of cervix,S
uterus_malformations,4253344,Female infertility due to structural congenital anomaly of cervix,S
uterus_malformations,4113440,Hypoplasia of uterus and cervix,S
uterus_malformations,2110208,"Hysteroplasty, repair of uterine anomaly (Strassman type)",S
uterus_malformations,4147753,Infantile uterus,S
uterus_malformations,37160604,Mayer Rokitansky Küster Hauser syndrome type 1,S
uterus_malformations,36713399,Mayer-Rokitansky-Küster-Hauser syndrome type 2,S
uterus_malformations,4047942,Persistent fetal uterus,S
uterus_malformations,36674759,Pseudounicornuate uterus,S
uterus_malformations,4338806,Rokitansky sequence,S
uterus_malformations,4046117,Rudimentary uterus in male,S
uterus_malformations,4220376,Segmental uterine aplasia,S
uterus_malformations,4109795,Solid rudimentary uterus,S
uterus_malformations,37312029,Uterine arteriovenous malformation,S
uterus_malformations,4188292,Uterus acollis,S
uterus_malformations,4244530,Uterus arcuatus,S
uterus_malformations,4310798,Uterus bicameratus vetularum,S
uterus_malformations,4245809,Uterus bicornis affecting pregnancy,S
uterus_malformations,4248025,Uterus bicornis bicollis,S
uterus_malformations,36713395,Uterus bicornis bicollis with blind hemi-vagina,S
uterus_malformations,36713396,Uterus bicornis bicollis with patent cervix and vagina,S
uterus_malformations,4237916,Uterus bicornis unicollis,S
uterus_malformations,4049412,Uterus bicornis unicollis with septate vagina,S
uterus_malformations,4197915,Uterus bicornuatus vetularum,S
uterus_malformations,4185224,Uterus biforis,S
uterus_malformations,4331291,Uterus bilocularis,S
uterus_malformations,4032777,Uterus cordiformis,S
uterus_malformations,4095095,Uterus incudiformis,S
uterus_malformations,4102854,Uterus parvicollis,S
uterus_malformations,4201748,Uterus subseptus,S
uterus_malformations,4028991,Uterus unicornis,S
chronic_viral_hepatitis,4283078,NA,NA
chronic_viral_hepatitis,4296554,NA,NA
chronic_viral_hepatitis,4340380,NA,NA
chronic_viral_hepatitis,45769525,NA,NA
chronic_viral_hepatitis,4232466,NA,NA
chronic_viral_hepatitis,46270142,NA,NA
chronic_viral_hepatitis,197493,NA,NA
chronic_viral_hepatitis,199867,NA,NA
chronic_viral_hepatitis,4015842,NA,NA
chronic_viral_hepatitis,4173584,NA,NA
chronic_viral_hepatitis,35625139,NA,NA
chronic_viral_hepatitis,35625140,NA,NA
chronic_viral_hepatitis,35625141,NA,NA
chronic_viral_hepatitis,43531723,NA,NA
chronic_viral_hepatitis,198964,NA,NA
chronic_viral_hepatitis,200763,NA,NA
chronic_viral_hepatitis,4012113,NA,NA
chronic_viral_hepatitis,44792571,NA,NA
chronic_viral_hepatitis,45766656,NA,NA
chronic_viral_hepatitis,37175349,NA,NA
chronic_viral_hepatitis,4009793,NA,NA
chronic_viral_hepatitis,35625296,NA,NA
chronic_viral_hepatitis,1340280,NA,NA
chronic_viral_hepatitis,46270152,NA,NA
chronic_viral_hepatitis,194574,NA,NA
chronic_viral_hepatitis,4308946,NA,NA
chronic_viral_hepatitis,45757726,NA,NA
chronic_viral_hepatitis,35624866,NA,NA
chronic_viral_hepatitis,35625040,NA,NA
chronic_viral_hepatitis,42872885,NA,NA
chronic_viral_hepatitis,4026125,NA,NA
chronic_viral_hepatitis,35625295,NA,NA
chronic_viral_hepatitis,45757396,NA,NA
chronic_viral_hepatitis,3654685,NA,NA
chronic_viral_hepatitis,37017654,NA,NA
chronic_viral_hepatitis,192240,NA,NA
chronic_viral_hepatitis,439674,NA,NA
chronic_viral_hepatitis,763021,NA,NA
chronic_viral_hepatitis,4340379,NA,NA
chronic_viral_hepatitis,3654682,NA,NA
chronic_viral_hepatitis,4238978,NA,NA
chronic_viral_hepatitis,4247138,NA,NA
chronic_viral_hepatitis,35624867,NA,NA
chronic_viral_hepatitis,42536529,NA,NA
inflammatory_bowel_disease,4297644,NA,NA
inflammatory_bowel_disease,4264850,NA,NA
inflammatory_bowel_disease,46269876,NA,NA
inflammatory_bowel_disease,37116446,NA,NA
inflammatory_bowel_disease,37162884,NA,NA
inflammatory_bowel_disease,37162889,NA,NA
inflammatory_bowel_disease,4299294,NA,NA
inflammatory_bowel_disease,46269880,NA,NA
inflammatory_bowel_disease,46269887,NA,NA
inflammatory_bowel_disease,46269891,NA,NA
inflammatory_bowel_disease,4131542,NA,NA
inflammatory_bowel_disease,42537666,NA,NA
inflammatory_bowel_disease,37116713,NA,NA
inflammatory_bowel_disease,37162851,NA,NA
inflammatory_bowel_disease,37170088,NA,NA
inflammatory_bowel_disease,4210469,NA,NA
inflammatory_bowel_disease,4212992,NA,NA
inflammatory_bowel_disease,4239382,NA,NA
inflammatory_bowel_disease,46269874,NA,NA
inflammatory_bowel_disease,46269885,NA,NA
inflammatory_bowel_disease,36715915,NA,NA
inflammatory_bowel_disease,4057682,NA,NA
inflammatory_bowel_disease,4115377,NA,NA
inflammatory_bowel_disease,194684,NA,NA
inflammatory_bowel_disease,37172426,NA,NA
inflammatory_bowel_disease,4177488,NA,NA
inflammatory_bowel_disease,4242392,NA,NA
inflammatory_bowel_disease,46269883,NA,NA
inflammatory_bowel_disease,46269888,NA,NA
inflammatory_bowel_disease,4055019,NA,NA
inflammatory_bowel_disease,4122617,NA,NA
inflammatory_bowel_disease,195585,NA,NA
inflammatory_bowel_disease,37162871,NA,NA
inflammatory_bowel_disease,4323289,NA,NA
inflammatory_bowel_disease,4340114,NA,NA
inflammatory_bowel_disease,4253620,NA,NA
inflammatory_bowel_disease,4266370,NA,NA
inflammatory_bowel_disease,36686095,NA,NA
inflammatory_bowel_disease,36716986,NA,NA
inflammatory_bowel_disease,4055020,NA,NA
inflammatory_bowel_disease,4055884,NA,NA
inflammatory_bowel_disease,37111373,NA,NA
inflammatory_bowel_disease,37170274,NA,NA
inflammatory_bowel_disease,4290835,NA,NA
inflammatory_bowel_disease,4340812,NA,NA
inflammatory_bowel_disease,46269890,NA,NA
inflammatory_bowel_disease,46269878,NA,NA
inflammatory_bowel_disease,46269881,NA,NA
inflammatory_bowel_disease,4292361,NA,NA
inflammatory_bowel_disease,4342643,NA,NA
inflammatory_bowel_disease,4246693,NA,NA
inflammatory_bowel_disease,46269882,NA,NA
inflammatory_bowel_disease,46269877,NA,NA
inflammatory_bowel_disease,46269884,NA,NA
inflammatory_bowel_disease,46274073,NA,NA
inflammatory_bowel_disease,1340297,NA,NA
inflammatory_bowel_disease,37162890,NA,NA
inflammatory_bowel_disease,37162865,NA,NA
inflammatory_bowel_disease,37172546,NA,NA
inflammatory_bowel_disease,4297643,NA,NA
inflammatory_bowel_disease,4142544,NA,NA
inflammatory_bowel_disease,4212991,NA,NA
inflammatory_bowel_disease,4244235,NA,NA
inflammatory_bowel_disease,46269875,NA,NA
inflammatory_bowel_disease,46269889,NA,NA
inflammatory_bowel_disease,46269879,NA,NA
inflammatory_bowel_disease,46269886,NA,NA
inflammatory_bowel_disease,36716695,NA,NA
inflammatory_bowel_disease,195575,NA,NA
inflammatory_bowel_disease,201606,NA,NA
inflammatory_bowel_disease,36715903,NA,NA
inflammatory_bowel_disease,4079736,NA,NA
inflammatory_bowel_disease,37162096,NA,NA
inflammatory_bowel_disease,1245350,NA,NA
inflammatory_bowel_disease,4243027,NA,NA
inflammatory_bowel_disease,36676688,NA,NA
inflammatory_bowel_disease,4270915,NA,NA
inflammatory_bowel_disease,1245349,NA,NA
inflammatory_bowel_disease,4035743,NA,NA
inflammatory_bowel_disease,4074815,NA,NA
inflammatory_bowel_disease,37161069,NA,NA
inflammatory_bowel_disease,37162066,NA,NA
inflammatory_bowel_disease,37165949,NA,NA
inflammatory_bowel_disease,37170948,NA,NA
inflammatory_bowel_disease,37173975,NA,NA
inflammatory_bowel_disease,37312266,NA,NA
inflammatory_bowel_disease,4341632,NA,NA
inflammatory_bowel_disease,44812007,NA,NA
inflammatory_bowel_disease,4217353,NA,NA
inflammatory_bowel_disease,606414,NA,NA
inflammatory_bowel_disease,36675057,NA,NA
inflammatory_bowel_disease,44784643,NA,NA
inflammatory_bowel_disease,37166126,NA,NA
inflammatory_bowel_disease,378419,NA,NA
inflammatory_bowel_disease,37395572,NA,NA
inflammatory_bowel_disease,608051,NA,NA
inflammatory_bowel_disease,603149,NA,NA
inflammatory_bowel_disease,608060,NA,NA
inflammatory_bowel_disease,37117145,NA,NA
inflammatory_bowel_disease,44782726,NA,NA
inflammatory_bowel_disease,43530664,NA,NA
inflammatory_bowel_disease,44782727,NA,NA
inflammatory_bowel_disease,44782432,NA,NA
inflammatory_bowel_disease,36717455,NA,NA
inflammatory_bowel_disease,4043241,NA,NA
inflammatory_bowel_disease,4043243,NA,NA
inflammatory_bowel_disease,4043377,NA,NA
inflammatory_bowel_disease,37167060,NA,NA
inflammatory_bowel_disease,37167043,NA,NA
inflammatory_bowel_disease,4218017,NA,NA
inflammatory_bowel_disease,44782941,NA,NA
inflammatory_bowel_disease,4277444,NA,NA
inflammatory_bowel_disease,4277746,NA,NA
inflammatory_bowel_disease,4182539,NA,NA
inflammatory_bowel_disease,4019705,NA,NA
inflammatory_bowel_disease,4220313,NA,NA
inflammatory_bowel_disease,44782940,NA,NA
inflammatory_bowel_disease,4278830,NA,NA
inflammatory_bowel_disease,762578,NA,NA
inflammatory_bowel_disease,4167839,NA,NA
inflammatory_bowel_disease,4204688,NA,NA
inflammatory_bowel_disease,4097384,NA,NA
inflammatory_bowel_disease,1340510,NA,NA
inflammatory_bowel_disease,4043379,NA,NA
inflammatory_bowel_disease,37312036,NA,NA
inflammatory_bowel_disease,37312035,NA,NA
inflammatory_bowel_disease,37397762,NA,NA
inflammatory_bowel_disease,44784620,NA,NA
inflammatory_bowel_disease,4041685,NA,NA
inflammatory_bowel_disease,37166122,NA,NA
inflammatory_bowel_disease,3654598,NA,NA
inflammatory_bowel_disease,37166121,NA,NA
inflammatory_bowel_disease,37166119,NA,NA
inflammatory_bowel_disease,37312031,NA,NA
inflammatory_bowel_disease,37312030,NA,NA
inflammatory_bowel_disease,4046087,NA,NA
inflammatory_bowel_disease,376094,NA,NA
inflammatory_bowel_disease,374326,NA,NA
inflammatory_bowel_disease,4100252,NA,NA
inflammatory_bowel_disease,35608576,NA,NA
inflammatory_bowel_disease,37155661,NA,NA
inflammatory_bowel_disease,37399020,NA,NA
inflammatory_bowel_disease,4092747,NA,NA
inflammatory_bowel_disease,3654909,NA,NA
inflammatory_bowel_disease,3654434,NA,NA
inflammatory_bowel_disease,37160714,NA,NA
inflammatory_bowel_disease,372241,NA,NA
inflammatory_bowel_disease,3655293,NA,NA
inflammatory_bowel_disease,4182210,NA,NA
inflammatory_bowel_disease,35610623,NA,NA
inflammatory_bowel_disease,46284993,NA,NA
inflammatory_bowel_disease,36685490,NA,NA
inflammatory_bowel_disease,44791022,NA,NA
inflammatory_bowel_disease,378726,NA,NA
inflammatory_bowel_disease,374888,NA,NA
inflammatory_bowel_disease,44784607,NA,NA
inflammatory_bowel_disease,44784472,NA,NA
inflammatory_bowel_disease,44784474,NA,NA
inflammatory_bowel_disease,44784559,NA,NA
inflammatory_bowel_disease,44784473,NA,NA
inflammatory_bowel_disease,4314734,NA,NA
inflammatory_bowel_disease,44784560,NA,NA
inflammatory_bowel_disease,46284876,NA,NA
inflammatory_bowel_disease,46287028,NA,NA
inflammatory_bowel_disease,46287191,NA,NA
inflammatory_bowel_disease,37116464,NA,NA
inflammatory_bowel_disease,37162187,NA,NA
inflammatory_bowel_disease,37311999,NA,NA
inflammatory_bowel_disease,36716795,NA,NA
inflammatory_bowel_disease,37017549,NA,NA
inflammatory_bowel_disease,37166448,NA,NA
inflammatory_bowel_disease,42538610,NA,NA
inflammatory_bowel_disease,37166530,NA,NA
inflammatory_bowel_disease,37166443,NA,NA
inflammatory_bowel_disease,37166436,NA,NA
inflammatory_bowel_disease,3654920,NA,NA
inflammatory_bowel_disease,37166438,NA,NA
inflammatory_bowel_disease,37166354,NA,NA
inflammatory_bowel_disease,37166351,NA,NA
inflammatory_bowel_disease,36716797,NA,NA
inflammatory_bowel_disease,37116466,NA,NA
inflammatory_bowel_disease,37166714,NA,NA
inflammatory_bowel_disease,37162180,NA,NA
inflammatory_bowel_disease,4180284,NA,NA
inflammatory_bowel_disease,606974,NA,NA
inflammatory_bowel_disease,37110513,NA,NA
inflammatory_bowel_disease,37166345,NA,NA
inflammatory_bowel_disease,37166347,NA,NA
inflammatory_bowel_disease,37166340,NA,NA
inflammatory_bowel_disease,37166343,NA,NA
inflammatory_bowel_disease,37166336,NA,NA
inflammatory_bowel_disease,37166338,NA,NA
inflammatory_bowel_disease,37166364,NA,NA
inflammatory_bowel_disease,37166332,NA,NA
inflammatory_bowel_disease,37116467,NA,NA
inflammatory_bowel_disease,40483103,NA,NA
inflammatory_bowel_disease,37166334,NA,NA
inflammatory_bowel_disease,37166393,NA,NA
inflammatory_bowel_disease,37166368,NA,NA
inflammatory_bowel_disease,37119154,NA,NA
inflammatory_bowel_disease,3654921,NA,NA
inflammatory_bowel_disease,37166366,NA,NA
inflammatory_bowel_disease,37166359,NA,NA
inflammatory_bowel_disease,37166361,NA,NA
inflammatory_bowel_disease,36716796,NA,NA
inflammatory_bowel_disease,37166357,NA,NA
inflammatory_bowel_disease,44782559,NA,NA
inflammatory_bowel_disease,37166528,NA,NA
inflammatory_bowel_disease,37166524,NA,NA
inflammatory_bowel_disease,37162181,NA,NA
inflammatory_bowel_disease,37162183,NA,NA
inflammatory_bowel_disease,37166526,NA,NA
inflammatory_bowel_disease,37166519,NA,NA
inflammatory_bowel_disease,44782422,NA,NA
inflammatory_bowel_disease,37311998,NA,NA
inflammatory_bowel_disease,44782710,NA,NA
inflammatory_bowel_disease,37166515,NA,NA
inflammatory_bowel_disease,37116465,NA,NA
inflammatory_bowel_disease,42538609,NA,NA
inflammatory_bowel_disease,37166517,NA,NA
inflammatory_bowel_disease,37166508,NA,NA
inflammatory_bowel_disease,37166513,NA,NA
inflammatory_bowel_disease,37166391,NA,NA
inflammatory_bowel_disease,37166382,NA,NA
inflammatory_bowel_disease,37166380,NA,NA
inflammatory_bowel_disease,37162179,NA,NA
inflammatory_bowel_disease,37166387,NA,NA
inflammatory_bowel_disease,37166385,NA,NA
inflammatory_bowel_disease,37162177,NA,NA
inflammatory_bowel_disease,37166376,NA,NA
inflammatory_bowel_disease,37166374,NA,NA
inflammatory_bowel_disease,42535731,NA,NA
inflammatory_bowel_disease,44782935,NA,NA
inflammatory_bowel_disease,44790944,NA,NA
inflammatory_bowel_disease,44803643,NA,NA
inflammatory_bowel_disease,44804339,NA,NA
inflammatory_bowel_disease,44803915,NA,NA
inflammatory_bowel_disease,44803843,NA,NA
inflammatory_bowel_disease,44803781,NA,NA
inflammatory_bowel_disease,44803706,NA,NA
inflammatory_bowel_disease,441002,NA,NA
inflammatory_bowel_disease,4307791,NA,NA
inflammatory_bowel_disease,42742416,NA,NA
inflammatory_bowel_disease,42742417,NA,NA
inflammatory_bowel_disease,4228133,NA,NA
inflammatory_bowel_disease,43530666,NA,NA
inflammatory_bowel_disease,37116469,NA,NA
inflammatory_bowel_disease,37116468,NA,NA
inflammatory_bowel_disease,4244346,NA,NA
inflammatory_bowel_disease,380701,NA,NA
inflammatory_bowel_disease,4178618,NA,NA
inflammatory_bowel_disease,37311665,NA,NA
inflammatory_bowel_disease,37166073,NA,NA
inflammatory_bowel_disease,376095,NA,NA
inflammatory_bowel_disease,37110677,NA,NA
inflammatory_bowel_disease,37018608,NA,NA
inflammatory_bowel_disease,1340302,NA,NA
inflammatory_bowel_disease,37396114,NA,NA
inflammatory_bowel_disease,45773367,NA,NA
inflammatory_bowel_disease,37166883,NA,NA
inflammatory_bowel_disease,36676900,NA,NA
inflammatory_bowel_disease,4044051,NA,NA
inflammatory_bowel_disease,4044050,NA,NA
inflammatory_bowel_disease,4043378,NA,NA
inflammatory_bowel_disease,37166906,NA,NA
inflammatory_bowel_disease,37166907,NA,NA
inflammatory_bowel_disease,37166904,NA,NA
inflammatory_bowel_disease,37166905,NA,NA
inflammatory_bowel_disease,45765480,NA,NA
inflammatory_bowel_disease,377788,NA,NA
inflammatory_bowel_disease,45765477,NA,NA
inflammatory_bowel_disease,37109222,NA,NA
inflammatory_bowel_disease,37396005,NA,NA
inflammatory_bowel_disease,45766396,NA,NA
inflammatory_bowel_disease,4139421,NA,NA
inflammatory_bowel_disease,36717248,NA,NA
inflammatory_bowel_disease,4043381,NA,NA
inflammatory_bowel_disease,4044415,NA,NA
inflammatory_bowel_disease,44782763,NA,NA
inflammatory_bowel_disease,37396532,NA,NA
inflammatory_bowel_disease,4046090,NA,NA
inflammatory_bowel_disease,43021816,NA,NA
inflammatory_bowel_disease,45765899,NA,NA
inflammatory_bowel_disease,762704,NA,NA
inflammatory_bowel_disease,379778,NA,NA
inflammatory_bowel_disease,37395562,NA,NA
inflammatory_bowel_disease,444091,NA,NA
inflammatory_bowel_disease,443790,NA,NA
inflammatory_bowel_disease,443864,NA,NA
inflammatory_bowel_disease,377254,NA,NA
inflammatory_bowel_disease,37167016,NA,NA
inflammatory_bowel_disease,4312473,NA,NA
inflammatory_bowel_disease,45771339,NA,NA
inflammatory_bowel_disease,42536358,NA,NA
inflammatory_bowel_disease,4224860,NA,NA
inflammatory_bowel_disease,37396063,NA,NA
inflammatory_bowel_disease,4047748,NA,NA
inflammatory_bowel_disease,44803362,NA,NA
inflammatory_bowel_disease,4047744,NA,NA
inflammatory_bowel_disease,4044049,NA,NA
inflammatory_bowel_disease,37166441,NA,NA
inflammatory_bowel_disease,44784521,NA,NA
inflammatory_bowel_disease,35610098,NA,NA
inflammatory_bowel_disease,35610099,NA,NA
inflammatory_bowel_disease,378125,NA,NA
inflammatory_bowel_disease,37017247,NA,NA
inflammatory_bowel_disease,4224240,NA,NA
inflammatory_bowel_disease,381832,NA,NA
inflammatory_bowel_disease,44782771,NA,NA
inflammatory_bowel_disease,377527,NA,NA
inflammatory_bowel_disease,4098163,NA,NA
inflammatory_bowel_disease,35610096,NA,NA
inflammatory_bowel_disease,43020444,NA,NA
inflammatory_bowel_disease,36674472,NA,NA
inflammatory_bowel_disease,37311890,NA,NA
inflammatory_bowel_disease,37109635,NA,NA
inflammatory_bowel_disease,37396752,NA,NA
inflammatory_bowel_disease,4245766,NA,NA
inflammatory_bowel_disease,4046091,NA,NA
inflammatory_bowel_disease,4048875,NA,NA
inflammatory_bowel_disease,4196433,NA,NA
inflammatory_bowel_disease,376946,NA,NA
inflammatory_bowel_disease,380986,NA,NA
inflammatory_bowel_disease,379784,NA,NA
inflammatory_bowel_disease,4101137,NA,NA
inflammatory_bowel_disease,4100250,NA,NA
inflammatory_bowel_disease,4159643,NA,NA
inflammatory_bowel_disease,45765900,NA,NA
inflammatory_bowel_disease,765653,NA,NA
inflammatory_bowel_disease,36676628,NA,NA
inflammatory_bowel_disease,36714514,NA,NA
inflammatory_bowel_disease,36714691,NA,NA
inflammatory_bowel_disease,37016908,NA,NA
inflammatory_bowel_disease,37161157,NA,NA
inflammatory_bowel_disease,42538857,NA,NA
inflammatory_bowel_disease,4047747,NA,NA
inflammatory_bowel_disease,36717598,NA,NA
inflammatory_bowel_disease,439276,NA,NA
inflammatory_bowel_disease,376085,NA,NA
inflammatory_bowel_disease,375791,NA,NA
inflammatory_bowel_disease,443605,NA,NA
inflammatory_bowel_disease,44782934,NA,NA
inflammatory_bowel_disease,4046089,NA,NA
inflammatory_bowel_disease,37018688,NA,NA
inflammatory_bowel_disease,37109056,NA,NA
inflammatory_bowel_disease,37312577,NA,NA
ckd,4128067,NA,NA
ckd,36674698,NA,NA
ckd,37019193,NA,NA
ckd,45768813,NA,NA
ckd,443961,NA,NA
ckd,42872405,NA,NA
ckd,764011,NA,NA
ckd,765535,NA,NA
ckd,762000,NA,NA
ckd,762001,NA,NA
ckd,765536,NA,NA
ckd,760850,NA,NA
ckd,46271022,NA,NA
ckd,46270353,NA,NA
ckd,44782429,NA,NA
ckd,36717349,NA,NA
ckd,36716455,NA,NA
ckd,45773688,NA,NA
ckd,43531578,NA,NA
ckd,36716184,NA,NA
ckd,36717534,NA,NA
ckd,37017104,NA,NA
ckd,443614,NA,NA
ckd,46270354,NA,NA
ckd,601161,NA,NA
ckd,44782703,NA,NA
ckd,45773576,NA,NA
ckd,43531559,NA,NA
ckd,44792226,NA,NA
ckd,44792227,NA,NA
ckd,443601,NA,NA
ckd,46270355,NA,NA
ckd,601162,NA,NA
ckd,44782692,NA,NA
ckd,45769901,NA,NA
ckd,43531566,NA,NA
ckd,44792228,NA,NA
ckd,44792229,NA,NA
ckd,443597,NA,NA
ckd,46273636,NA,NA
ckd,601163,NA,NA
ckd,44782691,NA,NA
ckd,45771075,NA,NA
ckd,43531653,NA,NA
ckd,44792230,NA,NA
ckd,44792231,NA,NA
ckd,45763854,NA,NA
ckd,44792232,NA,NA
ckd,44792249,NA,NA
ckd,45763855,NA,NA
ckd,44792250,NA,NA
ckd,44792251,NA,NA
ckd,443612,NA,NA
ckd,46273514,NA,NA
ckd,601164,NA,NA
ckd,44782689,NA,NA
ckd,45769902,NA,NA
ckd,43531577,NA,NA
ckd,44792252,NA,NA
ckd,44792253,NA,NA
ckd,443611,NA,NA
ckd,46270356,NA,NA
ckd,601165,NA,NA
ckd,44782690,NA,NA
ckd,45769903,NA,NA
ckd,43531562,NA,NA
ckd,37017813,NA,NA
ckd,44792254,NA,NA
ckd,37018761,NA,NA
ckd,44792255,NA,NA
ckd,619679,NA,NA
ckd,4322556,NA,NA
ckd,198185,NA,NA
ckd,36716947,NA,NA
ckd,46284566,NA,NA
ckd,46284567,NA,NA
ckd,46284570,NA,NA
ckd,46284572,NA,NA
ckd,46287169,NA,NA
ckd,46284575,NA,NA
ckd,46284587,NA,NA
ckd,46286992,NA,NA
ckd,46284588,NA,NA
ckd,46284591,NA,NA
ckd,46284592,NA,NA
ckd,46284593,NA,NA
ckd,46284597,NA,NA
ckd,46284598,NA,NA
ckd,46284599,NA,NA
ckd,46284600,NA,NA
ckd,46284602,NA,NA
ckd,46284603,NA,NA
ckd,193782,NA,NA
ckd,46273164,NA,NA
ckd,37018886,NA,NA
ckd,601166,NA,NA
ckd,44782717,NA,NA
ckd,45769904,NA,NA
ckd,45769906,NA,NA
ckd,4030520,NA,NA
ckd,4128200,NA,NA
ckd,4125970,NA,NA
ckd,1340282,NA,NA
ckd,45772751,NA,NA
ckd,45757393,NA,NA
ckd,45757392,NA,NA
ckd,45771067,NA,NA
ckd,45771064,NA,NA
ckd,45757447,NA,NA
ckd,45757446,NA,NA
ckd,45757445,NA,NA
ckd,45757444,NA,NA
ckd,762973,NA,NA
ckd,44784621,NA,NA
ckd,44784637,NA,NA
ckd,44784640,NA,NA
ckd,43021836,NA,NA
ckd,43021835,NA,NA
ckd,44784639,NA,NA
ckd,44784638,NA,NA
ckd,43021852,NA,NA
ckd,43021853,NA,NA
ckd,43021854,NA,NA
ckd,43020456,NA,NA
ckd,43020457,NA,NA
ckd,43020437,NA,NA
ckd,43020455,NA,NA
ckd,43021864,NA,NA
ckd,762033,NA,NA
ckd,762034,NA,NA
ckd,46270969,NA,NA
ckd,45757356,NA,NA
ckd,45757137,NA,NA
ckd,45757139,NA,NA
ckd,197921,NA,NA
ckd,619681,NA,NA
ckd,619683,NA,NA
ckd,619682,NA,NA
malignant_neoplastic_disease,75488,NA,NA
malignant_neoplastic_disease,45768873,NA,NA
malignant_neoplastic_disease,4283879,NA,NA
malignant_neoplastic_disease,135765,NA,NA
malignant_neoplastic_disease,600665,NA,NA
malignant_neoplastic_disease,37395579,NA,NA
malignant_neoplastic_disease,4312152,NA,NA
malignant_neoplastic_disease,609197,NA,NA
malignant_neoplastic_disease,37016170,NA,NA
malignant_neoplastic_disease,607977,NA,NA
malignant_neoplastic_disease,602036,NA,NA
malignant_neoplastic_disease,4289380,NA,NA
malignant_neoplastic_disease,40488048,NA,NA
malignant_neoplastic_disease,601131,NA,NA
malignant_neoplastic_disease,602010,NA,NA
malignant_neoplastic_disease,4178975,NA,NA
malignant_neoplastic_disease,605446,NA,NA
malignant_neoplastic_disease,606199,NA,NA
malignant_neoplastic_disease,608244,NA,NA
malignant_neoplastic_disease,602068,NA,NA
malignant_neoplastic_disease,605464,NA,NA
malignant_neoplastic_disease,605453,NA,NA
malignant_neoplastic_disease,4116219,NA,NA
malignant_neoplastic_disease,42538692,NA,NA
malignant_neoplastic_disease,4300681,NA,NA
malignant_neoplastic_disease,45768878,NA,NA
malignant_neoplastic_disease,37399544,NA,NA
malignant_neoplastic_disease,609180,NA,NA
malignant_neoplastic_disease,36676729,NA,NA
malignant_neoplastic_disease,36717182,NA,NA
malignant_neoplastic_disease,4312938,NA,NA
malignant_neoplastic_disease,606747,NA,NA
malignant_neoplastic_disease,4162133,NA,NA
malignant_neoplastic_disease,4046873,NA,NA
malignant_neoplastic_disease,608049,NA,NA
malignant_neoplastic_disease,608944,NA,NA
malignant_neoplastic_disease,609200,NA,NA
malignant_neoplastic_disease,43530697,NA,NA
malignant_neoplastic_disease,605468,NA,NA
malignant_neoplastic_disease,199771,NA,NA
malignant_neoplastic_disease,4313796,NA,NA
malignant_neoplastic_disease,602104,NA,NA
malignant_neoplastic_disease,602046,NA,NA
malignant_neoplastic_disease,601136,NA,NA
malignant_neoplastic_disease,602006,NA,NA
malignant_neoplastic_disease,4281164,NA,NA
malignant_neoplastic_disease,201240,NA,NA
malignant_neoplastic_disease,602673,NA,NA
malignant_neoplastic_disease,608979,NA,NA
malignant_neoplastic_disease,605475,NA,NA
malignant_neoplastic_disease,36713671,NA,NA
malignant_neoplastic_disease,602089,NA,NA
malignant_neoplastic_disease,40489473,NA,NA
malignant_neoplastic_disease,4312012,NA,NA
malignant_neoplastic_disease,609235,NA,NA
malignant_neoplastic_disease,602065,NA,NA
malignant_neoplastic_disease,761006,NA,NA
malignant_neoplastic_disease,40391739,NA,NA
malignant_neoplastic_disease,4312546,NA,NA
malignant_neoplastic_disease,37116448,NA,NA
malignant_neoplastic_disease,605199,NA,NA
malignant_neoplastic_disease,602131,NA,NA
malignant_neoplastic_disease,4315793,NA,NA
malignant_neoplastic_disease,603015,NA,NA
malignant_neoplastic_disease,602140,NA,NA
malignant_neoplastic_disease,608896,NA,NA
malignant_neoplastic_disease,602698,NA,NA
malignant_neoplastic_disease,4292379,NA,NA
malignant_neoplastic_disease,602158,NA,NA
malignant_neoplastic_disease,609201,NA,NA
malignant_neoplastic_disease,4314072,NA,NA
malignant_neoplastic_disease,4300686,NA,NA
malignant_neoplastic_disease,606916,NA,NA
malignant_neoplastic_disease,609202,NA,NA
malignant_neoplastic_disease,36715858,NA,NA
malignant_neoplastic_disease,607981,NA,NA
malignant_neoplastic_disease,602019,NA,NA
malignant_neoplastic_disease,4224745,NA,NA
malignant_neoplastic_disease,4246016,NA,NA
malignant_neoplastic_disease,37116589,NA,NA
malignant_neoplastic_disease,602071,NA,NA
malignant_neoplastic_disease,600832,NA,NA
malignant_neoplastic_disease,602688,NA,NA
malignant_neoplastic_disease,4291454,NA,NA
malignant_neoplastic_disease,618683,NA,NA
malignant_neoplastic_disease,4197582,NA,NA
malignant_neoplastic_disease,601127,NA,NA
malignant_neoplastic_disease,4177234,NA,NA
malignant_neoplastic_disease,602020,NA,NA
malignant_neoplastic_disease,36716485,NA,NA
malignant_neoplastic_disease,601149,NA,NA
malignant_neoplastic_disease,40493008,NA,NA
malignant_neoplastic_disease,603120,NA,NA
malignant_neoplastic_disease,4291148,NA,NA
malignant_neoplastic_disease,40489405,NA,NA
malignant_neoplastic_disease,601133,NA,NA
malignant_neoplastic_disease,608924,NA,NA
malignant_neoplastic_disease,605451,NA,NA
malignant_neoplastic_disease,605815,NA,NA
malignant_neoplastic_disease,4312703,NA,NA
malignant_neoplastic_disease,4095025,NA,NA
malignant_neoplastic_disease,603117,NA,NA
malignant_neoplastic_disease,607956,NA,NA
malignant_neoplastic_disease,80045,NA,NA
malignant_neoplastic_disease,4246133,NA,NA
malignant_neoplastic_disease,602693,NA,NA
malignant_neoplastic_disease,36717566,NA,NA
malignant_neoplastic_disease,607797,NA,NA
malignant_neoplastic_disease,601143,NA,NA
malignant_neoplastic_disease,605456,NA,NA
malignant_neoplastic_disease,609044,NA,NA
malignant_neoplastic_disease,4247823,NA,NA
malignant_neoplastic_disease,4315673,NA,NA
malignant_neoplastic_disease,4246794,NA,NA
malignant_neoplastic_disease,608938,NA,NA
malignant_neoplastic_disease,42539581,NA,NA
malignant_neoplastic_disease,4311636,NA,NA
malignant_neoplastic_disease,4313225,NA,NA
malignant_neoplastic_disease,36716502,NA,NA
malignant_neoplastic_disease,4246134,NA,NA
malignant_neoplastic_disease,602064,NA,NA
malignant_neoplastic_disease,3655363,NA,NA
malignant_neoplastic_disease,4312700,NA,NA
malignant_neoplastic_disease,4180780,NA,NA
malignant_neoplastic_disease,608940,NA,NA
malignant_neoplastic_disease,609126,NA,NA
malignant_neoplastic_disease,36717179,NA,NA
malignant_neoplastic_disease,4314193,NA,NA
malignant_neoplastic_disease,601126,NA,NA
malignant_neoplastic_disease,602106,NA,NA
malignant_neoplastic_disease,3655619,NA,NA
malignant_neoplastic_disease,602009,NA,NA
malignant_neoplastic_disease,602670,NA,NA
malignant_neoplastic_disease,4201622,NA,NA
malignant_neoplastic_disease,4110432,NA,NA
malignant_neoplastic_disease,4094865,NA,NA
malignant_neoplastic_disease,441245,NA,NA
malignant_neoplastic_disease,4116242,NA,NA
malignant_neoplastic_disease,4003684,NA,NA
malignant_neoplastic_disease,4219402,NA,NA
malignant_neoplastic_disease,4312934,NA,NA
malignant_neoplastic_disease,4216139,NA,NA
malignant_neoplastic_disease,4082491,NA,NA
malignant_neoplastic_disease,36717579,NA,NA
malignant_neoplastic_disease,4089663,NA,NA
malignant_neoplastic_disease,4095303,NA,NA
malignant_neoplastic_disease,37109901,NA,NA
malignant_neoplastic_disease,36715966,NA,NA
malignant_neoplastic_disease,4173962,NA,NA
malignant_neoplastic_disease,195483,NA,NA
malignant_neoplastic_disease,4094859,NA,NA
malignant_neoplastic_disease,37118651,NA,NA
malignant_neoplastic_disease,4311479,NA,NA
malignant_neoplastic_disease,4111221,NA,NA
malignant_neoplastic_disease,4313221,NA,NA
malignant_neoplastic_disease,4092223,NA,NA
malignant_neoplastic_disease,201517,NA,NA
malignant_neoplastic_disease,4089762,NA,NA
malignant_neoplastic_disease,36715808,NA,NA
malignant_neoplastic_disease,4173353,NA,NA
malignant_neoplastic_disease,45773564,NA,NA
malignant_neoplastic_disease,439293,NA,NA
malignant_neoplastic_disease,44784490,NA,NA
malignant_neoplastic_disease,37110402,NA,NA
malignant_neoplastic_disease,4089769,NA,NA
malignant_neoplastic_disease,4092227,NA,NA
malignant_neoplastic_disease,40492507,NA,NA
malignant_neoplastic_disease,442183,NA,NA
malignant_neoplastic_disease,4112073,NA,NA
malignant_neoplastic_disease,193429,NA,NA
malignant_neoplastic_disease,4281017,NA,NA
malignant_neoplastic_disease,4247944,NA,NA
malignant_neoplastic_disease,4116240,NA,NA
malignant_neoplastic_disease,439287,NA,NA
malignant_neoplastic_disease,4289094,NA,NA
malignant_neoplastic_disease,36716855,NA,NA
malignant_neoplastic_disease,764229,NA,NA
malignant_neoplastic_disease,435758,NA,NA
malignant_neoplastic_disease,4314360,NA,NA
malignant_neoplastic_disease,258981,NA,NA
malignant_neoplastic_disease,4309817,NA,NA
malignant_neoplastic_disease,37017243,NA,NA
malignant_neoplastic_disease,4314354,NA,NA
malignant_neoplastic_disease,37397555,NA,NA
malignant_neoplastic_disease,4313077,NA,NA
malignant_neoplastic_disease,4112760,NA,NA
malignant_neoplastic_disease,4312018,NA,NA
malignant_neoplastic_disease,4312395,NA,NA
malignant_neoplastic_disease,198988,NA,NA
malignant_neoplastic_disease,4313056,NA,NA
malignant_neoplastic_disease,4173963,NA,NA
malignant_neoplastic_disease,442152,NA,NA
malignant_neoplastic_disease,4089530,NA,NA
malignant_neoplastic_disease,37208325,NA,NA
malignant_neoplastic_disease,198984,NA,NA
malignant_neoplastic_disease,765459,NA,NA
malignant_neoplastic_disease,4111024,NA,NA
malignant_neoplastic_disease,4112490,NA,NA
malignant_neoplastic_disease,4177244,NA,NA
malignant_neoplastic_disease,4169288,NA,NA
malignant_neoplastic_disease,432263,NA,NA
malignant_neoplastic_disease,4188975,NA,NA
malignant_neoplastic_disease,35617882,NA,NA
malignant_neoplastic_disease,4089671,NA,NA
malignant_neoplastic_disease,4247824,NA,NA
malignant_neoplastic_disease,45768869,NA,NA
malignant_neoplastic_disease,4289677,NA,NA
malignant_neoplastic_disease,4110167,NA,NA
malignant_neoplastic_disease,45771284,NA,NA
malignant_neoplastic_disease,432837,NA,NA
malignant_neoplastic_disease,4297801,NA,NA
malignant_neoplastic_disease,4030667,NA,NA
malignant_neoplastic_disease,4312277,NA,NA
malignant_neoplastic_disease,4315657,NA,NA
malignant_neoplastic_disease,36686093,NA,NA
malignant_neoplastic_disease,4112854,NA,NA
malignant_neoplastic_disease,437805,NA,NA
malignant_neoplastic_disease,4082460,NA,NA
malignant_neoplastic_disease,78987,NA,NA
malignant_neoplastic_disease,443385,NA,NA
malignant_neoplastic_disease,4180788,NA,NA
malignant_neoplastic_disease,4003029,NA,NA
malignant_neoplastic_disease,4193703,NA,NA
malignant_neoplastic_disease,4311488,NA,NA
malignant_neoplastic_disease,4297186,NA,NA
malignant_neoplastic_disease,440335,NA,NA
malignant_neoplastic_disease,4001329,NA,NA
malignant_neoplastic_disease,4177243,NA,NA
malignant_neoplastic_disease,4314352,NA,NA
malignant_neoplastic_disease,4091333,NA,NA
malignant_neoplastic_disease,443568,NA,NA
malignant_neoplastic_disease,4116087,NA,NA
malignant_neoplastic_disease,35622339,NA,NA
malignant_neoplastic_disease,4312547,NA,NA
malignant_neoplastic_disease,37109303,NA,NA
malignant_neoplastic_disease,44782589,NA,NA
malignant_neoplastic_disease,4089778,NA,NA
malignant_neoplastic_disease,442144,NA,NA
malignant_neoplastic_disease,4301662,NA,NA
malignant_neoplastic_disease,4158977,NA,NA
malignant_neoplastic_disease,4177240,NA,NA
malignant_neoplastic_disease,4095602,NA,NA
malignant_neoplastic_disease,4111005,NA,NA
malignant_neoplastic_disease,438979,NA,NA
malignant_neoplastic_disease,44791581,NA,NA
malignant_neoplastic_disease,4110731,NA,NA
malignant_neoplastic_disease,4082627,NA,NA
malignant_neoplastic_disease,4095148,NA,NA
malignant_neoplastic_disease,4264693,NA,NA
malignant_neoplastic_disease,4095586,NA,NA
malignant_neoplastic_disease,256633,NA,NA
malignant_neoplastic_disease,4144302,NA,NA
malignant_neoplastic_disease,4315686,NA,NA
malignant_neoplastic_disease,36684463,NA,NA
malignant_neoplastic_disease,4109233,NA,NA
malignant_neoplastic_disease,4314337,NA,NA
malignant_neoplastic_disease,4116220,NA,NA
malignant_neoplastic_disease,4095304,NA,NA
malignant_neoplastic_disease,4246455,NA,NA
malignant_neoplastic_disease,194585,NA,NA
malignant_neoplastic_disease,36716186,NA,NA
malignant_neoplastic_disease,4312282,NA,NA
malignant_neoplastic_disease,45768863,NA,NA
malignant_neoplastic_disease,4281160,NA,NA
malignant_neoplastic_disease,4083496,NA,NA
malignant_neoplastic_disease,376647,NA,NA
malignant_neoplastic_disease,4258703,NA,NA
malignant_neoplastic_disease,4112872,NA,NA
malignant_neoplastic_disease,435752,NA,NA
malignant_neoplastic_disease,80665,NA,NA
malignant_neoplastic_disease,4312676,NA,NA
malignant_neoplastic_disease,45757107,NA,NA
malignant_neoplastic_disease,45765770,NA,NA
malignant_neoplastic_disease,4110705,NA,NA
malignant_neoplastic_disease,4289683,NA,NA
malignant_neoplastic_disease,35610331,NA,NA
malignant_neoplastic_disease,4166589,NA,NA
malignant_neoplastic_disease,4201015,NA,NA
malignant_neoplastic_disease,36684947,NA,NA
malignant_neoplastic_disease,35617871,NA,NA
malignant_neoplastic_disease,36715854,NA,NA
malignant_neoplastic_disease,4311339,NA,NA
malignant_neoplastic_disease,4110571,NA,NA
malignant_neoplastic_disease,4183629,NA,NA
malignant_neoplastic_disease,4289098,NA,NA
malignant_neoplastic_disease,4313086,NA,NA
malignant_neoplastic_disease,4207131,NA,NA
malignant_neoplastic_disease,433148,NA,NA
malignant_neoplastic_disease,35610244,NA,NA
malignant_neoplastic_disease,196921,NA,NA
malignant_neoplastic_disease,759940,NA,NA
malignant_neoplastic_disease,4244488,NA,NA
malignant_neoplastic_disease,4095430,NA,NA
malignant_neoplastic_disease,4289378,NA,NA
malignant_neoplastic_disease,4314484,NA,NA
malignant_neoplastic_disease,4246224,NA,NA
malignant_neoplastic_disease,36715865,NA,NA
malignant_neoplastic_disease,4283888,NA,NA
malignant_neoplastic_disease,4114337,NA,NA
malignant_neoplastic_disease,4174891,NA,NA
malignant_neoplastic_disease,4313925,NA,NA
malignant_neoplastic_disease,4193165,NA,NA
malignant_neoplastic_disease,73153,NA,NA
malignant_neoplastic_disease,4110591,NA,NA
malignant_neoplastic_disease,24296,NA,NA
malignant_neoplastic_disease,442162,NA,NA
malignant_neoplastic_disease,4092060,NA,NA
malignant_neoplastic_disease,37395650,NA,NA
malignant_neoplastic_disease,434881,NA,NA
malignant_neoplastic_disease,45769408,NA,NA
malignant_neoplastic_disease,4095294,NA,NA
malignant_neoplastic_disease,45769098,NA,NA
malignant_neoplastic_disease,197232,NA,NA
malignant_neoplastic_disease,37016197,NA,NA
malignant_neoplastic_disease,4311329,NA,NA
malignant_neoplastic_disease,4089646,NA,NA
malignant_neoplastic_disease,45768952,NA,NA
malignant_neoplastic_disease,37110269,NA,NA
malignant_neoplastic_disease,4246031,NA,NA
malignant_neoplastic_disease,198705,NA,NA
malignant_neoplastic_disease,4283743,NA,NA
malignant_neoplastic_disease,4112605,NA,NA
malignant_neoplastic_disease,4116578,NA,NA
malignant_neoplastic_disease,36717622,NA,NA
malignant_neoplastic_disease,4237178,NA,NA
malignant_neoplastic_disease,4246226,NA,NA
malignant_neoplastic_disease,4183628,NA,NA
malignant_neoplastic_disease,4173976,NA,NA
malignant_neoplastic_disease,36717017,NA,NA
malignant_neoplastic_disease,4314199,NA,NA
malignant_neoplastic_disease,196648,NA,NA
malignant_neoplastic_disease,435755,NA,NA
malignant_neoplastic_disease,442174,NA,NA
malignant_neoplastic_disease,4302810,NA,NA
malignant_neoplastic_disease,4234749,NA,NA
malignant_neoplastic_disease,36717461,NA,NA
malignant_neoplastic_disease,4202789,NA,NA
malignant_neoplastic_disease,4092226,NA,NA
malignant_neoplastic_disease,443397,NA,NA
malignant_neoplastic_disease,4157331,NA,NA
malignant_neoplastic_disease,4081043,NA,NA
malignant_neoplastic_disease,4289096,NA,NA
malignant_neoplastic_disease,4092379,NA,NA
malignant_neoplastic_disease,4201477,NA,NA
malignant_neoplastic_disease,4311895,NA,NA
malignant_neoplastic_disease,4003694,NA,NA
malignant_neoplastic_disease,4183337,NA,NA
malignant_neoplastic_disease,4312943,NA,NA
malignant_neoplastic_disease,4292382,NA,NA
malignant_neoplastic_disease,40492416,NA,NA
malignant_neoplastic_disease,4246246,NA,NA
malignant_neoplastic_disease,4149851,NA,NA
malignant_neoplastic_disease,192270,NA,NA
malignant_neoplastic_disease,4038838,NA,NA
malignant_neoplastic_disease,79740,NA,NA
malignant_neoplastic_disease,36715590,NA,NA
malignant_neoplastic_disease,4091612,NA,NA
malignant_neoplastic_disease,4110871,NA,NA
malignant_neoplastic_disease,36715835,NA,NA
malignant_neoplastic_disease,45768982,NA,NA
malignant_neoplastic_disease,4089761,NA,NA
malignant_neoplastic_disease,37396739,NA,NA
malignant_neoplastic_disease,4084147,NA,NA
malignant_neoplastic_disease,36716610,NA,NA
malignant_neoplastic_disease,4089666,NA,NA
malignant_neoplastic_disease,135764,NA,NA
malignant_neoplastic_disease,4248062,NA,NA
malignant_neoplastic_disease,37018647,NA,NA
malignant_neoplastic_disease,259755,NA,NA
malignant_neoplastic_disease,4311336,NA,NA
malignant_neoplastic_disease,37396745,NA,NA
malignant_neoplastic_disease,25757,NA,NA
malignant_neoplastic_disease,440341,NA,NA
malignant_neoplastic_disease,4247851,NA,NA
malignant_neoplastic_disease,4311497,NA,NA
malignant_neoplastic_disease,37118768,NA,NA
malignant_neoplastic_disease,36717231,NA,NA
malignant_neoplastic_disease,4315545,NA,NA
malignant_neoplastic_disease,4115293,NA,NA
malignant_neoplastic_disease,45768945,NA,NA
malignant_neoplastic_disease,4247846,NA,NA
malignant_neoplastic_disease,4112969,NA,NA
malignant_neoplastic_disease,4091465,NA,NA
malignant_neoplastic_disease,4312825,NA,NA
malignant_neoplastic_disease,40486637,NA,NA
malignant_neoplastic_disease,4177110,NA,NA
malignant_neoplastic_disease,378087,NA,NA
malignant_neoplastic_disease,4280899,NA,NA
malignant_neoplastic_disease,37116428,NA,NA
malignant_neoplastic_disease,75756,NA,NA
malignant_neoplastic_disease,4116341,NA,NA
malignant_neoplastic_disease,198088,NA,NA
malignant_neoplastic_disease,4095007,NA,NA
malignant_neoplastic_disease,375490,NA,NA
malignant_neoplastic_disease,4089774,NA,NA
malignant_neoplastic_disease,4097573,NA,NA
malignant_neoplastic_disease,4196259,NA,NA
malignant_neoplastic_disease,435207,NA,NA
malignant_neoplastic_disease,4096965,NA,NA
malignant_neoplastic_disease,443396,NA,NA
malignant_neoplastic_disease,4092375,NA,NA
malignant_neoplastic_disease,36687125,NA,NA
malignant_neoplastic_disease,4281161,NA,NA
malignant_neoplastic_disease,4181345,NA,NA
malignant_neoplastic_disease,36712707,NA,NA
malignant_neoplastic_disease,4247832,NA,NA
malignant_neoplastic_disease,4003179,NA,NA
malignant_neoplastic_disease,4092517,NA,NA
malignant_neoplastic_disease,40381321,NA,NA
malignant_neoplastic_disease,4246472,NA,NA
malignant_neoplastic_disease,440964,NA,NA
malignant_neoplastic_disease,37016120,NA,NA
malignant_neoplastic_disease,4299142,NA,NA
malignant_neoplastic_disease,435484,NA,NA
malignant_neoplastic_disease,4092377,NA,NA
malignant_neoplastic_disease,36717259,NA,NA
malignant_neoplastic_disease,3654650,NA,NA
malignant_neoplastic_disease,36717489,NA,NA
malignant_neoplastic_disease,4312682,NA,NA
malignant_neoplastic_disease,4091337,NA,NA
malignant_neoplastic_disease,35610249,NA,NA
malignant_neoplastic_disease,140057,NA,NA
malignant_neoplastic_disease,4089661,NA,NA
malignant_neoplastic_disease,4156115,NA,NA
malignant_neoplastic_disease,4315674,NA,NA
malignant_neoplastic_disease,439282,NA,NA
malignant_neoplastic_disease,4095313,NA,NA
malignant_neoplastic_disease,4313216,NA,NA
malignant_neoplastic_disease,434587,NA,NA
malignant_neoplastic_disease,4312274,NA,NA
malignant_neoplastic_disease,4092080,NA,NA
malignant_neoplastic_disease,4297187,NA,NA
malignant_neoplastic_disease,44792338,NA,NA
malignant_neoplastic_disease,442161,NA,NA
malignant_neoplastic_disease,40492985,NA,NA
malignant_neoplastic_disease,321526,NA,NA
malignant_neoplastic_disease,3655521,NA,NA
malignant_neoplastic_disease,4188545,NA,NA
malignant_neoplastic_disease,4112609,NA,NA
malignant_neoplastic_disease,4314192,NA,NA
malignant_neoplastic_disease,35622696,NA,NA
malignant_neoplastic_disease,4091614,NA,NA
malignant_neoplastic_disease,4110880,NA,NA
malignant_neoplastic_disease,759932,NA,NA
malignant_neoplastic_disease,42538151,NA,NA
malignant_neoplastic_disease,4283615,NA,NA
malignant_neoplastic_disease,4314480,NA,NA
malignant_neoplastic_disease,40486656,NA,NA
malignant_neoplastic_disease,140955,NA,NA
malignant_neoplastic_disease,4298027,NA,NA
malignant_neoplastic_disease,37110321,NA,NA
malignant_neoplastic_disease,4314347,NA,NA
malignant_neoplastic_disease,45772942,NA,NA
malignant_neoplastic_disease,37016196,NA,NA
malignant_neoplastic_disease,4197583,NA,NA
malignant_neoplastic_disease,439291,NA,NA
malignant_neoplastic_disease,140048,NA,NA
malignant_neoplastic_disease,35623630,NA,NA
malignant_neoplastic_disease,200355,NA,NA
malignant_neoplastic_disease,4095151,NA,NA
malignant_neoplastic_disease,436045,NA,NA
malignant_neoplastic_disease,372849,NA,NA
malignant_neoplastic_disease,4156114,NA,NA
malignant_neoplastic_disease,436652,NA,NA
malignant_neoplastic_disease,4110872,NA,NA
malignant_neoplastic_disease,35610248,NA,NA
malignant_neoplastic_disease,4297672,NA,NA
malignant_neoplastic_disease,35614875,NA,NA
malignant_neoplastic_disease,36683531,NA,NA
malignant_neoplastic_disease,4314063,NA,NA
malignant_neoplastic_disease,36716775,NA,NA
malignant_neoplastic_disease,4091490,NA,NA
malignant_neoplastic_disease,4092513,NA,NA
malignant_neoplastic_disease,4311485,NA,NA
malignant_neoplastic_disease,42537752,NA,NA
malignant_neoplastic_disease,4220181,NA,NA
malignant_neoplastic_disease,4111022,NA,NA
malignant_neoplastic_disease,4297189,NA,NA
malignant_neoplastic_disease,37018648,NA,NA
malignant_neoplastic_disease,4313751,NA,NA
malignant_neoplastic_disease,4114221,NA,NA
malignant_neoplastic_disease,37016118,NA,NA
malignant_neoplastic_disease,40492385,NA,NA
malignant_neoplastic_disease,45768868,NA,NA
malignant_neoplastic_disease,46270966,NA,NA
malignant_neoplastic_disease,442168,NA,NA
malignant_neoplastic_disease,4093012,NA,NA
malignant_neoplastic_disease,4166588,NA,NA
malignant_neoplastic_disease,4112964,NA,NA
malignant_neoplastic_disease,4248065,NA,NA
malignant_neoplastic_disease,4038841,NA,NA
malignant_neoplastic_disease,36715833,NA,NA
malignant_neoplastic_disease,4138903,NA,NA
malignant_neoplastic_disease,438373,NA,NA
malignant_neoplastic_disease,199754,NA,NA
malignant_neoplastic_disease,437501,NA,NA
malignant_neoplastic_disease,4178968,NA,NA
malignant_neoplastic_disease,4312564,NA,NA
malignant_neoplastic_disease,4094549,NA,NA
malignant_neoplastic_disease,4246015,NA,NA
malignant_neoplastic_disease,4090229,NA,NA
malignant_neoplastic_disease,4182917,NA,NA
malignant_neoplastic_disease,36716612,NA,NA
malignant_neoplastic_disease,318697,NA,NA
malignant_neoplastic_disease,4089520,NA,NA
malignant_neoplastic_disease,4112779,NA,NA
malignant_neoplastic_disease,4183338,NA,NA
malignant_neoplastic_disease,36717173,NA,NA
malignant_neoplastic_disease,4312956,NA,NA
malignant_neoplastic_disease,135489,NA,NA
malignant_neoplastic_disease,4294416,NA,NA
malignant_neoplastic_disease,4162996,NA,NA
malignant_neoplastic_disease,4313766,NA,NA
malignant_neoplastic_disease,201231,NA,NA
malignant_neoplastic_disease,4196263,NA,NA
malignant_neoplastic_disease,4173955,NA,NA
malignant_neoplastic_disease,40493020,NA,NA
malignant_neoplastic_disease,4301665,NA,NA
malignant_neoplastic_disease,4301427,NA,NA
malignant_neoplastic_disease,35610156,NA,NA
malignant_neoplastic_disease,4314055,NA,NA
malignant_neoplastic_disease,37116598,NA,NA
malignant_neoplastic_disease,3655297,NA,NA
malignant_neoplastic_disease,199752,NA,NA
malignant_neoplastic_disease,4079553,NA,NA
malignant_neoplastic_disease,137800,NA,NA
malignant_neoplastic_disease,4144193,NA,NA
malignant_neoplastic_disease,4119130,NA,NA
malignant_neoplastic_disease,36680610,NA,NA
malignant_neoplastic_disease,4258546,NA,NA
malignant_neoplastic_disease,4311619,NA,NA
malignant_neoplastic_disease,4313920,NA,NA
malignant_neoplastic_disease,4155295,NA,NA
malignant_neoplastic_disease,4313083,NA,NA
malignant_neoplastic_disease,194589,NA,NA
malignant_neoplastic_disease,4175529,NA,NA
malignant_neoplastic_disease,4180796,NA,NA
malignant_neoplastic_disease,4314495,NA,NA
malignant_neoplastic_disease,40481908,NA,NA
malignant_neoplastic_disease,443588,NA,NA
malignant_neoplastic_disease,4001170,NA,NA
malignant_neoplastic_disease,194876,NA,NA
malignant_neoplastic_disease,3655298,NA,NA
malignant_neoplastic_disease,4114199,NA,NA
malignant_neoplastic_disease,40493017,NA,NA
malignant_neoplastic_disease,374874,NA,NA
malignant_neoplastic_disease,4315539,NA,NA
malignant_neoplastic_disease,4095317,NA,NA
malignant_neoplastic_disease,35622644,NA,NA
malignant_neoplastic_disease,45772938,NA,NA
malignant_neoplastic_disease,4115298,NA,NA
malignant_neoplastic_disease,37311236,NA,NA
malignant_neoplastic_disease,4246127,NA,NA
malignant_neoplastic_disease,4312951,NA,NA
malignant_neoplastic_disease,4292381,NA,NA
malignant_neoplastic_disease,4110881,NA,NA
malignant_neoplastic_disease,4089647,NA,NA
malignant_neoplastic_disease,4247828,NA,NA
malignant_neoplastic_disease,36717225,NA,NA
malignant_neoplastic_disease,4091493,NA,NA
malignant_neoplastic_disease,4111799,NA,NA
malignant_neoplastic_disease,4313090,NA,NA
malignant_neoplastic_disease,4290984,NA,NA
malignant_neoplastic_disease,4307708,NA,NA
malignant_neoplastic_disease,4301517,NA,NA
malignant_neoplastic_disease,4246228,NA,NA
malignant_neoplastic_disease,4281037,NA,NA
malignant_neoplastic_disease,4246457,NA,NA
malignant_neoplastic_disease,4090228,NA,NA
malignant_neoplastic_disease,4112985,NA,NA
malignant_neoplastic_disease,4095019,NA,NA
malignant_neoplastic_disease,4089771,NA,NA
malignant_neoplastic_disease,4110428,NA,NA
malignant_neoplastic_disease,4092079,NA,NA
malignant_neoplastic_disease,4180781,NA,NA
malignant_neoplastic_disease,3655624,NA,NA
malignant_neoplastic_disease,40486562,NA,NA
malignant_neoplastic_disease,40492018,NA,NA
malignant_neoplastic_disease,765158,NA,NA
malignant_neoplastic_disease,4092058,NA,NA
malignant_neoplastic_disease,4082834,NA,NA
malignant_neoplastic_disease,40486161,NA,NA
malignant_neoplastic_disease,40489404,NA,NA
malignant_neoplastic_disease,4310448,NA,NA
malignant_neoplastic_disease,4322885,NA,NA
malignant_neoplastic_disease,4311334,NA,NA
malignant_neoplastic_disease,4246249,NA,NA
malignant_neoplastic_disease,37395835,NA,NA
malignant_neoplastic_disease,4095312,NA,NA
malignant_neoplastic_disease,4280901,NA,NA
malignant_neoplastic_disease,440050,NA,NA
malignant_neoplastic_disease,40485978,NA,NA
malignant_neoplastic_disease,37018872,NA,NA
malignant_neoplastic_disease,4116339,NA,NA
malignant_neoplastic_disease,4315661,NA,NA
malignant_neoplastic_disease,4196255,NA,NA
malignant_neoplastic_disease,437505,NA,NA
malignant_neoplastic_disease,4313934,NA,NA
malignant_neoplastic_disease,4191491,NA,NA
malignant_neoplastic_disease,4264112,NA,NA
malignant_neoplastic_disease,4196256,NA,NA
malignant_neoplastic_disease,4183632,NA,NA
malignant_neoplastic_disease,45768932,NA,NA
malignant_neoplastic_disease,4309400,NA,NA
malignant_neoplastic_disease,135214,NA,NA
malignant_neoplastic_disease,4315681,NA,NA
malignant_neoplastic_disease,4110435,NA,NA
malignant_neoplastic_disease,36716618,NA,NA
malignant_neoplastic_disease,4311756,NA,NA
malignant_neoplastic_disease,4311762,NA,NA
malignant_neoplastic_disease,140672,NA,NA
malignant_neoplastic_disease,4209933,NA,NA
malignant_neoplastic_disease,36715811,NA,NA
malignant_neoplastic_disease,35610180,NA,NA
malignant_neoplastic_disease,37204852,NA,NA
malignant_neoplastic_disease,4311631,NA,NA
malignant_neoplastic_disease,4315538,NA,NA
malignant_neoplastic_disease,4178973,NA,NA
malignant_neoplastic_disease,436358,NA,NA
malignant_neoplastic_disease,4114342,NA,NA
malignant_neoplastic_disease,4091492,NA,NA
malignant_neoplastic_disease,45768946,NA,NA
malignant_neoplastic_disease,4338760,NA,NA
malignant_neoplastic_disease,4112589,NA,NA
malignant_neoplastic_disease,37016119,NA,NA
malignant_neoplastic_disease,37016242,NA,NA
malignant_neoplastic_disease,42709761,NA,NA
malignant_neoplastic_disease,3654651,NA,NA
malignant_neoplastic_disease,4247227,NA,NA
malignant_neoplastic_disease,4177235,NA,NA
malignant_neoplastic_disease,4283878,NA,NA
malignant_neoplastic_disease,40486588,NA,NA
malignant_neoplastic_disease,4247847,NA,NA
malignant_neoplastic_disease,4248199,NA,NA
malignant_neoplastic_disease,4301648,NA,NA
malignant_neoplastic_disease,138994,NA,NA
malignant_neoplastic_disease,40487142,NA,NA
malignant_neoplastic_disease,4299273,NA,NA
malignant_neoplastic_disease,4115027,NA,NA
malignant_neoplastic_disease,35619952,NA,NA
malignant_neoplastic_disease,4311612,NA,NA
malignant_neoplastic_disease,36684472,NA,NA
malignant_neoplastic_disease,439738,NA,NA
malignant_neoplastic_disease,4094553,NA,NA
malignant_neoplastic_disease,442143,NA,NA
malignant_neoplastic_disease,440056,NA,NA
malignant_neoplastic_disease,36674831,NA,NA
malignant_neoplastic_disease,4246454,NA,NA
malignant_neoplastic_disease,4120590,NA,NA
malignant_neoplastic_disease,36715834,NA,NA
malignant_neoplastic_disease,37395573,NA,NA
malignant_neoplastic_disease,4246141,NA,NA
malignant_neoplastic_disease,197816,NA,NA
malignant_neoplastic_disease,4117851,NA,NA
malignant_neoplastic_disease,765717,NA,NA
malignant_neoplastic_disease,4091467,NA,NA
malignant_neoplastic_disease,36716856,NA,NA
malignant_neoplastic_disease,37399015,NA,NA
malignant_neoplastic_disease,37116597,NA,NA
malignant_neoplastic_disease,4133599,NA,NA
malignant_neoplastic_disease,45769825,NA,NA
malignant_neoplastic_disease,40486156,NA,NA
malignant_neoplastic_disease,45768841,NA,NA
malignant_neoplastic_disease,4314052,NA,NA
malignant_neoplastic_disease,4315678,NA,NA
malignant_neoplastic_disease,4094998,NA,NA
malignant_neoplastic_disease,40486565,NA,NA
malignant_neoplastic_disease,44783718,NA,NA
malignant_neoplastic_disease,4300215,NA,NA
malignant_neoplastic_disease,40491441,NA,NA
malignant_neoplastic_disease,198710,NA,NA
malignant_neoplastic_disease,40488899,NA,NA
malignant_neoplastic_disease,437817,NA,NA
malignant_neoplastic_disease,4097707,NA,NA
malignant_neoplastic_disease,4301647,NA,NA
malignant_neoplastic_disease,4112488,NA,NA
malignant_neoplastic_disease,4002498,NA,NA
malignant_neoplastic_disease,37016662,NA,NA
malignant_neoplastic_disease,4311627,NA,NA
malignant_neoplastic_disease,195195,NA,NA
malignant_neoplastic_disease,4092214,NA,NA
malignant_neoplastic_disease,45768922,NA,NA
malignant_neoplastic_disease,4095595,NA,NA
malignant_neoplastic_disease,4112973,NA,NA
malignant_neoplastic_disease,37017270,NA,NA
malignant_neoplastic_disease,138379,NA,NA
malignant_neoplastic_disease,37208173,NA,NA
malignant_neoplastic_disease,4089775,NA,NA
malignant_neoplastic_disease,4312301,NA,NA
malignant_neoplastic_disease,4308149,NA,NA
malignant_neoplastic_disease,40486169,NA,NA
malignant_neoplastic_disease,40493518,NA,NA
malignant_neoplastic_disease,434599,NA,NA
malignant_neoplastic_disease,45773365,NA,NA
malignant_neoplastic_disease,42709762,NA,NA
malignant_neoplastic_disease,4246125,NA,NA
malignant_neoplastic_disease,4095004,NA,NA
malignant_neoplastic_disease,4162138,NA,NA
malignant_neoplastic_disease,4300574,NA,NA
malignant_neoplastic_disease,4003024,NA,NA
malignant_neoplastic_disease,4079282,NA,NA
malignant_neoplastic_disease,4312550,NA,NA
malignant_neoplastic_disease,4294431,NA,NA
malignant_neoplastic_disease,4184850,NA,NA
malignant_neoplastic_disease,4111645,NA,NA
malignant_neoplastic_disease,372569,NA,NA
malignant_neoplastic_disease,4110135,NA,NA
malignant_neoplastic_disease,4111776,NA,NA
malignant_neoplastic_disease,4315810,NA,NA
malignant_neoplastic_disease,4312802,NA,NA
malignant_neoplastic_disease,4246032,NA,NA
malignant_neoplastic_disease,37018640,NA,NA
malignant_neoplastic_disease,35621808,NA,NA
malignant_neoplastic_disease,258369,NA,NA
malignant_neoplastic_disease,4306965,NA,NA
malignant_neoplastic_disease,40571980,NA,NA
malignant_neoplastic_disease,4111649,NA,NA
malignant_neoplastic_disease,4141258,NA,NA
malignant_neoplastic_disease,40486083,NA,NA
malignant_neoplastic_disease,4095753,NA,NA
malignant_neoplastic_disease,4177104,NA,NA
malignant_neoplastic_disease,4334094,NA,NA
malignant_neoplastic_disease,4312563,NA,NA
malignant_neoplastic_disease,3654887,NA,NA
malignant_neoplastic_disease,42536486,NA,NA
malignant_neoplastic_disease,4313793,NA,NA
malignant_neoplastic_disease,4094870,NA,NA
malignant_neoplastic_disease,4314070,NA,NA
malignant_neoplastic_disease,40484012,NA,NA
malignant_neoplastic_disease,4116198,NA,NA
malignant_neoplastic_disease,4315659,NA,NA
malignant_neoplastic_disease,42709756,NA,NA
malignant_neoplastic_disease,36686538,NA,NA
malignant_neoplastic_disease,35610160,NA,NA
malignant_neoplastic_disease,4222110,NA,NA
malignant_neoplastic_disease,440658,NA,NA
malignant_neoplastic_disease,4193872,NA,NA
malignant_neoplastic_disease,4083498,NA,NA
malignant_neoplastic_disease,36715912,NA,NA
malignant_neoplastic_disease,35610174,NA,NA
malignant_neoplastic_disease,4315548,NA,NA
malignant_neoplastic_disease,4289516,NA,NA
malignant_neoplastic_disease,4112963,NA,NA
malignant_neoplastic_disease,40487484,NA,NA
malignant_neoplastic_disease,4181331,NA,NA
malignant_neoplastic_disease,4312936,NA,NA
malignant_neoplastic_disease,4110570,NA,NA
malignant_neoplastic_disease,4313932,NA,NA
malignant_neoplastic_disease,4244491,NA,NA
malignant_neoplastic_disease,4110708,NA,NA
malignant_neoplastic_disease,4247225,NA,NA
malignant_neoplastic_disease,4173978,NA,NA
malignant_neoplastic_disease,4289377,NA,NA
malignant_neoplastic_disease,4116237,NA,NA
malignant_neoplastic_disease,36712725,NA,NA
malignant_neoplastic_disease,4308015,NA,NA
malignant_neoplastic_disease,4315684,NA,NA
malignant_neoplastic_disease,444224,NA,NA
malignant_neoplastic_disease,3654579,NA,NA
malignant_neoplastic_disease,437818,NA,NA
malignant_neoplastic_disease,320347,NA,NA
malignant_neoplastic_disease,141232,NA,NA
malignant_neoplastic_disease,4180907,NA,NA
malignant_neoplastic_disease,4300555,NA,NA
malignant_neoplastic_disease,4141245,NA,NA
malignant_neoplastic_disease,45757101,NA,NA
malignant_neoplastic_disease,761001,NA,NA
malignant_neoplastic_disease,37396688,NA,NA
malignant_neoplastic_disease,439265,NA,NA
malignant_neoplastic_disease,4157319,NA,NA
malignant_neoplastic_disease,4196724,NA,NA
malignant_neoplastic_disease,4095305,NA,NA
malignant_neoplastic_disease,197508,NA,NA
malignant_neoplastic_disease,4201481,NA,NA
malignant_neoplastic_disease,4197152,NA,NA
malignant_neoplastic_disease,4177231,NA,NA
malignant_neoplastic_disease,4116073,NA,NA
malignant_neoplastic_disease,4314197,NA,NA
malignant_neoplastic_disease,315497,NA,NA
malignant_neoplastic_disease,4246790,NA,NA
malignant_neoplastic_disease,441525,NA,NA
malignant_neoplastic_disease,4089524,NA,NA
malignant_neoplastic_disease,4312556,NA,NA
malignant_neoplastic_disease,4298031,NA,NA
malignant_neoplastic_disease,4300566,NA,NA
malignant_neoplastic_disease,4246798,NA,NA
malignant_neoplastic_disease,4314050,NA,NA
malignant_neoplastic_disease,35622760,NA,NA
malignant_neoplastic_disease,4314346,NA,NA
malignant_neoplastic_disease,4248063,NA,NA
malignant_neoplastic_disease,438086,NA,NA
malignant_neoplastic_disease,192255,NA,NA
malignant_neoplastic_disease,4297346,NA,NA
malignant_neoplastic_disease,435478,NA,NA
malignant_neoplastic_disease,439404,NA,NA
malignant_neoplastic_disease,4246357,NA,NA
malignant_neoplastic_disease,37208324,NA,NA
malignant_neoplastic_disease,36712815,NA,NA
malignant_neoplastic_disease,45767695,NA,NA
malignant_neoplastic_disease,201810,NA,NA
malignant_neoplastic_disease,4312426,NA,NA
malignant_neoplastic_disease,4248076,NA,NA
malignant_neoplastic_disease,4283744,NA,NA
malignant_neoplastic_disease,4289391,NA,NA
malignant_neoplastic_disease,4313799,NA,NA
malignant_neoplastic_disease,4313082,NA,NA
malignant_neoplastic_disease,4281032,NA,NA
malignant_neoplastic_disease,373425,NA,NA
malignant_neoplastic_disease,4301510,NA,NA
malignant_neoplastic_disease,37397353,NA,NA
malignant_neoplastic_disease,36716488,NA,NA
malignant_neoplastic_disease,4310565,NA,NA
malignant_neoplastic_disease,4110875,NA,NA
malignant_neoplastic_disease,4311881,NA,NA
malignant_neoplastic_disease,36717298,NA,NA
malignant_neoplastic_disease,436059,NA,NA
malignant_neoplastic_disease,4312545,NA,NA
malignant_neoplastic_disease,37018644,NA,NA
malignant_neoplastic_disease,37116745,NA,NA
malignant_neoplastic_disease,4246135,NA,NA
malignant_neoplastic_disease,4092532,NA,NA
malignant_neoplastic_disease,4112585,NA,NA
malignant_neoplastic_disease,4311335,NA,NA
malignant_neoplastic_disease,4177106,NA,NA
malignant_neoplastic_disease,40481901,NA,NA
malignant_neoplastic_disease,4297668,NA,NA
malignant_neoplastic_disease,4313789,NA,NA
malignant_neoplastic_disease,4111804,NA,NA
malignant_neoplastic_disease,196355,NA,NA
malignant_neoplastic_disease,443384,NA,NA
malignant_neoplastic_disease,4174136,NA,NA
malignant_neoplastic_disease,36716619,NA,NA
malignant_neoplastic_disease,4198435,NA,NA
malignant_neoplastic_disease,4301780,NA,NA
malignant_neoplastic_disease,4311473,NA,NA
malignant_neoplastic_disease,46273652,NA,NA
malignant_neoplastic_disease,3654361,NA,NA
malignant_neoplastic_disease,4248187,NA,NA
malignant_neoplastic_disease,4177239,NA,NA
malignant_neoplastic_disease,4091616,NA,NA
malignant_neoplastic_disease,35610148,NA,NA
malignant_neoplastic_disease,4289386,NA,NA
malignant_neoplastic_disease,4172359,NA,NA
malignant_neoplastic_disease,45769035,NA,NA
malignant_neoplastic_disease,4110422,NA,NA
malignant_neoplastic_disease,4248190,NA,NA
malignant_neoplastic_disease,4094544,NA,NA
malignant_neoplastic_disease,444442,NA,NA
malignant_neoplastic_disease,4094542,NA,NA
malignant_neoplastic_disease,4112453,NA,NA
malignant_neoplastic_disease,4246029,NA,NA
malignant_neoplastic_disease,4090217,NA,NA
malignant_neoplastic_disease,137219,NA,NA
malignant_neoplastic_disease,196047,NA,NA
malignant_neoplastic_disease,36712720,NA,NA
malignant_neoplastic_disease,4137687,NA,NA
malignant_neoplastic_disease,37311684,NA,NA
malignant_neoplastic_disease,442154,NA,NA
malignant_neoplastic_disease,40487528,NA,NA
malignant_neoplastic_disease,4110566,NA,NA
malignant_neoplastic_disease,200054,NA,NA
malignant_neoplastic_disease,4312944,NA,NA
malignant_neoplastic_disease,4291149,NA,NA
malignant_neoplastic_disease,134879,NA,NA
malignant_neoplastic_disease,4112777,NA,NA
malignant_neoplastic_disease,4299139,NA,NA
malignant_neoplastic_disease,4313928,NA,NA
malignant_neoplastic_disease,36684826,NA,NA
malignant_neoplastic_disease,4247229,NA,NA
malignant_neoplastic_disease,4313226,NA,NA
malignant_neoplastic_disease,4289518,NA,NA
malignant_neoplastic_disease,4312027,NA,NA
malignant_neoplastic_disease,4311210,NA,NA
malignant_neoplastic_disease,4089649,NA,NA
malignant_neoplastic_disease,3655608,NA,NA
malignant_neoplastic_disease,4173801,NA,NA
malignant_neoplastic_disease,4116234,NA,NA
malignant_neoplastic_disease,37206235,NA,NA
malignant_neoplastic_disease,35622771,NA,NA
malignant_neoplastic_disease,4082332,NA,NA
malignant_neoplastic_disease,45766131,NA,NA
malignant_neoplastic_disease,45768838,NA,NA
malignant_neoplastic_disease,440339,NA,NA
malignant_neoplastic_disease,37016125,NA,NA
malignant_neoplastic_disease,4247822,NA,NA
malignant_neoplastic_disease,4246354,NA,NA
malignant_neoplastic_disease,761000,NA,NA
malignant_neoplastic_disease,4307983,NA,NA
malignant_neoplastic_disease,37110270,NA,NA
malignant_neoplastic_disease,40481522,NA,NA
malignant_neoplastic_disease,4095748,NA,NA
malignant_neoplastic_disease,442151,NA,NA
malignant_neoplastic_disease,4313912,NA,NA
malignant_neoplastic_disease,4315680,NA,NA
malignant_neoplastic_disease,4096967,NA,NA
malignant_neoplastic_disease,35623818,NA,NA
malignant_neoplastic_disease,37311926,NA,NA
malignant_neoplastic_disease,36712731,NA,NA
malignant_neoplastic_disease,4095158,NA,NA
malignant_neoplastic_disease,42709760,NA,NA
malignant_neoplastic_disease,36715800,NA,NA
malignant_neoplastic_disease,4297671,NA,NA
malignant_neoplastic_disease,764971,NA,NA
malignant_neoplastic_disease,760729,NA,NA
malignant_neoplastic_disease,4162251,NA,NA
malignant_neoplastic_disease,4080865,NA,NA
malignant_neoplastic_disease,3656333,NA,NA
malignant_neoplastic_disease,37018972,NA,NA
malignant_neoplastic_disease,4248077,NA,NA
malignant_neoplastic_disease,434601,NA,NA
malignant_neoplastic_disease,4079686,NA,NA
malignant_neoplastic_disease,4312016,NA,NA
malignant_neoplastic_disease,4144199,NA,NA
malignant_neoplastic_disease,4157452,NA,NA
malignant_neoplastic_disease,36715592,NA,NA
malignant_neoplastic_disease,4247230,NA,NA
malignant_neoplastic_disease,4113636,NA,NA
malignant_neoplastic_disease,438693,NA,NA
malignant_neoplastic_disease,4289097,NA,NA
malignant_neoplastic_disease,4299134,NA,NA
malignant_neoplastic_disease,4244169,NA,NA
malignant_neoplastic_disease,26361,NA,NA
malignant_neoplastic_disease,4312279,NA,NA
malignant_neoplastic_disease,4162249,NA,NA
malignant_neoplastic_disease,4187355,NA,NA
malignant_neoplastic_disease,4151310,NA,NA
malignant_neoplastic_disease,4248060,NA,NA
malignant_neoplastic_disease,4313921,NA,NA
malignant_neoplastic_disease,4114222,NA,NA
malignant_neoplastic_disease,4115130,NA,NA
malignant_neoplastic_disease,4166154,NA,NA
malignant_neoplastic_disease,4246801,NA,NA
malignant_neoplastic_disease,4169627,NA,NA
malignant_neoplastic_disease,4095590,NA,NA
malignant_neoplastic_disease,40488902,NA,NA
malignant_neoplastic_disease,45770892,NA,NA
malignant_neoplastic_disease,4246030,NA,NA
malignant_neoplastic_disease,36717495,NA,NA
malignant_neoplastic_disease,37116373,NA,NA
malignant_neoplastic_disease,4002497,NA,NA
malignant_neoplastic_disease,4038839,NA,NA
malignant_neoplastic_disease,35610182,NA,NA
malignant_neoplastic_disease,198085,NA,NA
malignant_neoplastic_disease,4174593,NA,NA
malignant_neoplastic_disease,4177236,NA,NA
malignant_neoplastic_disease,4313085,NA,NA
malignant_neoplastic_disease,4180910,NA,NA
malignant_neoplastic_disease,4116202,NA,NA
malignant_neoplastic_disease,434592,NA,NA
malignant_neoplastic_disease,40489897,NA,NA
malignant_neoplastic_disease,133974,NA,NA
malignant_neoplastic_disease,4112074,NA,NA
malignant_neoplastic_disease,4079281,NA,NA
malignant_neoplastic_disease,4315804,NA,NA
malignant_neoplastic_disease,4111775,NA,NA
malignant_neoplastic_disease,45765919,NA,NA
malignant_neoplastic_disease,37017442,NA,NA
malignant_neoplastic_disease,40490463,NA,NA
malignant_neoplastic_disease,40491512,NA,NA
malignant_neoplastic_disease,40484156,NA,NA
malignant_neoplastic_disease,4095756,NA,NA
malignant_neoplastic_disease,4181344,NA,NA
malignant_neoplastic_disease,200338,NA,NA
malignant_neoplastic_disease,4314490,NA,NA
malignant_neoplastic_disease,195482,NA,NA
malignant_neoplastic_disease,36716937,NA,NA
malignant_neoplastic_disease,4178971,NA,NA
malignant_neoplastic_disease,4116063,NA,NA
malignant_neoplastic_disease,761863,NA,NA
malignant_neoplastic_disease,4312038,NA,NA
malignant_neoplastic_disease,4155297,NA,NA
malignant_neoplastic_disease,4174910,NA,NA
malignant_neoplastic_disease,40492386,NA,NA
malignant_neoplastic_disease,36712724,NA,NA
malignant_neoplastic_disease,40490991,NA,NA
malignant_neoplastic_disease,135499,NA,NA
malignant_neoplastic_disease,4246143,NA,NA
malignant_neoplastic_disease,4307574,NA,NA
malignant_neoplastic_disease,4247347,NA,NA
malignant_neoplastic_disease,4289384,NA,NA
malignant_neoplastic_disease,4246452,NA,NA
malignant_neoplastic_disease,4307266,NA,NA
malignant_neoplastic_disease,435474,NA,NA
malignant_neoplastic_disease,377811,NA,NA
malignant_neoplastic_disease,4091768,NA,NA
malignant_neoplastic_disease,4311997,NA,NA
malignant_neoplastic_disease,434595,NA,NA
malignant_neoplastic_disease,443391,NA,NA
malignant_neoplastic_disease,197808,NA,NA
malignant_neoplastic_disease,135204,NA,NA
malignant_neoplastic_disease,4082488,NA,NA
malignant_neoplastic_disease,37017016,NA,NA
malignant_neoplastic_disease,4097581,NA,NA
malignant_neoplastic_disease,4162877,NA,NA
malignant_neoplastic_disease,4181329,NA,NA
malignant_neoplastic_disease,4313220,NA,NA
malignant_neoplastic_disease,4181339,NA,NA
malignant_neoplastic_disease,40491000,NA,NA
malignant_neoplastic_disease,4246121,NA,NA
malignant_neoplastic_disease,37016891,NA,NA
malignant_neoplastic_disease,4247838,NA,NA
malignant_neoplastic_disease,198104,NA,NA
malignant_neoplastic_disease,4311283,NA,NA
malignant_neoplastic_disease,440351,NA,NA
malignant_neoplastic_disease,4283742,NA,NA
malignant_neoplastic_disease,138378,NA,NA
malignant_neoplastic_disease,37116585,NA,NA
malignant_neoplastic_disease,40486566,NA,NA
malignant_neoplastic_disease,135766,NA,NA
malignant_neoplastic_disease,4247358,NA,NA
malignant_neoplastic_disease,4089767,NA,NA
malignant_neoplastic_disease,444462,NA,NA
malignant_neoplastic_disease,37116899,NA,NA
malignant_neoplastic_disease,4220182,NA,NA
malignant_neoplastic_disease,136639,NA,NA
malignant_neoplastic_disease,4226624,NA,NA
malignant_neoplastic_disease,4157450,NA,NA
malignant_neoplastic_disease,4142116,NA,NA
malignant_neoplastic_disease,4095156,NA,NA
malignant_neoplastic_disease,4092380,NA,NA
malignant_neoplastic_disease,4281019,NA,NA
malignant_neoplastic_disease,46270513,NA,NA
malignant_neoplastic_disease,132570,NA,NA
malignant_neoplastic_disease,436050,NA,NA
malignant_neoplastic_disease,4281027,NA,NA
malignant_neoplastic_disease,4079696,NA,NA
malignant_neoplastic_disease,45768874,NA,NA
malignant_neoplastic_disease,4112734,NA,NA
malignant_neoplastic_disease,316644,NA,NA
malignant_neoplastic_disease,439281,NA,NA
malignant_neoplastic_disease,433976,NA,NA
malignant_neoplastic_disease,4092213,NA,NA
malignant_neoplastic_disease,4180782,NA,NA
malignant_neoplastic_disease,197803,NA,NA
malignant_neoplastic_disease,4094252,NA,NA
malignant_neoplastic_disease,4256775,NA,NA
malignant_neoplastic_disease,4089860,NA,NA
malignant_neoplastic_disease,314600,NA,NA
malignant_neoplastic_disease,4112451,NA,NA
malignant_neoplastic_disease,4314494,NA,NA
malignant_neoplastic_disease,442158,NA,NA
malignant_neoplastic_disease,4315668,NA,NA
malignant_neoplastic_disease,4181335,NA,NA
malignant_neoplastic_disease,4197474,NA,NA
malignant_neoplastic_disease,4289824,NA,NA
malignant_neoplastic_disease,37018641,NA,NA
malignant_neoplastic_disease,45772700,NA,NA
malignant_neoplastic_disease,4313754,NA,NA
malignant_neoplastic_disease,4248070,NA,NA
malignant_neoplastic_disease,434299,NA,NA
malignant_neoplastic_disease,4247837,NA,NA
malignant_neoplastic_disease,4092083,NA,NA
malignant_neoplastic_disease,138074,NA,NA
malignant_neoplastic_disease,4110018,NA,NA
malignant_neoplastic_disease,37311849,NA,NA
malignant_neoplastic_disease,4149850,NA,NA
malignant_neoplastic_disease,4112774,NA,NA
malignant_neoplastic_disease,4084437,NA,NA
malignant_neoplastic_disease,35624275,NA,NA
malignant_neoplastic_disease,4283750,NA,NA
malignant_neoplastic_disease,4248182,NA,NA
malignant_neoplastic_disease,4094261,NA,NA
malignant_neoplastic_disease,4143997,NA,NA
malignant_neoplastic_disease,37109936,NA,NA
malignant_neoplastic_disease,4079289,NA,NA
malignant_neoplastic_disease,4095575,NA,NA
malignant_neoplastic_disease,40488988,NA,NA
malignant_neoplastic_disease,439290,NA,NA
malignant_neoplastic_disease,433156,NA,NA
malignant_neoplastic_disease,37203941,NA,NA
malignant_neoplastic_disease,4300570,NA,NA
malignant_neoplastic_disease,4221907,NA,NA
malignant_neoplastic_disease,37204830,NA,NA
malignant_neoplastic_disease,40493012,NA,NA
malignant_neoplastic_disease,4181352,NA,NA
malignant_neoplastic_disease,435487,NA,NA
malignant_neoplastic_disease,4092078,NA,NA
malignant_neoplastic_disease,441521,NA,NA
malignant_neoplastic_disease,45768920,NA,NA
malignant_neoplastic_disease,4095143,NA,NA
malignant_neoplastic_disease,4111653,NA,NA
malignant_neoplastic_disease,4146018,NA,NA
malignant_neoplastic_disease,4095000,NA,NA
malignant_neoplastic_disease,4094550,NA,NA
malignant_neoplastic_disease,4312288,NA,NA
malignant_neoplastic_disease,4298154,NA,NA
malignant_neoplastic_disease,31509,NA,NA
malignant_neoplastic_disease,3655605,NA,NA
malignant_neoplastic_disease,139750,NA,NA
malignant_neoplastic_disease,4110417,NA,NA
malignant_neoplastic_disease,4095441,NA,NA
malignant_neoplastic_disease,4313210,NA,NA
malignant_neoplastic_disease,4180906,NA,NA
malignant_neoplastic_disease,4162999,NA,NA
malignant_neoplastic_disease,197231,NA,NA
malignant_neoplastic_disease,437798,NA,NA
malignant_neoplastic_disease,4248073,NA,NA
malignant_neoplastic_disease,4298129,NA,NA
malignant_neoplastic_disease,37110333,NA,NA
malignant_neoplastic_disease,433973,NA,NA
malignant_neoplastic_disease,4289383,NA,NA
malignant_neoplastic_disease,764782,NA,NA
malignant_neoplastic_disease,4181481,NA,NA
malignant_neoplastic_disease,4313205,NA,NA
malignant_neoplastic_disease,4259972,NA,NA
malignant_neoplastic_disease,3654297,NA,NA
malignant_neoplastic_disease,37204210,NA,NA
malignant_neoplastic_disease,40486084,NA,NA
malignant_neoplastic_disease,45765513,NA,NA
malignant_neoplastic_disease,40486638,NA,NA
malignant_neoplastic_disease,4246804,NA,NA
malignant_neoplastic_disease,4149450,NA,NA
malignant_neoplastic_disease,4196267,NA,NA
malignant_neoplastic_disease,4095142,NA,NA
malignant_neoplastic_disease,44782652,NA,NA
malignant_neoplastic_disease,4315800,NA,NA
malignant_neoplastic_disease,4246241,NA,NA
malignant_neoplastic_disease,37016122,NA,NA
malignant_neoplastic_disease,36717161,NA,NA
malignant_neoplastic_disease,200051,NA,NA
malignant_neoplastic_disease,434588,NA,NA
malignant_neoplastic_disease,441241,NA,NA
malignant_neoplastic_disease,36715812,NA,NA
malignant_neoplastic_disease,4233531,NA,NA
malignant_neoplastic_disease,4294181,NA,NA
malignant_neoplastic_disease,4183913,NA,NA
malignant_neoplastic_disease,4038846,NA,NA
malignant_neoplastic_disease,4312004,NA,NA
malignant_neoplastic_disease,444465,NA,NA
malignant_neoplastic_disease,441233,NA,NA
malignant_neoplastic_disease,37018581,NA,NA
malignant_neoplastic_disease,4289680,NA,NA
malignant_neoplastic_disease,46272955,NA,NA
malignant_neoplastic_disease,40489472,NA,NA
malignant_neoplastic_disease,4246147,NA,NA
malignant_neoplastic_disease,4095597,NA,NA
malignant_neoplastic_disease,4306501,NA,NA
malignant_neoplastic_disease,4311345,NA,NA
malignant_neoplastic_disease,36712816,NA,NA
malignant_neoplastic_disease,4111356,NA,NA
malignant_neoplastic_disease,4091482,NA,NA
malignant_neoplastic_disease,439288,NA,NA
malignant_neoplastic_disease,40493514,NA,NA
malignant_neoplastic_disease,435495,NA,NA
malignant_neoplastic_disease,4313335,NA,NA
malignant_neoplastic_disease,35610170,NA,NA
malignant_neoplastic_disease,4299419,NA,NA
malignant_neoplastic_disease,4003831,NA,NA
malignant_neoplastic_disease,441225,NA,NA
malignant_neoplastic_disease,4003188,NA,NA
malignant_neoplastic_disease,4116071,NA,NA
malignant_neoplastic_disease,35610158,NA,NA
malignant_neoplastic_disease,4095889,NA,NA
malignant_neoplastic_disease,37018646,NA,NA
malignant_neoplastic_disease,442123,NA,NA
malignant_neoplastic_disease,4247834,NA,NA
malignant_neoplastic_disease,320342,NA,NA
malignant_neoplastic_disease,442182,NA,NA
malignant_neoplastic_disease,196925,NA,NA
malignant_neoplastic_disease,4178959,NA,NA
malignant_neoplastic_disease,4094716,NA,NA
malignant_neoplastic_disease,4248055,NA,NA
malignant_neoplastic_disease,4312166,NA,NA
malignant_neoplastic_disease,4178974,NA,NA
malignant_neoplastic_disease,4312941,NA,NA
malignant_neoplastic_disease,4313931,NA,NA
malignant_neoplastic_disease,4133189,NA,NA
malignant_neoplastic_disease,4315537,NA,NA
malignant_neoplastic_disease,609241,NA,NA
malignant_neoplastic_disease,40490459,NA,NA
malignant_neoplastic_disease,4315542,NA,NA
malignant_neoplastic_disease,606404,NA,NA
malignant_neoplastic_disease,42537754,NA,NA
malignant_neoplastic_disease,602124,NA,NA
malignant_neoplastic_disease,4247356,NA,NA
malignant_neoplastic_disease,36715787,NA,NA
malignant_neoplastic_disease,608050,NA,NA
malignant_neoplastic_disease,37111619,NA,NA
malignant_neoplastic_disease,3655878,NA,NA
malignant_neoplastic_disease,4289091,NA,NA
malignant_neoplastic_disease,602695,NA,NA
malignant_neoplastic_disease,45771033,NA,NA
malignant_neoplastic_disease,40488896,NA,NA
malignant_neoplastic_disease,609240,NA,NA
malignant_neoplastic_disease,618675,NA,NA
malignant_neoplastic_disease,602135,NA,NA
malignant_neoplastic_disease,609232,NA,NA
malignant_neoplastic_disease,608890,NA,NA
malignant_neoplastic_disease,607985,NA,NA
malignant_neoplastic_disease,604297,NA,NA
malignant_neoplastic_disease,603115,NA,NA
malignant_neoplastic_disease,605185,NA,NA
malignant_neoplastic_disease,36715860,NA,NA
malignant_neoplastic_disease,45768828,NA,NA
malignant_neoplastic_disease,36715927,NA,NA
malignant_neoplastic_disease,40486214,NA,NA
malignant_neoplastic_disease,609279,NA,NA
malignant_neoplastic_disease,602692,NA,NA
malignant_neoplastic_disease,37116586,NA,NA
malignant_neoplastic_disease,602133,NA,NA
malignant_neoplastic_disease,602663,NA,NA
malignant_neoplastic_disease,37116670,NA,NA
malignant_neoplastic_disease,4096952,NA,NA
malignant_neoplastic_disease,379756,NA,NA
malignant_neoplastic_disease,4315812,NA,NA
malignant_neoplastic_disease,36715851,NA,NA
malignant_neoplastic_disease,4312151,NA,NA
malignant_neoplastic_disease,765362,NA,NA
malignant_neoplastic_disease,602023,NA,NA
malignant_neoplastic_disease,619382,NA,NA
malignant_neoplastic_disease,602051,NA,NA
malignant_neoplastic_disease,609065,NA,NA
malignant_neoplastic_disease,602097,NA,NA
malignant_neoplastic_disease,602001,NA,NA
malignant_neoplastic_disease,36715888,NA,NA
malignant_neoplastic_disease,602099,NA,NA
malignant_neoplastic_disease,605443,NA,NA
malignant_neoplastic_disease,605461,NA,NA
malignant_neoplastic_disease,37109906,NA,NA
malignant_neoplastic_disease,601147,NA,NA
malignant_neoplastic_disease,609064,NA,NA
malignant_neoplastic_disease,607994,NA,NA
malignant_neoplastic_disease,36717261,NA,NA
malignant_neoplastic_disease,36716617,NA,NA
malignant_neoplastic_disease,602028,NA,NA
malignant_neoplastic_disease,197810,NA,NA
malignant_neoplastic_disease,45771026,NA,NA
malignant_neoplastic_disease,37016571,NA,NA
malignant_neoplastic_disease,37116591,NA,NA
malignant_neoplastic_disease,602053,NA,NA
malignant_neoplastic_disease,4116076,NA,NA
malignant_neoplastic_disease,603310,NA,NA
malignant_neoplastic_disease,602129,NA,NA
malignant_neoplastic_disease,37311469,NA,NA
malignant_neoplastic_disease,600661,NA,NA
malignant_neoplastic_disease,4102373,NA,NA
malignant_neoplastic_disease,607976,NA,NA
malignant_neoplastic_disease,602092,NA,NA
malignant_neoplastic_disease,608068,NA,NA
malignant_neoplastic_disease,605437,NA,NA
malignant_neoplastic_disease,4299416,NA,NA
malignant_neoplastic_disease,603116,NA,NA
malignant_neoplastic_disease,609198,NA,NA
malignant_neoplastic_disease,4312562,NA,NA
malignant_neoplastic_disease,608062,NA,NA
malignant_neoplastic_disease,618470,NA,NA
malignant_neoplastic_disease,608945,NA,NA
malignant_neoplastic_disease,602193,NA,NA
malignant_neoplastic_disease,601156,NA,NA
malignant_neoplastic_disease,602674,NA,NA
malignant_neoplastic_disease,37017321,NA,NA
malignant_neoplastic_disease,36717175,NA,NA
malignant_neoplastic_disease,608853,NA,NA
malignant_neoplastic_disease,4114346,NA,NA
malignant_neoplastic_disease,46271647,NA,NA
malignant_neoplastic_disease,4264680,NA,NA
malignant_neoplastic_disease,44783592,NA,NA
malignant_neoplastic_disease,602093,NA,NA
malignant_neoplastic_disease,36715836,NA,NA
malignant_neoplastic_disease,607381,NA,NA
malignant_neoplastic_disease,602664,NA,NA
malignant_neoplastic_disease,601150,NA,NA
malignant_neoplastic_disease,4095579,NA,NA
malignant_neoplastic_disease,4314189,NA,NA
malignant_neoplastic_disease,4246350,NA,NA
malignant_neoplastic_disease,4291147,NA,NA
malignant_neoplastic_disease,602027,NA,NA
malignant_neoplastic_disease,4196112,NA,NA
malignant_neoplastic_disease,37119229,NA,NA
malignant_neoplastic_disease,3655586,NA,NA
malignant_neoplastic_disease,602150,NA,NA
malignant_neoplastic_disease,602680,NA,NA
malignant_neoplastic_disease,436348,NA,NA
malignant_neoplastic_disease,602305,NA,NA
malignant_neoplastic_disease,439266,NA,NA
malignant_neoplastic_disease,45769031,NA,NA
malignant_neoplastic_disease,316356,NA,NA
malignant_neoplastic_disease,4177113,NA,NA
malignant_neoplastic_disease,603174,NA,NA
malignant_neoplastic_disease,608894,NA,NA
malignant_neoplastic_disease,4299145,NA,NA
malignant_neoplastic_disease,602015,NA,NA
malignant_neoplastic_disease,4116241,NA,NA
malignant_neoplastic_disease,602685,NA,NA
malignant_neoplastic_disease,36716491,NA,NA
malignant_neoplastic_disease,601145,NA,NA
malignant_neoplastic_disease,603118,NA,NA
malignant_neoplastic_disease,4144198,NA,NA
malignant_neoplastic_disease,603172,NA,NA
malignant_neoplastic_disease,37396742,NA,NA
malignant_neoplastic_disease,4289246,NA,NA
malignant_neoplastic_disease,43531596,NA,NA
malignant_neoplastic_disease,607373,NA,NA
malignant_neoplastic_disease,609236,NA,NA
malignant_neoplastic_disease,601124,NA,NA
malignant_neoplastic_disease,760958,NA,NA
malignant_neoplastic_disease,4300687,NA,NA
malignant_neoplastic_disease,601125,NA,NA
malignant_neoplastic_disease,4247340,NA,NA
malignant_neoplastic_disease,619828,NA,NA
malignant_neoplastic_disease,607961,NA,NA
malignant_neoplastic_disease,602013,NA,NA
malignant_neoplastic_disease,607436,NA,NA
malignant_neoplastic_disease,602160,NA,NA
malignant_neoplastic_disease,600834,NA,NA
malignant_neoplastic_disease,602012,NA,NA
malignant_neoplastic_disease,608925,NA,NA
malignant_neoplastic_disease,602128,NA,NA
malignant_neoplastic_disease,42537755,NA,NA
malignant_neoplastic_disease,602165,NA,NA
malignant_neoplastic_disease,601128,NA,NA
malignant_neoplastic_disease,35622690,NA,NA
malignant_neoplastic_disease,4173358,NA,NA
malignant_neoplastic_disease,607437,NA,NA
malignant_neoplastic_disease,37109907,NA,NA
malignant_neoplastic_disease,40487139,NA,NA
malignant_neoplastic_disease,608240,NA,NA
malignant_neoplastic_disease,608947,NA,NA
malignant_neoplastic_disease,603013,NA,NA
malignant_neoplastic_disease,40486157,NA,NA
malignant_neoplastic_disease,761019,NA,NA
malignant_neoplastic_disease,608930,NA,NA
malignant_neoplastic_disease,608069,NA,NA
malignant_neoplastic_disease,45768871,NA,NA
malignant_neoplastic_disease,605208,NA,NA
malignant_neoplastic_disease,602307,NA,NA
malignant_neoplastic_disease,605444,NA,NA
malignant_neoplastic_disease,4297670,NA,NA
malignant_neoplastic_disease,605454,NA,NA
malignant_neoplastic_disease,602033,NA,NA
malignant_neoplastic_disease,604487,NA,NA
malignant_neoplastic_disease,608852,NA,NA
malignant_neoplastic_disease,608888,NA,NA
malignant_neoplastic_disease,44782471,NA,NA
malignant_neoplastic_disease,45769027,NA,NA
malignant_neoplastic_disease,605252,NA,NA
malignant_neoplastic_disease,619369,NA,NA
malignant_neoplastic_disease,601148,NA,NA
malignant_neoplastic_disease,36716975,NA,NA
malignant_neoplastic_disease,4291146,NA,NA
malignant_neoplastic_disease,619301,NA,NA
malignant_neoplastic_disease,36715809,NA,NA
malignant_neoplastic_disease,4095456,NA,NA
malignant_neoplastic_disease,609185,NA,NA
malignant_neoplastic_disease,602005,NA,NA
malignant_neoplastic_disease,600663,NA,NA
malignant_neoplastic_disease,4110420,NA,NA
malignant_neoplastic_disease,607434,NA,NA
malignant_neoplastic_disease,4145870,NA,NA
malignant_neoplastic_disease,602311,NA,NA
malignant_neoplastic_disease,36684949,NA,NA
malignant_neoplastic_disease,37118983,NA,NA
malignant_neoplastic_disease,37111618,NA,NA
malignant_neoplastic_disease,609089,NA,NA
malignant_neoplastic_disease,3655520,NA,NA
malignant_neoplastic_disease,605434,NA,NA
malignant_neoplastic_disease,765387,NA,NA
malignant_neoplastic_disease,602126,NA,NA
malignant_neoplastic_disease,761917,NA,NA
malignant_neoplastic_disease,602057,NA,NA
malignant_neoplastic_disease,45771012,NA,NA
malignant_neoplastic_disease,602063,NA,NA
malignant_neoplastic_disease,607382,NA,NA
malignant_neoplastic_disease,601140,NA,NA
malignant_neoplastic_disease,4313917,NA,NA
malignant_neoplastic_disease,609274,NA,NA
malignant_neoplastic_disease,4111011,NA,NA
malignant_neoplastic_disease,37016171,NA,NA
malignant_neoplastic_disease,4180911,NA,NA
malignant_neoplastic_disease,42536729,NA,NA
malignant_neoplastic_disease,605477,NA,NA
malignant_neoplastic_disease,759810,NA,NA
malignant_neoplastic_disease,45768930,NA,NA
malignant_neoplastic_disease,36715914,NA,NA
malignant_neoplastic_disease,42539037,NA,NA
malignant_neoplastic_disease,616697,NA,NA
malignant_neoplastic_disease,601105,NA,NA
malignant_neoplastic_disease,760932,NA,NA
malignant_neoplastic_disease,607962,NA,NA
malignant_neoplastic_disease,602115,NA,NA
malignant_neoplastic_disease,4035136,NA,NA
malignant_neoplastic_disease,4312423,NA,NA
malignant_neoplastic_disease,37111620,NA,NA
malignant_neoplastic_disease,605469,NA,NA
malignant_neoplastic_disease,761020,NA,NA
malignant_neoplastic_disease,609233,NA,NA
malignant_neoplastic_disease,4110722,NA,NA
malignant_neoplastic_disease,36716438,NA,NA
malignant_neoplastic_disease,602086,NA,NA
malignant_neoplastic_disease,602316,NA,NA
malignant_neoplastic_disease,606198,NA,NA
malignant_neoplastic_disease,37018571,NA,NA
malignant_neoplastic_disease,605452,NA,NA
malignant_neoplastic_disease,608277,NA,NA
malignant_neoplastic_disease,608064,NA,NA
malignant_neoplastic_disease,600854,NA,NA
malignant_neoplastic_disease,36716500,NA,NA
malignant_neoplastic_disease,40487596,NA,NA
malignant_neoplastic_disease,606981,NA,NA
malignant_neoplastic_disease,609306,NA,NA
malignant_neoplastic_disease,4246352,NA,NA
malignant_neoplastic_disease,602123,NA,NA
malignant_neoplastic_disease,608891,NA,NA
malignant_neoplastic_disease,602151,NA,NA
malignant_neoplastic_disease,602665,NA,NA
malignant_neoplastic_disease,4289245,NA,NA
malignant_neoplastic_disease,602152,NA,NA
malignant_neoplastic_disease,602690,NA,NA
malignant_neoplastic_disease,603312,NA,NA
malignant_neoplastic_disease,36676804,NA,NA
malignant_neoplastic_disease,36717181,NA,NA
malignant_neoplastic_disease,36715852,NA,NA
malignant_neoplastic_disease,40515091,NA,NA
malignant_neoplastic_disease,609199,NA,NA
malignant_neoplastic_disease,36716437,NA,NA
malignant_neoplastic_disease,602055,NA,NA
malignant_neoplastic_disease,40493006,NA,NA
malignant_neoplastic_disease,609035,NA,NA
malignant_neoplastic_disease,4315815,NA,NA
malignant_neoplastic_disease,4314492,NA,NA
malignant_neoplastic_disease,4178963,NA,NA
malignant_neoplastic_disease,4112482,NA,NA
malignant_neoplastic_disease,315202,NA,NA
malignant_neoplastic_disease,4247221,NA,NA
malignant_neoplastic_disease,36684950,NA,NA
malignant_neoplastic_disease,44808028,NA,NA
malignant_neoplastic_disease,4095006,NA,NA
malignant_neoplastic_disease,4312014,NA,NA
malignant_neoplastic_disease,37018661,NA,NA
malignant_neoplastic_disease,4300559,NA,NA
malignant_neoplastic_disease,4312276,NA,NA
malignant_neoplastic_disease,45769097,NA,NA
malignant_neoplastic_disease,4281163,NA,NA
malignant_neoplastic_disease,4246023,NA,NA
malignant_neoplastic_disease,45769091,NA,NA
malignant_neoplastic_disease,441812,NA,NA
malignant_neoplastic_disease,4146629,NA,NA
malignant_neoplastic_disease,4116575,NA,NA
malignant_neoplastic_disease,45769122,NA,NA
malignant_neoplastic_disease,4297666,NA,NA
malignant_neoplastic_disease,25748,NA,NA
malignant_neoplastic_disease,4171283,NA,NA
malignant_neoplastic_disease,133158,NA,NA
malignant_neoplastic_disease,4147164,NA,NA
malignant_neoplastic_disease,4312165,NA,NA
malignant_neoplastic_disease,4003835,NA,NA
malignant_neoplastic_disease,4095319,NA,NA
malignant_neoplastic_disease,37017114,NA,NA
malignant_neoplastic_disease,37397538,NA,NA
malignant_neoplastic_disease,4181351,NA,NA
malignant_neoplastic_disease,42709755,NA,NA
malignant_neoplastic_disease,436923,NA,NA
malignant_neoplastic_disease,4095764,NA,NA
malignant_neoplastic_disease,4283737,NA,NA
malignant_neoplastic_disease,764935,NA,NA
malignant_neoplastic_disease,4311472,NA,NA
malignant_neoplastic_disease,4312690,NA,NA
malignant_neoplastic_disease,4092531,NA,NA
malignant_neoplastic_disease,4177230,NA,NA
malignant_neoplastic_disease,4162119,NA,NA
malignant_neoplastic_disease,252840,NA,NA
malignant_neoplastic_disease,4246026,NA,NA
malignant_neoplastic_disease,4312768,NA,NA
malignant_neoplastic_disease,37116731,NA,NA
malignant_neoplastic_disease,4113108,NA,NA
malignant_neoplastic_disease,4315799,NA,NA
malignant_neoplastic_disease,4162136,NA,NA
malignant_neoplastic_disease,4201623,NA,NA
malignant_neoplastic_disease,760728,NA,NA
malignant_neoplastic_disease,4312820,NA,NA
malignant_neoplastic_disease,4091466,NA,NA
malignant_neoplastic_disease,4145865,NA,NA
malignant_neoplastic_disease,4162116,NA,NA
malignant_neoplastic_disease,36712762,NA,NA
malignant_neoplastic_disease,40489795,NA,NA
malignant_neoplastic_disease,35610151,NA,NA
malignant_neoplastic_disease,40487141,NA,NA
malignant_neoplastic_disease,4314350,NA,NA
malignant_neoplastic_disease,4181350,NA,NA
malignant_neoplastic_disease,4300699,NA,NA
malignant_neoplastic_disease,4178966,NA,NA
malignant_neoplastic_disease,40486589,NA,NA
malignant_neoplastic_disease,4312940,NA,NA
malignant_neoplastic_disease,4312020,NA,NA
malignant_neoplastic_disease,4110723,NA,NA
malignant_neoplastic_disease,436922,NA,NA
malignant_neoplastic_disease,4248191,NA,NA
malignant_neoplastic_disease,4311287,NA,NA
malignant_neoplastic_disease,4289251,NA,NA
malignant_neoplastic_disease,4311768,NA,NA
malignant_neoplastic_disease,4091931,NA,NA
malignant_neoplastic_disease,4297353,NA,NA
malignant_neoplastic_disease,4178976,NA,NA
malignant_neoplastic_disease,4266193,NA,NA
malignant_neoplastic_disease,36712934,NA,NA
malignant_neoplastic_disease,40486535,NA,NA
malignant_neoplastic_disease,42536892,NA,NA
malignant_neoplastic_disease,40490464,NA,NA
malignant_neoplastic_disease,4301781,NA,NA
malignant_neoplastic_disease,4180915,NA,NA
malignant_neoplastic_disease,40486207,NA,NA
malignant_neoplastic_disease,4112877,NA,NA
malignant_neoplastic_disease,4246120,NA,NA
malignant_neoplastic_disease,4111797,NA,NA
malignant_neoplastic_disease,76924,NA,NA
malignant_neoplastic_disease,4095593,NA,NA
malignant_neoplastic_disease,4247842,NA,NA
malignant_neoplastic_disease,4111030,NA,NA
malignant_neoplastic_disease,193422,NA,NA
malignant_neoplastic_disease,42709758,NA,NA
malignant_neoplastic_disease,4164614,NA,NA
malignant_neoplastic_disease,759974,NA,NA
malignant_neoplastic_disease,4297185,NA,NA
malignant_neoplastic_disease,4162250,NA,NA
malignant_neoplastic_disease,4094540,NA,NA
malignant_neoplastic_disease,4248061,NA,NA
malignant_neoplastic_disease,4183630,NA,NA
malignant_neoplastic_disease,4301643,NA,NA
malignant_neoplastic_disease,4081190,NA,NA
malignant_neoplastic_disease,37116583,NA,NA
malignant_neoplastic_disease,36684462,NA,NA
malignant_neoplastic_disease,439280,NA,NA
malignant_neoplastic_disease,4181355,NA,NA
malignant_neoplastic_disease,4247346,NA,NA
malignant_neoplastic_disease,4112775,NA,NA
malignant_neoplastic_disease,4196725,NA,NA
malignant_neoplastic_disease,4097582,NA,NA
malignant_neoplastic_disease,4315672,NA,NA
malignant_neoplastic_disease,4110726,NA,NA
malignant_neoplastic_disease,4081049,NA,NA
malignant_neoplastic_disease,4222267,NA,NA
malignant_neoplastic_disease,4309088,NA,NA
malignant_neoplastic_disease,4180783,NA,NA
malignant_neoplastic_disease,4333766,NA,NA
malignant_neoplastic_disease,4177102,NA,NA
malignant_neoplastic_disease,35619990,NA,NA
malignant_neoplastic_disease,40480205,NA,NA
malignant_neoplastic_disease,4248059,NA,NA
malignant_neoplastic_disease,133511,NA,NA
malignant_neoplastic_disease,4298034,NA,NA
malignant_neoplastic_disease,140958,NA,NA
malignant_neoplastic_disease,36712743,NA,NA
malignant_neoplastic_disease,4247715,NA,NA
malignant_neoplastic_disease,4162253,NA,NA
malignant_neoplastic_disease,4181343,NA,NA
malignant_neoplastic_disease,37018868,NA,NA
malignant_neoplastic_disease,192836,NA,NA
malignant_neoplastic_disease,438360,NA,NA
malignant_neoplastic_disease,37110032,NA,NA
malignant_neoplastic_disease,4095577,NA,NA
malignant_neoplastic_disease,4094856,NA,NA
malignant_neoplastic_disease,36715584,NA,NA
malignant_neoplastic_disease,4095436,NA,NA
malignant_neoplastic_disease,40488919,NA,NA
malignant_neoplastic_disease,4181333,NA,NA
malignant_neoplastic_disease,42709765,NA,NA
malignant_neoplastic_disease,4095001,NA,NA
malignant_neoplastic_disease,260336,NA,NA
malignant_neoplastic_disease,440965,NA,NA
malignant_neoplastic_disease,4312370,NA,NA
malignant_neoplastic_disease,4112862,NA,NA
malignant_neoplastic_disease,4095892,NA,NA
malignant_neoplastic_disease,4311764,NA,NA
malignant_neoplastic_disease,36676291,NA,NA
malignant_neoplastic_disease,4147161,NA,NA
malignant_neoplastic_disease,40493027,NA,NA
malignant_neoplastic_disease,40492037,NA,NA
malignant_neoplastic_disease,4281035,NA,NA
malignant_neoplastic_disease,4093650,NA,NA
malignant_neoplastic_disease,439392,NA,NA
malignant_neoplastic_disease,434302,NA,NA
malignant_neoplastic_disease,4298028,NA,NA
malignant_neoplastic_disease,4089861,NA,NA
malignant_neoplastic_disease,200662,NA,NA
malignant_neoplastic_disease,37018609,NA,NA
malignant_neoplastic_disease,44792337,NA,NA
malignant_neoplastic_disease,4312824,NA,NA
malignant_neoplastic_disease,4153374,NA,NA
malignant_neoplastic_disease,4314059,NA,NA
malignant_neoplastic_disease,4221964,NA,NA
malignant_neoplastic_disease,36716941,NA,NA
malignant_neoplastic_disease,4311478,NA,NA
malignant_neoplastic_disease,4173974,NA,NA
malignant_neoplastic_disease,4180913,NA,NA
malignant_neoplastic_disease,4080381,NA,NA
malignant_neoplastic_disease,133424,NA,NA
malignant_neoplastic_disease,4247232,NA,NA
malignant_neoplastic_disease,45768855,NA,NA
malignant_neoplastic_disease,133419,NA,NA
malignant_neoplastic_disease,37018062,NA,NA
malignant_neoplastic_disease,36712746,NA,NA
malignant_neoplastic_disease,4307263,NA,NA
malignant_neoplastic_disease,4089667,NA,NA
malignant_neoplastic_disease,81239,NA,NA
malignant_neoplastic_disease,35610150,NA,NA
malignant_neoplastic_disease,37208178,NA,NA
malignant_neoplastic_disease,40486027,NA,NA
malignant_neoplastic_disease,4312040,NA,NA
malignant_neoplastic_disease,4246229,NA,NA
malignant_neoplastic_disease,45766461,NA,NA
malignant_neoplastic_disease,4246128,NA,NA
malignant_neoplastic_disease,37204513,NA,NA
malignant_neoplastic_disease,4283746,NA,NA
malignant_neoplastic_disease,4311481,NA,NA
malignant_neoplastic_disease,40489407,NA,NA
malignant_neoplastic_disease,4112610,NA,NA
malignant_neoplastic_disease,4314042,NA,NA
malignant_neoplastic_disease,4082459,NA,NA
malignant_neoplastic_disease,4345328,NA,NA
malignant_neoplastic_disease,4095888,NA,NA
malignant_neoplastic_disease,36686537,NA,NA
malignant_neoplastic_disease,4226388,NA,NA
malignant_neoplastic_disease,4113110,NA,NA
malignant_neoplastic_disease,436920,NA,NA
malignant_neoplastic_disease,759938,NA,NA
malignant_neoplastic_disease,4311483,NA,NA
malignant_neoplastic_disease,764913,NA,NA
malignant_neoplastic_disease,4095316,NA,NA
malignant_neoplastic_disease,4312555,NA,NA
malignant_neoplastic_disease,4289682,NA,NA
malignant_neoplastic_disease,437233,NA,NA
malignant_neoplastic_disease,4313924,NA,NA
malignant_neoplastic_disease,44806268,NA,NA
malignant_neoplastic_disease,4322388,NA,NA
malignant_neoplastic_disease,4217083,NA,NA
malignant_neoplastic_disease,432558,NA,NA
malignant_neoplastic_disease,4297349,NA,NA
malignant_neoplastic_disease,4312667,NA,NA
malignant_neoplastic_disease,4295624,NA,NA
malignant_neoplastic_disease,4211481,NA,NA
malignant_neoplastic_disease,200660,NA,NA
malignant_neoplastic_disease,4312821,NA,NA
malignant_neoplastic_disease,4113638,NA,NA
malignant_neoplastic_disease,37204172,NA,NA
malignant_neoplastic_disease,36715789,NA,NA
malignant_neoplastic_disease,759823,NA,NA
malignant_neoplastic_disease,443386,NA,NA
malignant_neoplastic_disease,440344,NA,NA
malignant_neoplastic_disease,4151260,NA,NA
malignant_neoplastic_disease,4314584,NA,NA
malignant_neoplastic_disease,4177103,NA,NA
malignant_neoplastic_disease,4095008,NA,NA
malignant_neoplastic_disease,4289376,NA,NA
malignant_neoplastic_disease,4300783,NA,NA
malignant_neoplastic_disease,4313913,NA,NA
malignant_neoplastic_disease,432838,NA,NA
malignant_neoplastic_disease,4256774,NA,NA
malignant_neoplastic_disease,4245919,NA,NA
malignant_neoplastic_disease,4080733,NA,NA
malignant_neoplastic_disease,4315806,NA,NA
malignant_neoplastic_disease,764957,NA,NA
malignant_neoplastic_disease,36717578,NA,NA
malignant_neoplastic_disease,760724,NA,NA
malignant_neoplastic_disease,4313937,NA,NA
malignant_neoplastic_disease,4201484,NA,NA
malignant_neoplastic_disease,45769095,NA,NA
malignant_neoplastic_disease,4112857,NA,NA
malignant_neoplastic_disease,4038842,NA,NA
malignant_neoplastic_disease,80340,NA,NA
malignant_neoplastic_disease,4181486,NA,NA
malignant_neoplastic_disease,4314299,NA,NA
malignant_neoplastic_disease,4157454,NA,NA
malignant_neoplastic_disease,4246923,NA,NA
malignant_neoplastic_disease,4291273,NA,NA
malignant_neoplastic_disease,196653,NA,NA
malignant_neoplastic_disease,441230,NA,NA
malignant_neoplastic_disease,441809,NA,NA
malignant_neoplastic_disease,4180789,NA,NA
malignant_neoplastic_disease,36716606,NA,NA
malignant_neoplastic_disease,4297674,NA,NA
malignant_neoplastic_disease,40490520,NA,NA
malignant_neoplastic_disease,4180798,NA,NA
malignant_neoplastic_disease,36712834,NA,NA
malignant_neoplastic_disease,137809,NA,NA
malignant_neoplastic_disease,192568,NA,NA
malignant_neoplastic_disease,4312559,NA,NA
malignant_neoplastic_disease,40490467,NA,NA
malignant_neoplastic_disease,4312023,NA,NA
malignant_neoplastic_disease,4309545,NA,NA
malignant_neoplastic_disease,37110902,NA,NA
malignant_neoplastic_disease,36712835,NA,NA
malignant_neoplastic_disease,3655603,NA,NA
malignant_neoplastic_disease,4157449,NA,NA
malignant_neoplastic_disease,35622692,NA,NA
malignant_neoplastic_disease,4292387,NA,NA
malignant_neoplastic_disease,4247843,NA,NA
malignant_neoplastic_disease,4151250,NA,NA
malignant_neoplastic_disease,4313926,NA,NA
malignant_neoplastic_disease,37204808,NA,NA
malignant_neoplastic_disease,35608090,NA,NA
malignant_neoplastic_disease,4111025,NA,NA
malignant_neoplastic_disease,4312691,NA,NA
malignant_neoplastic_disease,37118986,NA,NA
malignant_neoplastic_disease,4310135,NA,NA
malignant_neoplastic_disease,35610176,NA,NA
malignant_neoplastic_disease,4092356,NA,NA
malignant_neoplastic_disease,4173977,NA,NA
malignant_neoplastic_disease,200959,NA,NA
malignant_neoplastic_disease,4311879,NA,NA
malignant_neoplastic_disease,37018650,NA,NA
malignant_neoplastic_disease,4187356,NA,NA
malignant_neoplastic_disease,40488942,NA,NA
malignant_neoplastic_disease,4310703,NA,NA
malignant_neoplastic_disease,36716493,NA,NA
malignant_neoplastic_disease,762802,NA,NA
malignant_neoplastic_disease,4144191,NA,NA
malignant_neoplastic_disease,135491,NA,NA
malignant_neoplastic_disease,45768977,NA,NA
malignant_neoplastic_disease,45763891,NA,NA
malignant_neoplastic_disease,4292385,NA,NA
malignant_neoplastic_disease,320337,NA,NA
malignant_neoplastic_disease,40486175,NA,NA
malignant_neoplastic_disease,4094541,NA,NA
malignant_neoplastic_disease,4110565,NA,NA
malignant_neoplastic_disease,4311897,NA,NA
malignant_neoplastic_disease,40493032,NA,NA
malignant_neoplastic_disease,195480,NA,NA
malignant_neoplastic_disease,4082464,NA,NA
malignant_neoplastic_disease,40486172,NA,NA
malignant_neoplastic_disease,4299143,NA,NA
malignant_neoplastic_disease,3655584,NA,NA
malignant_neoplastic_disease,35610154,NA,NA
malignant_neoplastic_disease,198707,NA,NA
malignant_neoplastic_disease,45768934,NA,NA
malignant_neoplastic_disease,36684450,NA,NA
malignant_neoplastic_disease,44814026,NA,NA
malignant_neoplastic_disease,4145095,NA,NA
malignant_neoplastic_disease,438982,NA,NA
malignant_neoplastic_disease,4334322,NA,NA
malignant_neoplastic_disease,4001319,NA,NA
malignant_neoplastic_disease,4092515,NA,NA
malignant_neoplastic_disease,40488963,NA,NA
malignant_neoplastic_disease,36712771,NA,NA
malignant_neoplastic_disease,442122,NA,NA
malignant_neoplastic_disease,4091474,NA,NA
malignant_neoplastic_disease,37312023,NA,NA
malignant_neoplastic_disease,438367,NA,NA
malignant_neoplastic_disease,3663221,NA,NA
malignant_neoplastic_disease,4079280,NA,NA
malignant_neoplastic_disease,4002495,NA,NA
malignant_neoplastic_disease,40482780,NA,NA
malignant_neoplastic_disease,4313798,NA,NA
malignant_neoplastic_disease,44783287,NA,NA
malignant_neoplastic_disease,4248069,NA,NA
malignant_neoplastic_disease,436352,NA,NA
malignant_neoplastic_disease,45769087,NA,NA
malignant_neoplastic_disease,36716505,NA,NA
malignant_neoplastic_disease,45772927,NA,NA
malignant_neoplastic_disease,4311324,NA,NA
malignant_neoplastic_disease,141243,NA,NA
malignant_neoplastic_disease,35619980,NA,NA
malignant_neoplastic_disease,4155292,NA,NA
malignant_neoplastic_disease,37116954,NA,NA
malignant_neoplastic_disease,45768980,NA,NA
malignant_neoplastic_disease,4313802,NA,NA
malignant_neoplastic_disease,192268,NA,NA
malignant_neoplastic_disease,4315541,NA,NA
malignant_neoplastic_disease,40491440,NA,NA
malignant_neoplastic_disease,4314483,NA,NA
malignant_neoplastic_disease,317801,NA,NA
malignant_neoplastic_disease,4089859,NA,NA
malignant_neoplastic_disease,4180908,NA,NA
malignant_neoplastic_disease,44784246,NA,NA
malignant_neoplastic_disease,4095009,NA,NA
malignant_neoplastic_disease,45768917,NA,NA
malignant_neoplastic_disease,4116235,NA,NA
malignant_neoplastic_disease,439267,NA,NA
malignant_neoplastic_disease,4246347,NA,NA
malignant_neoplastic_disease,4033318,NA,NA
malignant_neoplastic_disease,4315813,NA,NA
malignant_neoplastic_disease,4093651,NA,NA
malignant_neoplastic_disease,36715845,NA,NA
malignant_neoplastic_disease,37110034,NA,NA
malignant_neoplastic_disease,435751,NA,NA
malignant_neoplastic_disease,440957,NA,NA
malignant_neoplastic_disease,4079291,NA,NA
malignant_neoplastic_disease,4314500,NA,NA
malignant_neoplastic_disease,4246040,NA,NA
malignant_neoplastic_disease,4003187,NA,NA
malignant_neoplastic_disease,45768883,NA,NA
malignant_neoplastic_disease,4313911,NA,NA
malignant_neoplastic_disease,135194,NA,NA
malignant_neoplastic_disease,40480137,NA,NA
malignant_neoplastic_disease,45773547,NA,NA
malignant_neoplastic_disease,199760,NA,NA
malignant_neoplastic_disease,4092215,NA,NA
malignant_neoplastic_disease,4311719,NA,NA
malignant_neoplastic_disease,4312686,NA,NA
malignant_neoplastic_disease,196360,NA,NA
malignant_neoplastic_disease,4311878,NA,NA
malignant_neoplastic_disease,36684951,NA,NA
malignant_neoplastic_disease,4283880,NA,NA
malignant_neoplastic_disease,4172845,NA,NA
malignant_neoplastic_disease,36674609,NA,NA
malignant_neoplastic_disease,4085076,NA,NA
malignant_neoplastic_disease,375479,NA,NA
malignant_neoplastic_disease,4246792,NA,NA
malignant_neoplastic_disease,26052,NA,NA
malignant_neoplastic_disease,45768898,NA,NA
malignant_neoplastic_disease,4247839,NA,NA
malignant_neoplastic_disease,35617772,NA,NA
malignant_neoplastic_disease,4247836,NA,NA
malignant_neoplastic_disease,40492509,NA,NA
malignant_neoplastic_disease,4112456,NA,NA
malignant_neoplastic_disease,36716605,NA,NA
malignant_neoplastic_disease,4289519,NA,NA
malignant_neoplastic_disease,434877,NA,NA
malignant_neoplastic_disease,4247233,NA,NA
malignant_neoplastic_disease,4003023,NA,NA
malignant_neoplastic_disease,4095581,NA,NA
malignant_neoplastic_disease,37116584,NA,NA
malignant_neoplastic_disease,37018649,NA,NA
malignant_neoplastic_disease,764225,NA,NA
malignant_neoplastic_disease,4247724,NA,NA
malignant_neoplastic_disease,4311633,NA,NA
malignant_neoplastic_disease,140950,NA,NA
malignant_neoplastic_disease,760935,NA,NA
malignant_neoplastic_disease,4307407,NA,NA
malignant_neoplastic_disease,432571,NA,NA
malignant_neoplastic_disease,73712,NA,NA
malignant_neoplastic_disease,197500,NA,NA
malignant_neoplastic_disease,4266390,NA,NA
malignant_neoplastic_disease,37395837,NA,NA
malignant_neoplastic_disease,4226357,NA,NA
malignant_neoplastic_disease,35624313,NA,NA
malignant_neoplastic_disease,4283882,NA,NA
malignant_neoplastic_disease,4131931,NA,NA
malignant_neoplastic_disease,4247339,NA,NA
malignant_neoplastic_disease,4313939,NA,NA
malignant_neoplastic_disease,4289248,NA,NA
malignant_neoplastic_disease,442157,NA,NA
malignant_neoplastic_disease,4313087,NA,NA
malignant_neoplastic_disease,4312705,NA,NA
malignant_neoplastic_disease,4092069,NA,NA
malignant_neoplastic_disease,4289249,NA,NA
malignant_neoplastic_disease,442169,NA,NA
malignant_neoplastic_disease,40493030,NA,NA
malignant_neoplastic_disease,4300690,NA,NA
malignant_neoplastic_disease,442128,NA,NA
malignant_neoplastic_disease,4314339,NA,NA
malignant_neoplastic_disease,4162118,NA,NA
malignant_neoplastic_disease,4182916,NA,NA
malignant_neoplastic_disease,4183912,NA,NA
malignant_neoplastic_disease,36713996,NA,NA
malignant_neoplastic_disease,4181349,NA,NA
malignant_neoplastic_disease,4116576,NA,NA
malignant_neoplastic_disease,40481499,NA,NA
malignant_neoplastic_disease,36717018,NA,NA
malignant_neoplastic_disease,40490990,NA,NA
malignant_neoplastic_disease,258084,NA,NA
malignant_neoplastic_disease,4312567,NA,NA
malignant_neoplastic_disease,40479608,NA,NA
malignant_neoplastic_disease,45772928,NA,NA
malignant_neoplastic_disease,4171275,NA,NA
malignant_neoplastic_disease,4121331,NA,NA
malignant_neoplastic_disease,4082481,NA,NA
malignant_neoplastic_disease,42536896,NA,NA
malignant_neoplastic_disease,37110537,NA,NA
malignant_neoplastic_disease,4289691,NA,NA
malignant_neoplastic_disease,434584,NA,NA
malignant_neoplastic_disease,200052,NA,NA
malignant_neoplastic_disease,36716492,NA,NA
malignant_neoplastic_disease,4092374,NA,NA
malignant_neoplastic_disease,3655627,NA,NA
malignant_neoplastic_disease,4312278,NA,NA
malignant_neoplastic_disease,40488448,NA,NA
malignant_neoplastic_disease,42539251,NA,NA
malignant_neoplastic_disease,198091,NA,NA
malignant_neoplastic_disease,78097,NA,NA
malignant_neoplastic_disease,4111010,NA,NA
malignant_neoplastic_disease,760730,NA,NA
malignant_neoplastic_disease,76349,NA,NA
malignant_neoplastic_disease,4091469,NA,NA
malignant_neoplastic_disease,134290,NA,NA
malignant_neoplastic_disease,373151,NA,NA
malignant_neoplastic_disease,438699,NA,NA
malignant_neoplastic_disease,4171274,NA,NA
malignant_neoplastic_disease,4041798,NA,NA
malignant_neoplastic_disease,4297665,NA,NA
malignant_neoplastic_disease,37109905,NA,NA
malignant_neoplastic_disease,4314487,NA,NA
malignant_neoplastic_disease,44814156,NA,NA
malignant_neoplastic_disease,4080741,NA,NA
malignant_neoplastic_disease,37118088,NA,NA
malignant_neoplastic_disease,254282,NA,NA
malignant_neoplastic_disease,4183335,NA,NA
malignant_neoplastic_disease,436640,NA,NA
malignant_neoplastic_disease,434292,NA,NA
malignant_neoplastic_disease,139757,NA,NA
malignant_neoplastic_disease,432559,NA,NA
malignant_neoplastic_disease,138099,NA,NA
malignant_neoplastic_disease,4112865,NA,NA
malignant_neoplastic_disease,35622758,NA,NA
malignant_neoplastic_disease,4248186,NA,NA
malignant_neoplastic_disease,4312693,NA,NA
malignant_neoplastic_disease,4116070,NA,NA
malignant_neoplastic_disease,45768927,NA,NA
malignant_neoplastic_disease,4177099,NA,NA
malignant_neoplastic_disease,136056,NA,NA
malignant_neoplastic_disease,36715864,NA,NA
malignant_neoplastic_disease,4297356,NA,NA
malignant_neoplastic_disease,45769024,NA,NA
malignant_neoplastic_disease,4094864,NA,NA
malignant_neoplastic_disease,4111917,NA,NA
malignant_neoplastic_disease,4311634,NA,NA
malignant_neoplastic_disease,3654298,NA,NA
malignant_neoplastic_disease,45768935,NA,NA
malignant_neoplastic_disease,42539431,NA,NA
malignant_neoplastic_disease,4095437,NA,NA
malignant_neoplastic_disease,4312280,NA,NA
malignant_neoplastic_disease,4181336,NA,NA
malignant_neoplastic_disease,439761,NA,NA
malignant_neoplastic_disease,4153657,NA,NA
malignant_neoplastic_disease,4092211,NA,NA
malignant_neoplastic_disease,4146022,NA,NA
malignant_neoplastic_disease,45768857,NA,NA
malignant_neoplastic_disease,4095146,NA,NA
malignant_neoplastic_disease,36684948,NA,NA
malignant_neoplastic_disease,438980,NA,NA
malignant_neoplastic_disease,37018657,NA,NA
malignant_neoplastic_disease,197506,NA,NA
malignant_neoplastic_disease,4201475,NA,NA
malignant_neoplastic_disease,40484129,NA,NA
malignant_neoplastic_disease,4248195,NA,NA
malignant_neoplastic_disease,4003683,NA,NA
malignant_neoplastic_disease,35610241,NA,NA
malignant_neoplastic_disease,37116590,NA,NA
malignant_neoplastic_disease,4200889,NA,NA
malignant_neoplastic_disease,4180914,NA,NA
malignant_neoplastic_disease,40486731,NA,NA
malignant_neoplastic_disease,438089,NA,NA
malignant_neoplastic_disease,4289093,NA,NA
malignant_neoplastic_disease,35622770,NA,NA
malignant_neoplastic_disease,4311148,NA,NA
malignant_neoplastic_disease,4313482,NA,NA
malignant_neoplastic_disease,45768522,NA,NA
malignant_neoplastic_disease,36716487,NA,NA
malignant_neoplastic_disease,4311474,NA,NA
malignant_neoplastic_disease,4095164,NA,NA
malignant_neoplastic_disease,4079691,NA,NA
malignant_neoplastic_disease,4115271,NA,NA
malignant_neoplastic_disease,4289690,NA,NA
malignant_neoplastic_disease,45769026,NA,NA
malignant_neoplastic_disease,45769021,NA,NA
malignant_neoplastic_disease,4181347,NA,NA
malignant_neoplastic_disease,4181485,NA,NA
malignant_neoplastic_disease,4281020,NA,NA
malignant_neoplastic_disease,36712713,NA,NA
malignant_neoplastic_disease,4198437,NA,NA
malignant_neoplastic_disease,4246795,NA,NA
malignant_neoplastic_disease,40490989,NA,NA
malignant_neoplastic_disease,4180797,NA,NA
malignant_neoplastic_disease,432851,NA,NA
malignant_neoplastic_disease,4181338,NA,NA
malignant_neoplastic_disease,4326339,NA,NA
malignant_neoplastic_disease,4180905,NA,NA
malignant_neoplastic_disease,4315544,NA,NA
malignant_neoplastic_disease,37208347,NA,NA
malignant_neoplastic_disease,36684814,NA,NA
malignant_neoplastic_disease,44783846,NA,NA
malignant_neoplastic_disease,436927,NA,NA
malignant_neoplastic_disease,37017089,NA,NA
malignant_neoplastic_disease,4314073,NA,NA
malignant_neoplastic_disease,4001331,NA,NA
malignant_neoplastic_disease,192265,NA,NA
malignant_neoplastic_disease,761035,NA,NA
malignant_neoplastic_disease,4289388,NA,NA
malignant_neoplastic_disease,4095298,NA,NA
malignant_neoplastic_disease,4027231,NA,NA
malignant_neoplastic_disease,4111933,NA,NA
malignant_neoplastic_disease,4095747,NA,NA
malignant_neoplastic_disease,4003175,NA,NA
malignant_neoplastic_disease,4111948,NA,NA
malignant_neoplastic_disease,317510,NA,NA
malignant_neoplastic_disease,40492484,NA,NA
malignant_neoplastic_disease,4041800,NA,NA
malignant_neoplastic_disease,4299151,NA,NA
malignant_neoplastic_disease,36715844,NA,NA
malignant_neoplastic_disease,4090226,NA,NA
malignant_neoplastic_disease,4244051,NA,NA
malignant_neoplastic_disease,77812,NA,NA
malignant_neoplastic_disease,4110567,NA,NA
malignant_neoplastic_disease,36717490,NA,NA
malignant_neoplastic_disease,36684913,NA,NA
malignant_neoplastic_disease,259748,NA,NA
malignant_neoplastic_disease,439302,NA,NA
malignant_neoplastic_disease,132832,NA,NA
malignant_neoplastic_disease,4297355,NA,NA
malignant_neoplastic_disease,443383,NA,NA
malignant_neoplastic_disease,4220833,NA,NA
malignant_neoplastic_disease,4311326,NA,NA
malignant_neoplastic_disease,4281025,NA,NA
malignant_neoplastic_disease,4033893,NA,NA
malignant_neoplastic_disease,4312022,NA,NA
malignant_neoplastic_disease,4314499,NA,NA
malignant_neoplastic_disease,37018963,NA,NA
malignant_neoplastic_disease,4110013,NA,NA
malignant_neoplastic_disease,4289687,NA,NA
malignant_neoplastic_disease,4300565,NA,NA
malignant_neoplastic_disease,4115265,NA,NA
malignant_neoplastic_disease,133711,NA,NA
malignant_neoplastic_disease,4089858,NA,NA
malignant_neoplastic_disease,35610149,NA,NA
malignant_neoplastic_disease,436919,NA,NA
malignant_neoplastic_disease,4095762,NA,NA
malignant_neoplastic_disease,45765495,NA,NA
malignant_neoplastic_disease,4314067,NA,NA
malignant_neoplastic_disease,4185301,NA,NA
malignant_neoplastic_disease,4092210,NA,NA
malignant_neoplastic_disease,4112780,NA,NA
malignant_neoplastic_disease,45769123,NA,NA
malignant_neoplastic_disease,4178979,NA,NA
malignant_neoplastic_disease,44811228,NA,NA
malignant_neoplastic_disease,4289390,NA,NA
malignant_neoplastic_disease,35614931,NA,NA
malignant_neoplastic_disease,4094254,NA,NA
malignant_neoplastic_disease,37017893,NA,NA
malignant_neoplastic_disease,40493428,NA,NA
malignant_neoplastic_disease,4298847,NA,NA
malignant_neoplastic_disease,35617803,NA,NA
malignant_neoplastic_disease,40486563,NA,NA
malignant_neoplastic_disease,4314479,NA,NA
malignant_neoplastic_disease,4311760,NA,NA
malignant_neoplastic_disease,760934,NA,NA
malignant_neoplastic_disease,135496,NA,NA
malignant_neoplastic_disease,4092373,NA,NA
malignant_neoplastic_disease,4289101,NA,NA
malignant_neoplastic_disease,4248067,NA,NA
malignant_neoplastic_disease,436643,NA,NA
malignant_neoplastic_disease,42537577,NA,NA
malignant_neoplastic_disease,40491443,NA,NA
malignant_neoplastic_disease,4300694,NA,NA
malignant_neoplastic_disease,4315795,NA,NA
malignant_neoplastic_disease,40486741,NA,NA
malignant_neoplastic_disease,35624314,NA,NA
malignant_neoplastic_disease,36717587,NA,NA
malignant_neoplastic_disease,4090227,NA,NA
malignant_neoplastic_disease,4246358,NA,NA
malignant_neoplastic_disease,433704,NA,NA
malignant_neoplastic_disease,4247946,NA,NA
malignant_neoplastic_disease,4180790,NA,NA
malignant_neoplastic_disease,36713415,NA,NA
malignant_neoplastic_disease,4311618,NA,NA
malignant_neoplastic_disease,4095447,NA,NA
malignant_neoplastic_disease,36715846,NA,NA
malignant_neoplastic_disease,4158910,NA,NA
malignant_neoplastic_disease,4180912,NA,NA
malignant_neoplastic_disease,4112593,NA,NA
malignant_neoplastic_disease,4177232,NA,NA
malignant_neoplastic_disease,4247720,NA,NA
malignant_neoplastic_disease,4312681,NA,NA
malignant_neoplastic_disease,4312543,NA,NA
malignant_neoplastic_disease,4181346,NA,NA
malignant_neoplastic_disease,4312823,NA,NA
malignant_neoplastic_disease,4301779,NA,NA
malignant_neoplastic_disease,40490460,NA,NA
malignant_neoplastic_disease,4247830,NA,NA
malignant_neoplastic_disease,3654418,NA,NA
malignant_neoplastic_disease,4089756,NA,NA
malignant_neoplastic_disease,4117850,NA,NA
malignant_neoplastic_disease,4181477,NA,NA
malignant_neoplastic_disease,4234267,NA,NA
malignant_neoplastic_disease,760999,NA,NA
malignant_neoplastic_disease,4307838,NA,NA
malignant_neoplastic_disease,40487050,NA,NA
malignant_neoplastic_disease,4229398,NA,NA
malignant_neoplastic_disease,36715887,NA,NA
malignant_neoplastic_disease,4246124,NA,NA
malignant_neoplastic_disease,37018567,NA,NA
malignant_neoplastic_disease,45768865,NA,NA
malignant_neoplastic_disease,4082487,NA,NA
malignant_neoplastic_disease,4178969,NA,NA
malignant_neoplastic_disease,36716613,NA,NA
malignant_neoplastic_disease,4149847,NA,NA
malignant_neoplastic_disease,45768836,NA,NA
malignant_neoplastic_disease,4095737,NA,NA
malignant_neoplastic_disease,4112650,NA,NA
malignant_neoplastic_disease,4089856,NA,NA
malignant_neoplastic_disease,4095578,NA,NA
malignant_neoplastic_disease,4095583,NA,NA
malignant_neoplastic_disease,45772941,NA,NA
malignant_neoplastic_disease,4081867,NA,NA
malignant_neoplastic_disease,4119610,NA,NA
malignant_neoplastic_disease,4095432,NA,NA
malignant_neoplastic_disease,4094874,NA,NA
malignant_neoplastic_disease,4002348,NA,NA
malignant_neoplastic_disease,4162876,NA,NA
malignant_neoplastic_disease,42709931,NA,NA
malignant_neoplastic_disease,4281026,NA,NA
malignant_neoplastic_disease,4289379,NA,NA
malignant_neoplastic_disease,4246368,NA,NA
malignant_neoplastic_disease,4247960,NA,NA
malignant_neoplastic_disease,4300119,NA,NA
malignant_neoplastic_disease,4315547,NA,NA
malignant_neoplastic_disease,4092074,NA,NA
malignant_neoplastic_disease,37109902,NA,NA
malignant_neoplastic_disease,4283749,NA,NA
malignant_neoplastic_disease,4197475,NA,NA
malignant_neoplastic_disease,35621807,NA,NA
malignant_neoplastic_disease,4141255,NA,NA
malignant_neoplastic_disease,40489501,NA,NA
malignant_neoplastic_disease,315481,NA,NA
malignant_neoplastic_disease,4312275,NA,NA
malignant_neoplastic_disease,4301663,NA,NA
malignant_neoplastic_disease,4314057,NA,NA
malignant_neoplastic_disease,4116224,NA,NA
malignant_neoplastic_disease,45768856,NA,NA
malignant_neoplastic_disease,35622134,NA,NA
malignant_neoplastic_disease,4247716,NA,NA
malignant_neoplastic_disease,141816,NA,NA
malignant_neoplastic_disease,4181337,NA,NA
malignant_neoplastic_disease,4198445,NA,NA
malignant_neoplastic_disease,4314348,NA,NA
malignant_neoplastic_disease,4311321,NA,NA
malignant_neoplastic_disease,4310839,NA,NA
malignant_neoplastic_disease,4092512,NA,NA
malignant_neoplastic_disease,4247961,NA,NA
malignant_neoplastic_disease,45768842,NA,NA
malignant_neoplastic_disease,36713362,NA,NA
malignant_neoplastic_disease,4311212,NA,NA
malignant_neoplastic_disease,45768942,NA,NA
malignant_neoplastic_disease,4193580,NA,NA
malignant_neoplastic_disease,4089865,NA,NA
malignant_neoplastic_disease,37116436,NA,NA
malignant_neoplastic_disease,36676728,NA,NA
malignant_neoplastic_disease,4247821,NA,NA
malignant_neoplastic_disease,443380,NA,NA
malignant_neoplastic_disease,4310595,NA,NA
malignant_neoplastic_disease,4297357,NA,NA
malignant_neoplastic_disease,4155170,NA,NA
malignant_neoplastic_disease,4003675,NA,NA
malignant_neoplastic_disease,40489448,NA,NA
malignant_neoplastic_disease,435193,NA,NA
malignant_neoplastic_disease,4312148,NA,NA
malignant_neoplastic_disease,36676409,NA,NA
malignant_neoplastic_disease,4291595,NA,NA
malignant_neoplastic_disease,4187848,NA,NA
malignant_neoplastic_disease,4175532,NA,NA
malignant_neoplastic_disease,4187850,NA,NA
malignant_neoplastic_disease,4180902,NA,NA
malignant_neoplastic_disease,40480206,NA,NA
malignant_neoplastic_disease,36684461,NA,NA
malignant_neoplastic_disease,4112102,NA,NA
malignant_neoplastic_disease,4178978,NA,NA
malignant_neoplastic_disease,4311498,NA,NA
malignant_neoplastic_disease,4312698,NA,NA
malignant_neoplastic_disease,4312028,NA,NA
malignant_neoplastic_disease,432844,NA,NA
malignant_neoplastic_disease,4311491,NA,NA
malignant_neoplastic_disease,439292,NA,NA
malignant_neoplastic_disease,193157,NA,NA
malignant_neoplastic_disease,4002343,NA,NA
malignant_neoplastic_disease,4183745,NA,NA
malignant_neoplastic_disease,136928,NA,NA
malignant_neoplastic_disease,4312015,NA,NA
malignant_neoplastic_disease,441805,NA,NA
malignant_neoplastic_disease,4120310,NA,NA
malignant_neoplastic_disease,4089516,NA,NA
malignant_neoplastic_disease,4314498,NA,NA
malignant_neoplastic_disease,36716609,NA,NA
malignant_neoplastic_disease,36712739,NA,NA
malignant_neoplastic_disease,4092209,NA,NA
malignant_neoplastic_disease,4162861,NA,NA
malignant_neoplastic_disease,4313078,NA,NA
malignant_neoplastic_disease,4196266,NA,NA
malignant_neoplastic_disease,4314194,NA,NA
malignant_neoplastic_disease,4311323,NA,NA
malignant_neoplastic_disease,42709764,NA,NA
malignant_neoplastic_disease,4248198,NA,NA
malignant_neoplastic_disease,4112975,NA,NA
malignant_neoplastic_disease,4081542,NA,NA
malignant_neoplastic_disease,4301511,NA,NA
malignant_neoplastic_disease,35610159,NA,NA
malignant_neoplastic_disease,4092235,NA,NA
malignant_neoplastic_disease,4246924,NA,NA
malignant_neoplastic_disease,45765460,NA,NA
malignant_neoplastic_disease,4114341,NA,NA
malignant_neoplastic_disease,36684807,NA,NA
malignant_neoplastic_disease,4311500,NA,NA
malignant_neoplastic_disease,140967,NA,NA
malignant_neoplastic_disease,3655843,NA,NA
malignant_neoplastic_disease,4312167,NA,NA
malignant_neoplastic_disease,40483761,NA,NA
malignant_neoplastic_disease,4160780,NA,NA
malignant_neoplastic_disease,4298127,NA,NA
malignant_neoplastic_disease,4245916,NA,NA
malignant_neoplastic_disease,4315664,NA,NA
malignant_neoplastic_disease,40486583,NA,NA
malignant_neoplastic_disease,36717226,NA,NA
malignant_neoplastic_disease,40482750,NA,NA
malignant_neoplastic_disease,45768872,NA,NA
malignant_neoplastic_disease,4266805,NA,NA
malignant_neoplastic_disease,4116077,NA,NA
malignant_neoplastic_disease,4114213,NA,NA
malignant_neoplastic_disease,4299148,NA,NA
malignant_neoplastic_disease,760916,NA,NA
malignant_neoplastic_disease,4297331,NA,NA
malignant_neoplastic_disease,4311876,NA,NA
malignant_neoplastic_disease,4308759,NA,NA
malignant_neoplastic_disease,4297348,NA,NA
malignant_neoplastic_disease,4094543,NA,NA
malignant_neoplastic_disease,132852,NA,NA
malignant_neoplastic_disease,45769108,NA,NA
malignant_neoplastic_disease,4118989,NA,NA
malignant_neoplastic_disease,4244168,NA,NA
malignant_neoplastic_disease,40486590,NA,NA
malignant_neoplastic_disease,4112770,NA,NA
malignant_neoplastic_disease,4315663,NA,NA
malignant_neoplastic_disease,4312427,NA,NA
malignant_neoplastic_disease,4246458,NA,NA
malignant_neoplastic_disease,40493021,NA,NA
malignant_neoplastic_disease,4112489,NA,NA
malignant_neoplastic_disease,4143679,NA,NA
malignant_neoplastic_disease,4312287,NA,NA
malignant_neoplastic_disease,42536762,NA,NA
malignant_neoplastic_disease,201238,NA,NA
malignant_neoplastic_disease,4299430,NA,NA
malignant_neoplastic_disease,4085560,NA,NA
malignant_neoplastic_disease,436353,NA,NA
malignant_neoplastic_disease,4245466,NA,NA
malignant_neoplastic_disease,4146031,NA,NA
malignant_neoplastic_disease,4315552,NA,NA
malignant_neoplastic_disease,36674730,NA,NA
malignant_neoplastic_disease,4097572,NA,NA
malignant_neoplastic_disease,4146027,NA,NA
malignant_neoplastic_disease,4201482,NA,NA
malignant_neoplastic_disease,4313919,NA,NA
malignant_neoplastic_disease,45768978,NA,NA
malignant_neoplastic_disease,37396187,NA,NA
malignant_neoplastic_disease,4162993,NA,NA
malignant_neoplastic_disease,4315685,NA,NA
malignant_neoplastic_disease,436913,NA,NA
malignant_neoplastic_disease,36685010,NA,NA
malignant_neoplastic_disease,440047,NA,NA
malignant_neoplastic_disease,79758,NA,NA
malignant_neoplastic_disease,198371,NA,NA
malignant_neoplastic_disease,4180779,NA,NA
malignant_neoplastic_disease,45768918,NA,NA
malignant_neoplastic_disease,44784172,NA,NA
malignant_neoplastic_disease,4283740,NA,NA
malignant_neoplastic_disease,132565,NA,NA
malignant_neoplastic_disease,4110889,NA,NA
malignant_neoplastic_disease,37018651,NA,NA
malignant_neoplastic_disease,45768953,NA,NA
malignant_neoplastic_disease,40492939,NA,NA
malignant_neoplastic_disease,36676614,NA,NA
malignant_neoplastic_disease,4248082,NA,NA
malignant_neoplastic_disease,4089764,NA,NA
malignant_neoplastic_disease,4313801,NA,NA
malignant_neoplastic_disease,759939,NA,NA
malignant_neoplastic_disease,257503,NA,NA
malignant_neoplastic_disease,4314058,NA,NA
malignant_neoplastic_disease,4311637,NA,NA
malignant_neoplastic_disease,4247236,NA,NA
malignant_neoplastic_disease,4003674,NA,NA
malignant_neoplastic_disease,40486640,NA,NA
malignant_neoplastic_disease,42534922,NA,NA
malignant_neoplastic_disease,4314071,NA,NA
malignant_neoplastic_disease,36715849,NA,NA
malignant_neoplastic_disease,4143896,NA,NA
malignant_neoplastic_disease,4112855,NA,NA
malignant_neoplastic_disease,4314195,NA,NA
malignant_neoplastic_disease,4110014,NA,NA
malignant_neoplastic_disease,4131920,NA,NA
malignant_neoplastic_disease,4311617,NA,NA
malignant_neoplastic_disease,4097426,NA,NA
malignant_neoplastic_disease,37399542,NA,NA
malignant_neoplastic_disease,4138008,NA,NA
malignant_neoplastic_disease,40489484,NA,NA
malignant_neoplastic_disease,4247361,NA,NA
malignant_neoplastic_disease,4182920,NA,NA
malignant_neoplastic_disease,4181357,NA,NA
malignant_neoplastic_disease,759933,NA,NA
malignant_neoplastic_disease,4246021,NA,NA
malignant_neoplastic_disease,4283887,NA,NA
malignant_neoplastic_disease,4002352,NA,NA
malignant_neoplastic_disease,4110590,NA,NA
malignant_neoplastic_disease,4150398,NA,NA
malignant_neoplastic_disease,4082311,NA,NA
malignant_neoplastic_disease,443399,NA,NA
malignant_neoplastic_disease,4246039,NA,NA
malignant_neoplastic_disease,4281034,NA,NA
malignant_neoplastic_disease,136917,NA,NA
malignant_neoplastic_disease,4311328,NA,NA
malignant_neoplastic_disease,36683250,NA,NA
malignant_neoplastic_disease,4092236,NA,NA
malignant_neoplastic_disease,40481938,NA,NA
malignant_neoplastic_disease,4189506,NA,NA
malignant_neoplastic_disease,4313214,NA,NA
malignant_neoplastic_disease,4299424,NA,NA
malignant_neoplastic_disease,40489960,NA,NA
malignant_neoplastic_disease,45769025,NA,NA
malignant_neoplastic_disease,40489467,NA,NA
malignant_neoplastic_disease,37117201,NA,NA
malignant_neoplastic_disease,4142254,NA,NA
malignant_neoplastic_disease,133710,NA,NA
malignant_neoplastic_disease,4313918,NA,NA
malignant_neoplastic_disease,4114343,NA,NA
malignant_neoplastic_disease,439283,NA,NA
malignant_neoplastic_disease,4155293,NA,NA
malignant_neoplastic_disease,439751,NA,NA
malignant_neoplastic_disease,4091766,NA,NA
malignant_neoplastic_disease,4299133,NA,NA
malignant_neoplastic_disease,36715795,NA,NA
malignant_neoplastic_disease,201242,NA,NA
malignant_neoplastic_disease,4312300,NA,NA
malignant_neoplastic_disease,37109576,NA,NA
malignant_neoplastic_disease,4188544,NA,NA
malignant_neoplastic_disease,442181,NA,NA
malignant_neoplastic_disease,4315662,NA,NA
malignant_neoplastic_disease,4300701,NA,NA
malignant_neoplastic_disease,37016162,NA,NA
malignant_neoplastic_disease,4289681,NA,NA
malignant_neoplastic_disease,4315546,NA,NA
malignant_neoplastic_disease,4001174,NA,NA
malignant_neoplastic_disease,4115266,NA,NA
malignant_neoplastic_disease,443719,NA,NA
malignant_neoplastic_disease,4299140,NA,NA
malignant_neoplastic_disease,4111002,NA,NA
malignant_neoplastic_disease,40492482,NA,NA
malignant_neoplastic_disease,4139054,NA,NA
malignant_neoplastic_disease,440649,NA,NA
malignant_neoplastic_disease,40488947,NA,NA
malignant_neoplastic_disease,4089644,NA,NA
malignant_neoplastic_disease,4149837,NA,NA
malignant_neoplastic_disease,36716678,NA,NA
malignant_neoplastic_disease,4289684,NA,NA
malignant_neoplastic_disease,4178958,NA,NA
malignant_neoplastic_disease,4163261,NA,NA
malignant_neoplastic_disease,4003832,NA,NA
malignant_neoplastic_disease,4182918,NA,NA
malignant_neoplastic_disease,36715783,NA,NA
malignant_neoplastic_disease,132850,NA,NA
malignant_neoplastic_disease,4091932,NA,NA
malignant_neoplastic_disease,4311763,NA,NA
malignant_neoplastic_disease,4190771,NA,NA
malignant_neoplastic_disease,4314196,NA,NA
malignant_neoplastic_disease,4151263,NA,NA
malignant_neoplastic_disease,35624616,NA,NA
malignant_neoplastic_disease,4247948,NA,NA
malignant_neoplastic_disease,4312293,NA,NA
malignant_neoplastic_disease,4153890,NA,NA
malignant_neoplastic_disease,4095752,NA,NA
malignant_neoplastic_disease,4246253,NA,NA
malignant_neoplastic_disease,4315794,NA,NA
malignant_neoplastic_disease,4089755,NA,NA
malignant_neoplastic_disease,4246236,NA,NA
malignant_neoplastic_disease,4114338,NA,NA
malignant_neoplastic_disease,4001318,NA,NA
malignant_neoplastic_disease,4183339,NA,NA
malignant_neoplastic_disease,37395648,NA,NA
malignant_neoplastic_disease,35610234,NA,NA
malignant_neoplastic_disease,4246230,NA,NA
malignant_neoplastic_disease,4292384,NA,NA
malignant_neoplastic_disease,4180793,NA,NA
malignant_neoplastic_disease,4247352,NA,NA
malignant_neoplastic_disease,4312551,NA,NA
malignant_neoplastic_disease,4297338,NA,NA
malignant_neoplastic_disease,4207183,NA,NA
malignant_neoplastic_disease,3655614,NA,NA
malignant_neoplastic_disease,4215664,NA,NA
malignant_neoplastic_disease,4092359,NA,NA
malignant_neoplastic_disease,35623633,NA,NA
malignant_neoplastic_disease,4300567,NA,NA
malignant_neoplastic_disease,36687124,NA,NA
malignant_neoplastic_disease,4281162,NA,NA
malignant_neoplastic_disease,44783557,NA,NA
malignant_neoplastic_disease,195761,NA,NA
malignant_neoplastic_disease,37018660,NA,NA
malignant_neoplastic_disease,40486545,NA,NA
malignant_neoplastic_disease,4089866,NA,NA
malignant_neoplastic_disease,194286,NA,NA
malignant_neoplastic_disease,4312149,NA,NA
malignant_neoplastic_disease,4143382,NA,NA
malignant_neoplastic_disease,36716616,NA,NA
malignant_neoplastic_disease,4181332,NA,NA
malignant_neoplastic_disease,37396219,NA,NA
malignant_neoplastic_disease,4201020,NA,NA
malignant_neoplastic_disease,4311766,NA,NA
malignant_neoplastic_disease,4310162,NA,NA
malignant_neoplastic_disease,4002345,NA,NA
malignant_neoplastic_disease,435753,NA,NA
malignant_neoplastic_disease,609034,NA,NA
malignant_neoplastic_disease,602168,NA,NA
malignant_neoplastic_disease,4164017,NA,NA
malignant_neoplastic_disease,607385,NA,NA
malignant_neoplastic_disease,44808122,NA,NA
malignant_neoplastic_disease,606309,NA,NA
malignant_neoplastic_disease,603014,NA,NA
malignant_neoplastic_disease,4246369,NA,NA
malignant_neoplastic_disease,40491514,NA,NA
malignant_neoplastic_disease,4281021,NA,NA
malignant_neoplastic_disease,4311348,NA,NA
malignant_neoplastic_disease,438977,NA,NA
malignant_neoplastic_disease,605463,NA,NA
malignant_neoplastic_disease,4181482,NA,NA
malignant_neoplastic_disease,606958,NA,NA
malignant_neoplastic_disease,4289090,NA,NA
malignant_neoplastic_disease,602697,NA,NA
malignant_neoplastic_disease,602024,NA,NA
malignant_neoplastic_disease,35617653,NA,NA
malignant_neoplastic_disease,37018672,NA,NA
malignant_neoplastic_disease,37016237,NA,NA
malignant_neoplastic_disease,603119,NA,NA
malignant_neoplastic_disease,45768830,NA,NA
malignant_neoplastic_disease,4301646,NA,NA
malignant_neoplastic_disease,602310,NA,NA
malignant_neoplastic_disease,443390,NA,NA
malignant_neoplastic_disease,619380,NA,NA
malignant_neoplastic_disease,765058,NA,NA
malignant_neoplastic_disease,4246018,NA,NA
malignant_neoplastic_disease,4200514,NA,NA
malignant_neoplastic_disease,605450,NA,NA
malignant_neoplastic_disease,605241,NA,NA
malignant_neoplastic_disease,607383,NA,NA
malignant_neoplastic_disease,601113,NA,NA
malignant_neoplastic_disease,4313887,NA,NA
malignant_neoplastic_disease,602004,NA,NA
malignant_neoplastic_disease,36715796,NA,NA
malignant_neoplastic_disease,3654229,NA,NA
malignant_neoplastic_disease,607975,NA,NA
malignant_neoplastic_disease,4308627,NA,NA
malignant_neoplastic_disease,760960,NA,NA
malignant_neoplastic_disease,4314048,NA,NA
malignant_neoplastic_disease,36712712,NA,NA
malignant_neoplastic_disease,4287999,NA,NA
malignant_neoplastic_disease,4247945,NA,NA
malignant_neoplastic_disease,609278,NA,NA
malignant_neoplastic_disease,607979,NA,NA
malignant_neoplastic_disease,4030352,NA,NA
malignant_neoplastic_disease,609203,NA,NA
malignant_neoplastic_disease,46271211,NA,NA
malignant_neoplastic_disease,609081,NA,NA
malignant_neoplastic_disease,4299153,NA,NA
malignant_neoplastic_disease,605457,NA,NA
malignant_neoplastic_disease,602052,NA,NA
malignant_neoplastic_disease,609196,NA,NA
malignant_neoplastic_disease,36712745,NA,NA
malignant_neoplastic_disease,766258,NA,NA
malignant_neoplastic_disease,4301644,NA,NA
malignant_neoplastic_disease,4297343,NA,NA
malignant_neoplastic_disease,602111,NA,NA
malignant_neoplastic_disease,602159,NA,NA
malignant_neoplastic_disease,42539466,NA,NA
malignant_neoplastic_disease,605467,NA,NA
malignant_neoplastic_disease,36717624,NA,NA
malignant_neoplastic_disease,432574,NA,NA
malignant_neoplastic_disease,605449,NA,NA
malignant_neoplastic_disease,36717484,NA,NA
malignant_neoplastic_disease,4100540,NA,NA
malignant_neoplastic_disease,36717487,NA,NA
malignant_neoplastic_disease,4312798,NA,NA
malignant_neoplastic_disease,36712714,NA,NA
malignant_neoplastic_disease,4312640,NA,NA
malignant_neoplastic_disease,4171273,NA,NA
malignant_neoplastic_disease,4047562,NA,NA
malignant_neoplastic_disease,602163,NA,NA
malignant_neoplastic_disease,602000,NA,NA
malignant_neoplastic_disease,605472,NA,NA
malignant_neoplastic_disease,602056,NA,NA
malignant_neoplastic_disease,602132,NA,NA
malignant_neoplastic_disease,602080,NA,NA
malignant_neoplastic_disease,605246,NA,NA
malignant_neoplastic_disease,4289092,NA,NA
malignant_neoplastic_disease,605473,NA,NA
malignant_neoplastic_disease,605476,NA,NA
malignant_neoplastic_disease,36715889,NA,NA
malignant_neoplastic_disease,605480,NA,NA
malignant_neoplastic_disease,4091480,NA,NA
malignant_neoplastic_disease,4115297,NA,NA
malignant_neoplastic_disease,4001320,NA,NA
malignant_neoplastic_disease,608923,NA,NA
malignant_neoplastic_disease,602117,NA,NA
malignant_neoplastic_disease,4223496,NA,NA
malignant_neoplastic_disease,43530696,NA,NA
malignant_neoplastic_disease,602100,NA,NA
malignant_neoplastic_disease,4315797,NA,NA
malignant_neoplastic_disease,608067,NA,NA
malignant_neoplastic_disease,37311897,NA,NA
malignant_neoplastic_disease,608932,NA,NA
malignant_neoplastic_disease,605248,NA,NA
malignant_neoplastic_disease,608084,NA,NA
malignant_neoplastic_disease,602098,NA,NA
malignant_neoplastic_disease,4299146,NA,NA
malignant_neoplastic_disease,601112,NA,NA
malignant_neoplastic_disease,602164,NA,NA
malignant_neoplastic_disease,37116588,NA,NA
malignant_neoplastic_disease,45768985,NA,NA
malignant_neoplastic_disease,4110019,NA,NA
malignant_neoplastic_disease,601155,NA,NA
malignant_neoplastic_disease,608855,NA,NA
malignant_neoplastic_disease,601116,NA,NA
malignant_neoplastic_disease,4079153,NA,NA
malignant_neoplastic_disease,608893,NA,NA
malignant_neoplastic_disease,4299421,NA,NA
malignant_neoplastic_disease,765056,NA,NA
malignant_neoplastic_disease,602684,NA,NA
malignant_neoplastic_disease,608446,NA,NA
malignant_neoplastic_disease,37018875,NA,NA
malignant_neoplastic_disease,36716511,NA,NA
malignant_neoplastic_disease,4312544,NA,NA
malignant_neoplastic_disease,601138,NA,NA
malignant_neoplastic_disease,35610178,NA,NA
malignant_neoplastic_disease,40391861,NA,NA
malignant_neoplastic_disease,36715790,NA,NA
malignant_neoplastic_disease,602110,NA,NA
malignant_neoplastic_disease,36715782,NA,NA
malignant_neoplastic_disease,44784140,NA,NA
malignant_neoplastic_disease,4313634,NA,NA
malignant_neoplastic_disease,36674833,NA,NA
malignant_neoplastic_disease,35617090,NA,NA
malignant_neoplastic_disease,4314362,NA,NA
malignant_neoplastic_disease,602108,NA,NA
malignant_neoplastic_disease,4289827,NA,NA
malignant_neoplastic_disease,608943,NA,NA
malignant_neoplastic_disease,602062,NA,NA
malignant_neoplastic_disease,609305,NA,NA
malignant_neoplastic_disease,602125,NA,NA
malignant_neoplastic_disease,602105,NA,NA
malignant_neoplastic_disease,4248185,NA,NA
malignant_neoplastic_disease,4116244,NA,NA
malignant_neoplastic_disease,602334,NA,NA
malignant_neoplastic_disease,602691,NA,NA
malignant_neoplastic_disease,608241,NA,NA
malignant_neoplastic_disease,36713545,NA,NA
malignant_neoplastic_disease,4232597,NA,NA
malignant_neoplastic_disease,4322376,NA,NA
malignant_neoplastic_disease,602102,NA,NA
malignant_neoplastic_disease,36712748,NA,NA
malignant_neoplastic_disease,608929,NA,NA
malignant_neoplastic_disease,619829,NA,NA
malignant_neoplastic_disease,4112730,NA,NA
malignant_neoplastic_disease,602597,NA,NA
malignant_neoplastic_disease,40486168,NA,NA
malignant_neoplastic_disease,761021,NA,NA
malignant_neoplastic_disease,46271402,NA,NA
malignant_neoplastic_disease,600852,NA,NA
malignant_neoplastic_disease,43530694,NA,NA
malignant_neoplastic_disease,36715799,NA,NA
malignant_neoplastic_disease,602127,NA,NA
malignant_neoplastic_disease,36716499,NA,NA
malignant_neoplastic_disease,4221981,NA,NA
malignant_neoplastic_disease,4297195,NA,NA
malignant_neoplastic_disease,601144,NA,NA
malignant_neoplastic_disease,761184,NA,NA
malignant_neoplastic_disease,37109899,NA,NA
malignant_neoplastic_disease,45768829,NA,NA
malignant_neoplastic_disease,602112,NA,NA
malignant_neoplastic_disease,601151,NA,NA
malignant_neoplastic_disease,606200,NA,NA
malignant_neoplastic_disease,602047,NA,NA
malignant_neoplastic_disease,605745,NA,NA
malignant_neoplastic_disease,602050,NA,NA
malignant_neoplastic_disease,602137,NA,NA
malignant_neoplastic_disease,607435,NA,NA
malignant_neoplastic_disease,4295626,NA,NA
malignant_neoplastic_disease,602084,NA,NA
malignant_neoplastic_disease,604497,NA,NA
malignant_neoplastic_disease,601146,NA,NA
malignant_neoplastic_disease,4215390,NA,NA
malignant_neoplastic_disease,36715591,NA,NA
malignant_neoplastic_disease,36716490,NA,NA
malignant_neoplastic_disease,602154,NA,NA
malignant_neoplastic_disease,4311877,NA,NA
malignant_neoplastic_disease,602014,NA,NA
malignant_neoplastic_disease,604410,NA,NA
malignant_neoplastic_disease,36715862,NA,NA
malignant_neoplastic_disease,605459,NA,NA
malignant_neoplastic_disease,40481524,NA,NA
malignant_neoplastic_disease,4112989,NA,NA
malignant_neoplastic_disease,606202,NA,NA
malignant_neoplastic_disease,602070,NA,NA
malignant_neoplastic_disease,601998,NA,NA
malignant_neoplastic_disease,4313794,NA,NA
malignant_neoplastic_disease,37018934,NA,NA
malignant_neoplastic_disease,608928,NA,NA
malignant_neoplastic_disease,4281165,NA,NA
malignant_neoplastic_disease,608889,NA,NA
malignant_neoplastic_disease,602141,NA,NA
malignant_neoplastic_disease,602018,NA,NA
malignant_neoplastic_disease,608981,NA,NA
malignant_neoplastic_disease,602669,NA,NA
malignant_neoplastic_disease,602167,NA,NA
malignant_neoplastic_disease,4079683,NA,NA
malignant_neoplastic_disease,442178,NA,NA
malignant_neoplastic_disease,602170,NA,NA
malignant_neoplastic_disease,605478,NA,NA
malignant_neoplastic_disease,619299,NA,NA
malignant_neoplastic_disease,609123,NA,NA
malignant_neoplastic_disease,602825,NA,NA
malignant_neoplastic_disease,4264694,NA,NA
malignant_neoplastic_disease,608892,NA,NA
malignant_neoplastic_disease,443392,NA,NA
malignant_neoplastic_disease,602061,NA,NA
malignant_neoplastic_disease,602118,NA,NA
malignant_neoplastic_disease,4098951,NA,NA
malignant_neoplastic_disease,606201,NA,NA
malignant_neoplastic_disease,605509,NA,NA
malignant_neoplastic_disease,609036,NA,NA
malignant_neoplastic_disease,602696,NA,NA
malignant_neoplastic_disease,605471,NA,NA
malignant_neoplastic_disease,603292,NA,NA
malignant_neoplastic_disease,602021,NA,NA
malignant_neoplastic_disease,36712740,NA,NA
malignant_neoplastic_disease,602026,NA,NA
malignant_neoplastic_disease,607405,NA,NA
malignant_neoplastic_disease,4300571,NA,NA
malignant_neoplastic_disease,602120,NA,NA
malignant_neoplastic_disease,4095455,NA,NA
malignant_neoplastic_disease,761916,NA,NA
malignant_neoplastic_disease,607438,NA,NA
malignant_neoplastic_disease,609075,NA,NA
malignant_neoplastic_disease,608266,NA,NA
malignant_neoplastic_disease,4112143,NA,NA
malignant_neoplastic_disease,4301652,NA,NA
malignant_neoplastic_disease,608070,NA,NA
malignant_neoplastic_disease,602060,NA,NA
malignant_neoplastic_disease,761007,NA,NA
malignant_neoplastic_disease,40486174,NA,NA
malignant_neoplastic_disease,4200893,NA,NA
malignant_neoplastic_disease,760957,NA,NA
malignant_neoplastic_disease,602122,NA,NA
malignant_neoplastic_disease,602096,NA,NA
malignant_neoplastic_disease,4313930,NA,NA
malignant_neoplastic_disease,602694,NA,NA
malignant_neoplastic_disease,602029,NA,NA
malignant_neoplastic_disease,762782,NA,NA
malignant_neoplastic_disease,601153,NA,NA
malignant_neoplastic_disease,35622133,NA,NA
malignant_neoplastic_disease,605435,NA,NA
malignant_neoplastic_disease,36715921,NA,NA
malignant_neoplastic_disease,601141,NA,NA
malignant_neoplastic_disease,36715863,NA,NA
malignant_neoplastic_disease,37204365,NA,NA
malignant_neoplastic_disease,602136,NA,NA
malignant_neoplastic_disease,605470,NA,NA
malignant_neoplastic_disease,605821,NA,NA
malignant_neoplastic_disease,4313080,NA,NA
malignant_neoplastic_disease,602022,NA,NA
malignant_neoplastic_disease,4299132,NA,NA
malignant_neoplastic_disease,602030,NA,NA
malignant_neoplastic_disease,608946,NA,NA
malignant_neoplastic_disease,40486222,NA,NA
malignant_neoplastic_disease,603311,NA,NA
malignant_neoplastic_disease,605436,NA,NA
malignant_neoplastic_disease,608048,NA,NA
malignant_neoplastic_disease,4283745,NA,NA
malignant_neoplastic_disease,78093,NA,NA
malignant_neoplastic_disease,4200890,NA,NA
malignant_neoplastic_disease,435200,NA,NA
malignant_neoplastic_disease,4312937,NA,NA
malignant_neoplastic_disease,441520,NA,NA
malignant_neoplastic_disease,4157447,NA,NA
malignant_neoplastic_disease,4112580,NA,NA
malignant_neoplastic_disease,37017351,NA,NA
malignant_neoplastic_disease,4312284,NA,NA
malignant_neoplastic_disease,4298149,NA,NA
malignant_neoplastic_disease,4095741,NA,NA
malignant_neoplastic_disease,4091485,NA,NA
malignant_neoplastic_disease,35612355,NA,NA
malignant_neoplastic_disease,4307721,NA,NA
malignant_neoplastic_disease,4038845,NA,NA
malignant_neoplastic_disease,45768933,NA,NA
malignant_neoplastic_disease,37395649,NA,NA
malignant_neoplastic_disease,4312291,NA,NA
malignant_neoplastic_disease,4110733,NA,NA
malignant_neoplastic_disease,4299418,NA,NA
malignant_neoplastic_disease,36712715,NA,NA
malignant_neoplastic_disease,4312032,NA,NA
malignant_neoplastic_disease,4174769,NA,NA
malignant_neoplastic_disease,45768949,NA,NA
malignant_neoplastic_disease,4200894,NA,NA
malignant_neoplastic_disease,4248068,NA,NA
malignant_neoplastic_disease,4094251,NA,NA
malignant_neoplastic_disease,45772951,NA,NA
malignant_neoplastic_disease,434577,NA,NA
malignant_neoplastic_disease,438703,NA,NA
malignant_neoplastic_disease,4247840,NA,NA
malignant_neoplastic_disease,4095442,NA,NA
malignant_neoplastic_disease,4110134,NA,NA
malignant_neoplastic_disease,4246148,NA,NA
malignant_neoplastic_disease,40488419,NA,NA
malignant_neoplastic_disease,36716501,NA,NA
malignant_neoplastic_disease,45768833,NA,NA
malignant_neoplastic_disease,4182919,NA,NA
malignant_neoplastic_disease,45769022,NA,NA
malignant_neoplastic_disease,36715890,NA,NA
malignant_neoplastic_disease,4311492,NA,NA
malignant_neoplastic_disease,45768862,NA,NA
malignant_neoplastic_disease,4095295,NA,NA
malignant_neoplastic_disease,133713,NA,NA
malignant_neoplastic_disease,4178961,NA,NA
malignant_neoplastic_disease,35623631,NA,NA
malignant_neoplastic_disease,4095005,NA,NA
malignant_neoplastic_disease,4089766,NA,NA
malignant_neoplastic_disease,40489481,NA,NA
malignant_neoplastic_disease,4312677,NA,NA
malignant_neoplastic_disease,40486088,NA,NA
malignant_neoplastic_disease,4153882,NA,NA
malignant_neoplastic_disease,4146630,NA,NA
malignant_neoplastic_disease,40483374,NA,NA
malignant_neoplastic_disease,37109929,NA,NA
malignant_neoplastic_disease,4177112,NA,NA
malignant_neoplastic_disease,45768929,NA,NA
malignant_neoplastic_disease,4248074,NA,NA
malignant_neoplastic_disease,4181484,NA,NA
malignant_neoplastic_disease,44792336,NA,NA
malignant_neoplastic_disease,135750,NA,NA
malignant_neoplastic_disease,4311628,NA,NA
malignant_neoplastic_disease,40488991,NA,NA
malignant_neoplastic_disease,4312947,NA,NA
malignant_neoplastic_disease,4092216,NA,NA
malignant_neoplastic_disease,4248194,NA,NA
malignant_neoplastic_disease,4299155,NA,NA
malignant_neoplastic_disease,37312118,NA,NA
malignant_neoplastic_disease,4181478,NA,NA
malignant_neoplastic_disease,4090216,NA,NA
malignant_neoplastic_disease,4116201,NA,NA
malignant_neoplastic_disease,4297188,NA,NA
malignant_neoplastic_disease,4293714,NA,NA
malignant_neoplastic_disease,44783845,NA,NA
malignant_neoplastic_disease,4246367,NA,NA
malignant_neoplastic_disease,45766300,NA,NA
malignant_neoplastic_disease,4082919,NA,NA
malignant_neoplastic_disease,4169598,NA,NA
malignant_neoplastic_disease,200659,NA,NA
malignant_neoplastic_disease,42536723,NA,NA
malignant_neoplastic_disease,3655683,NA,NA
malignant_neoplastic_disease,4179094,NA,NA
malignant_neoplastic_disease,4299996,NA,NA
malignant_neoplastic_disease,442139,NA,NA
malignant_neoplastic_disease,253977,NA,NA
malignant_neoplastic_disease,4246796,NA,NA
malignant_neoplastic_disease,37116587,NA,NA
malignant_neoplastic_disease,36716489,NA,NA
malignant_neoplastic_disease,45768880,NA,NA
malignant_neoplastic_disease,4111777,NA,NA
malignant_neoplastic_disease,36716634,NA,NA
malignant_neoplastic_disease,37116429,NA,NA
malignant_neoplastic_disease,4313206,NA,NA
malignant_neoplastic_disease,37018947,NA,NA
malignant_neoplastic_disease,4095168,NA,NA
malignant_neoplastic_disease,4079288,NA,NA
malignant_neoplastic_disease,4292389,NA,NA
malignant_neoplastic_disease,4298033,NA,NA
malignant_neoplastic_disease,45773563,NA,NA
malignant_neoplastic_disease,35610240,NA,NA
malignant_neoplastic_disease,4314351,NA,NA
malignant_neoplastic_disease,4314047,NA,NA
malignant_neoplastic_disease,4175688,NA,NA
malignant_neoplastic_disease,40489928,NA,NA
malignant_neoplastic_disease,4222105,NA,NA
malignant_neoplastic_disease,4314478,NA,NA
malignant_neoplastic_disease,4110562,NA,NA
malignant_neoplastic_disease,4112982,NA,NA
malignant_neoplastic_disease,4311872,NA,NA
malignant_neoplastic_disease,313980,NA,NA
malignant_neoplastic_disease,138708,NA,NA
malignant_neoplastic_disease,37208026,NA,NA
malignant_neoplastic_disease,4237166,NA,NA
malignant_neoplastic_disease,605479,NA,NA
malignant_neoplastic_disease,4312553,NA,NA
malignant_neoplastic_disease,4111805,NA,NA
malignant_neoplastic_disease,4181480,NA,NA
malignant_neoplastic_disease,40489945,NA,NA
malignant_neoplastic_disease,3654647,NA,NA
malignant_neoplastic_disease,4311439,NA,NA
malignant_neoplastic_disease,434875,NA,NA
malignant_neoplastic_disease,37016104,NA,NA
malignant_neoplastic_disease,4266182,NA,NA
malignant_neoplastic_disease,4038840,NA,NA
malignant_neoplastic_disease,4157332,NA,NA
malignant_neoplastic_disease,4079290,NA,NA
malignant_neoplastic_disease,4312952,NA,NA
malignant_neoplastic_disease,36674976,NA,NA
malignant_neoplastic_disease,4003830,NA,NA
malignant_neoplastic_disease,438692,NA,NA
malignant_neoplastic_disease,42709763,NA,NA
malignant_neoplastic_disease,4295625,NA,NA
malignant_neoplastic_disease,4289374,NA,NA
malignant_neoplastic_disease,4300702,NA,NA
malignant_neoplastic_disease,37206370,NA,NA
malignant_neoplastic_disease,4116081,NA,NA
malignant_neoplastic_disease,437220,NA,NA
malignant_neoplastic_disease,44783851,NA,NA
malignant_neoplastic_disease,4280897,NA,NA
malignant_neoplastic_disease,4068256,NA,NA
malignant_neoplastic_disease,432845,NA,NA
malignant_neoplastic_disease,4085559,NA,NA
malignant_neoplastic_disease,4118988,NA,NA
malignant_neoplastic_disease,4247943,NA,NA
malignant_neoplastic_disease,36713026,NA,NA
malignant_neoplastic_disease,35610164,NA,NA
malignant_neoplastic_disease,37396743,NA,NA
malignant_neoplastic_disease,432843,NA,NA
malignant_neoplastic_disease,4095299,NA,NA
malignant_neoplastic_disease,4311327,NA,NA
malignant_neoplastic_disease,36715797,NA,NA
malignant_neoplastic_disease,36684819,NA,NA
malignant_neoplastic_disease,373152,NA,NA
malignant_neoplastic_disease,4079689,NA,NA
malignant_neoplastic_disease,4298030,NA,NA
malignant_neoplastic_disease,4173800,NA,NA
malignant_neoplastic_disease,40486085,NA,NA
malignant_neoplastic_disease,4289392,NA,NA
malignant_neoplastic_disease,40486224,NA,NA
malignant_neoplastic_disease,4289515,NA,NA
malignant_neoplastic_disease,439269,NA,NA
malignant_neoplastic_disease,37110334,NA,NA
malignant_neoplastic_disease,40484128,NA,NA
malignant_neoplastic_disease,441513,NA,NA
malignant_neoplastic_disease,40486655,NA,NA
malignant_neoplastic_disease,4315807,NA,NA
malignant_neoplastic_disease,4111921,NA,NA
malignant_neoplastic_disease,40490994,NA,NA
malignant_neoplastic_disease,36712721,NA,NA
malignant_neoplastic_disease,37116599,NA,NA
malignant_neoplastic_disease,4312283,NA,NA
malignant_neoplastic_disease,4311493,NA,NA
malignant_neoplastic_disease,4180903,NA,NA
malignant_neoplastic_disease,4300572,NA,NA
malignant_neoplastic_disease,4315540,NA,NA
malignant_neoplastic_disease,4092381,NA,NA
malignant_neoplastic_disease,40489468,NA,NA
malignant_neoplastic_disease,4246024,NA,NA
malignant_neoplastic_disease,37311683,NA,NA
malignant_neoplastic_disease,37208039,NA,NA
malignant_neoplastic_disease,26638,NA,NA
malignant_neoplastic_disease,4247831,NA,NA
malignant_neoplastic_disease,40492940,NA,NA
malignant_neoplastic_disease,196645,NA,NA
malignant_neoplastic_disease,438095,NA,NA
malignant_neoplastic_disease,3654352,NA,NA
malignant_neoplastic_disease,37109908,NA,NA
malignant_neoplastic_disease,4091621,NA,NA
malignant_neoplastic_disease,4246808,NA,NA
malignant_neoplastic_disease,37016272,NA,NA
malignant_neoplastic_disease,40481357,NA,NA
malignant_neoplastic_disease,4281023,NA,NA
malignant_neoplastic_disease,4247228,NA,NA
malignant_neoplastic_disease,376918,NA,NA
malignant_neoplastic_disease,36674767,NA,NA
malignant_neoplastic_disease,4314065,NA,NA
malignant_neoplastic_disease,36712723,NA,NA
malignant_neoplastic_disease,193418,NA,NA
malignant_neoplastic_disease,4313224,NA,NA
malignant_neoplastic_disease,4292390,NA,NA
malignant_neoplastic_disease,372567,NA,NA
malignant_neoplastic_disease,4196258,NA,NA
malignant_neoplastic_disease,764958,NA,NA
malignant_neoplastic_disease,4089777,NA,NA
malignant_neoplastic_disease,443564,NA,NA
malignant_neoplastic_disease,4311487,NA,NA
malignant_neoplastic_disease,4110434,NA,NA
malignant_neoplastic_disease,4111931,NA,NA
malignant_neoplastic_disease,4313791,NA,NA
malignant_neoplastic_disease,197507,NA,NA
malignant_neoplastic_disease,4247354,NA,NA
malignant_neoplastic_disease,4187849,NA,NA
malignant_neoplastic_disease,436054,NA,NA
malignant_neoplastic_disease,4315801,NA,NA
malignant_neoplastic_disease,36712733,NA,NA
malignant_neoplastic_disease,4094720,NA,NA
malignant_neoplastic_disease,4079690,NA,NA
malignant_neoplastic_disease,4313091,NA,NA
malignant_neoplastic_disease,4311349,NA,NA
malignant_neoplastic_disease,4281018,NA,NA
malignant_neoplastic_disease,4283738,NA,NA
malignant_neoplastic_disease,4041799,NA,NA
malignant_neoplastic_disease,4111021,NA,NA
malignant_neoplastic_disease,4300790,NA,NA
malignant_neoplastic_disease,36715911,NA,NA
malignant_neoplastic_disease,437226,NA,NA
malignant_neoplastic_disease,4310575,NA,NA
malignant_neoplastic_disease,443387,NA,NA
malignant_neoplastic_disease,4312429,NA,NA
malignant_neoplastic_disease,196359,NA,NA
malignant_neoplastic_disease,4003682,NA,NA
malignant_neoplastic_disease,4312955,NA,NA
malignant_neoplastic_disease,40490988,NA,NA
malignant_neoplastic_disease,4112961,NA,NA
malignant_neoplastic_disease,4095757,NA,NA
malignant_neoplastic_disease,4001328,NA,NA
malignant_neoplastic_disease,4208017,NA,NA
malignant_neoplastic_disease,4080901,NA,NA
malignant_neoplastic_disease,436926,NA,NA
malignant_neoplastic_disease,4157320,NA,NA
malignant_neoplastic_disease,435494,NA,NA
malignant_neoplastic_disease,4244166,NA,NA
malignant_neoplastic_disease,37208025,NA,NA
malignant_neoplastic_disease,4312694,NA,NA
malignant_neoplastic_disease,45768870,NA,NA
malignant_neoplastic_disease,4114339,NA,NA
malignant_neoplastic_disease,4307118,NA,NA
malignant_neoplastic_disease,4120588,NA,NA
malignant_neoplastic_disease,4246243,NA,NA
malignant_neoplastic_disease,4110559,NA,NA
malignant_neoplastic_disease,4312558,NA,NA
malignant_neoplastic_disease,4246231,NA,NA
malignant_neoplastic_disease,436042,NA,NA
malignant_neoplastic_disease,195760,NA,NA
malignant_neoplastic_disease,4156113,NA,NA
malignant_neoplastic_disease,4172846,NA,NA
malignant_neoplastic_disease,4177109,NA,NA
malignant_neoplastic_disease,4183744,NA,NA
malignant_neoplastic_disease,4244049,NA,NA
malignant_neoplastic_disease,45768900,NA,NA
malignant_neoplastic_disease,4157448,NA,NA
malignant_neoplastic_disease,4221229,NA,NA
malignant_neoplastic_disease,4311208,NA,NA
malignant_neoplastic_disease,764422,NA,NA
malignant_neoplastic_disease,37016124,NA,NA
malignant_neoplastic_disease,40486896,NA,NA
malignant_neoplastic_disease,4246034,NA,NA
malignant_neoplastic_disease,4299141,NA,NA
malignant_neoplastic_disease,35617893,NA,NA
malignant_neoplastic_disease,44783848,NA,NA
malignant_neoplastic_disease,4313081,NA,NA
malignant_neoplastic_disease,4040380,NA,NA
malignant_neoplastic_disease,37018876,NA,NA
malignant_neoplastic_disease,200349,NA,NA
malignant_neoplastic_disease,4092524,NA,NA
malignant_neoplastic_disease,37204731,NA,NA
malignant_neoplastic_disease,195199,NA,NA
malignant_neoplastic_disease,4312297,NA,NA
malignant_neoplastic_disease,4314341,NA,NA
malignant_neoplastic_disease,45768840,NA,NA
malignant_neoplastic_disease,4197601,NA,NA
malignant_neoplastic_disease,45768928,NA,NA
malignant_neoplastic_disease,4291293,NA,NA
malignant_neoplastic_disease,40489483,NA,NA
malignant_neoplastic_disease,4198436,NA,NA
malignant_neoplastic_disease,4308934,NA,NA
malignant_neoplastic_disease,4308005,NA,NA
malignant_neoplastic_disease,35622279,NA,NA
malignant_neoplastic_disease,45768984,NA,NA
malignant_neoplastic_disease,45765433,NA,NA
malignant_neoplastic_disease,437498,NA,NA
malignant_neoplastic_disease,4094020,NA,NA
malignant_neoplastic_disease,37110404,NA,NA
malignant_neoplastic_disease,44782590,NA,NA
malignant_neoplastic_disease,4092232,NA,NA
malignant_neoplastic_disease,196055,NA,NA
malignant_neoplastic_disease,4216891,NA,NA
malignant_neoplastic_disease,4112803,NA,NA
malignant_neoplastic_disease,4289686,NA,NA
malignant_neoplastic_disease,136354,NA,NA
malignant_neoplastic_disease,196049,NA,NA
malignant_neoplastic_disease,35610239,NA,NA
malignant_neoplastic_disease,4313914,NA,NA
malignant_neoplastic_disease,4180909,NA,NA
malignant_neoplastic_disease,4110572,NA,NA
malignant_neoplastic_disease,438380,NA,NA
malignant_neoplastic_disease,4123440,NA,NA
malignant_neoplastic_disease,40486666,NA,NA
malignant_neoplastic_disease,46270923,NA,NA
malignant_neoplastic_disease,45768916,NA,NA
malignant_neoplastic_disease,4116085,NA,NA
malignant_neoplastic_disease,4314344,NA,NA
malignant_neoplastic_disease,37018645,NA,NA
malignant_neoplastic_disease,3572256,NA,NA
malignant_neoplastic_disease,139759,NA,NA
malignant_neoplastic_disease,4095002,NA,NA
malignant_neoplastic_disease,440350,NA,NA
malignant_neoplastic_disease,44783847,NA,NA
malignant_neoplastic_disease,4112772,NA,NA
malignant_neoplastic_disease,4246355,NA,NA
malignant_neoplastic_disease,200963,NA,NA
malignant_neoplastic_disease,4288534,NA,NA
malignant_neoplastic_disease,3572249,NA,NA
malignant_neoplastic_disease,40488935,NA,NA
malignant_neoplastic_disease,4225833,NA,NA
malignant_neoplastic_disease,4095592,NA,NA
malignant_neoplastic_disease,36716486,NA,NA
malignant_neoplastic_disease,4313209,NA,NA
malignant_neoplastic_disease,761170,NA,NA
malignant_neoplastic_disease,36684446,NA,NA
malignant_neoplastic_disease,40480651,NA,NA
malignant_neoplastic_disease,440956,NA,NA
malignant_neoplastic_disease,36716774,NA,NA
malignant_neoplastic_disease,44783285,NA,NA
malignant_neoplastic_disease,201804,NA,NA
malignant_neoplastic_disease,4222109,NA,NA
malignant_neoplastic_disease,4247238,NA,NA
malignant_neoplastic_disease,4112483,NA,NA
malignant_neoplastic_disease,4298141,NA,NA
malignant_neoplastic_disease,4110568,NA,NA
malignant_neoplastic_disease,4201620,NA,NA
malignant_neoplastic_disease,4247345,NA,NA
malignant_neoplastic_disease,765741,NA,NA
malignant_neoplastic_disease,4093649,NA,NA
malignant_neoplastic_disease,436043,NA,NA
malignant_neoplastic_disease,4095746,NA,NA
malignant_neoplastic_disease,40486167,NA,NA
malignant_neoplastic_disease,40491513,NA,NA
malignant_neoplastic_disease,4283613,NA,NA
malignant_neoplastic_disease,35610245,NA,NA
malignant_neoplastic_disease,4309225,NA,NA
malignant_neoplastic_disease,4246922,NA,NA
malignant_neoplastic_disease,40493019,NA,NA
malignant_neoplastic_disease,4314481,NA,NA
malignant_neoplastic_disease,4116086,NA,NA
malignant_neoplastic_disease,4095758,NA,NA
malignant_neoplastic_disease,133438,NA,NA
malignant_neoplastic_disease,4311496,NA,NA
malignant_neoplastic_disease,35610328,NA,NA
malignant_neoplastic_disease,134603,NA,NA
malignant_neoplastic_disease,4315543,NA,NA
malignant_neoplastic_disease,4291143,NA,NA
malignant_neoplastic_disease,4002340,NA,NA
malignant_neoplastic_disease,4247835,NA,NA
malignant_neoplastic_disease,4309248,NA,NA
malignant_neoplastic_disease,443400,NA,NA
malignant_neoplastic_disease,4307986,NA,NA
malignant_neoplastic_disease,40486201,NA,NA
malignant_neoplastic_disease,4096969,NA,NA
malignant_neoplastic_disease,4246027,NA,NA
malignant_neoplastic_disease,4207920,NA,NA
malignant_neoplastic_disease,439739,NA,NA
malignant_neoplastic_disease,4174595,NA,NA
malignant_neoplastic_disease,442173,NA,NA
malignant_neoplastic_disease,4091618,NA,NA
malignant_neoplastic_disease,759902,NA,NA
malignant_neoplastic_disease,45768876,NA,NA
malignant_neoplastic_disease,4311875,NA,NA
malignant_neoplastic_disease,4121970,NA,NA
malignant_neoplastic_disease,4092059,NA,NA
malignant_neoplastic_disease,4311347,NA,NA
malignant_neoplastic_disease,4246225,NA,NA
malignant_neoplastic_disease,4311489,NA,NA
malignant_neoplastic_disease,4322241,NA,NA
malignant_neoplastic_disease,4297342,NA,NA
malignant_neoplastic_disease,4314068,NA,NA
malignant_neoplastic_disease,4110424,NA,NA
malignant_neoplastic_disease,4091762,NA,NA
malignant_neoplastic_disease,4121853,NA,NA
malignant_neoplastic_disease,4247237,NA,NA
malignant_neoplastic_disease,433149,NA,NA
malignant_neoplastic_disease,4091481,NA,NA
malignant_neoplastic_disease,36684464,NA,NA
malignant_neoplastic_disease,37204404,NA,NA
malignant_neoplastic_disease,139753,NA,NA
malignant_neoplastic_disease,759941,NA,NA
malignant_neoplastic_disease,4312285,NA,NA
malignant_neoplastic_disease,441803,NA,NA
malignant_neoplastic_disease,4091916,NA,NA
malignant_neoplastic_disease,45768861,NA,NA
malignant_neoplastic_disease,4112771,NA,NA
malignant_neoplastic_disease,40493028,NA,NA
malignant_neoplastic_disease,4315553,NA,NA
malignant_neoplastic_disease,4248078,NA,NA
malignant_neoplastic_disease,4175527,NA,NA
malignant_neoplastic_disease,4003180,NA,NA
malignant_neoplastic_disease,761907,NA,NA
malignant_neoplastic_disease,4247826,NA,NA
malignant_neoplastic_disease,4201476,NA,NA
malignant_neoplastic_disease,4116074,NA,NA
malignant_neoplastic_disease,45768886,NA,NA
malignant_neoplastic_disease,42538693,NA,NA
malignant_neoplastic_disease,4312687,NA,NA
malignant_neoplastic_disease,40492938,NA,NA
malignant_neoplastic_disease,133420,NA,NA
malignant_neoplastic_disease,4081044,NA,NA
malignant_neoplastic_disease,4089765,NA,NA
malignant_neoplastic_disease,4111028,NA,NA
malignant_neoplastic_disease,134305,NA,NA
malignant_neoplastic_disease,4314458,NA,NA
malignant_neoplastic_disease,4301642,NA,NA
malignant_neoplastic_disease,4112743,NA,NA
malignant_neoplastic_disease,4247726,NA,NA
malignant_neoplastic_disease,4142582,NA,NA
malignant_neoplastic_disease,4246238,NA,NA
malignant_neoplastic_disease,4093646,NA,NA
malignant_neoplastic_disease,40487607,NA,NA
malignant_neoplastic_disease,442163,NA,NA
malignant_neoplastic_disease,37116592,NA,NA
malignant_neoplastic_disease,4092384,NA,NA
malignant_neoplastic_disease,4295623,NA,NA
malignant_neoplastic_disease,4082493,NA,NA
malignant_neoplastic_disease,764972,NA,NA
malignant_neoplastic_disease,200667,NA,NA
malignant_neoplastic_disease,45768867,NA,NA
malignant_neoplastic_disease,4311341,NA,NA
malignant_neoplastic_disease,4311758,NA,NA
malignant_neoplastic_disease,4162276,NA,NA
malignant_neoplastic_disease,40488937,NA,NA
malignant_neoplastic_disease,37116596,NA,NA
malignant_neoplastic_disease,4246797,NA,NA
malignant_neoplastic_disease,4115276,NA,NA
malignant_neoplastic_disease,4247239,NA,NA
malignant_neoplastic_disease,44808015,NA,NA
malignant_neoplastic_disease,198986,NA,NA
malignant_neoplastic_disease,36716990,NA,NA
malignant_neoplastic_disease,4033891,NA,NA
malignant_neoplastic_disease,37206612,NA,NA
malignant_neoplastic_disease,4184985,NA,NA
malignant_neoplastic_disease,4280900,NA,NA
malignant_neoplastic_disease,37204489,NA,NA
malignant_neoplastic_disease,4190642,NA,NA
malignant_neoplastic_disease,36684857,NA,NA
malignant_neoplastic_disease,4001171,NA,NA
malignant_neoplastic_disease,45768948,NA,NA
malignant_neoplastic_disease,45771018,NA,NA
malignant_neoplastic_disease,4301283,NA,NA
malignant_neoplastic_disease,4334256,NA,NA
malignant_neoplastic_disease,443561,NA,NA
malignant_neoplastic_disease,45768832,NA,NA
malignant_neoplastic_disease,4300556,NA,NA
malignant_neoplastic_disease,764840,NA,NA
malignant_neoplastic_disease,4297200,NA,NA
malignant_neoplastic_disease,195201,NA,NA
malignant_neoplastic_disease,4080742,NA,NA
malignant_neoplastic_disease,432833,NA,NA
malignant_neoplastic_disease,432848,NA,NA
malignant_neoplastic_disease,197807,NA,NA
malignant_neoplastic_disease,37312143,NA,NA
malignant_neoplastic_disease,3655629,NA,NA
malignant_neoplastic_disease,37018865,NA,NA
malignant_neoplastic_disease,4116229,NA,NA
malignant_neoplastic_disease,4002353,NA,NA
malignant_neoplastic_disease,4200887,NA,NA
malignant_neoplastic_disease,442156,NA,NA
malignant_neoplastic_disease,4143825,NA,NA
malignant_neoplastic_disease,44784247,NA,NA
malignant_neoplastic_disease,441223,NA,NA
malignant_neoplastic_disease,40487047,NA,NA
malignant_neoplastic_disease,4197581,NA,NA
malignant_neoplastic_disease,4247844,NA,NA
malignant_neoplastic_disease,4112598,NA,NA
malignant_neoplastic_disease,3655852,NA,NA
malignant_neoplastic_disease,4187635,NA,NA
malignant_neoplastic_disease,4198275,NA,NA
malignant_neoplastic_disease,4173824,NA,NA
malignant_neoplastic_disease,4299420,NA,NA
malignant_neoplastic_disease,4314201,NA,NA
malignant_neoplastic_disease,4256777,NA,NA
malignant_neoplastic_disease,37110538,NA,NA
malignant_neoplastic_disease,4095145,NA,NA
malignant_neoplastic_disease,193971,NA,NA
malignant_neoplastic_disease,36715798,NA,NA
malignant_neoplastic_disease,36715801,NA,NA
malignant_neoplastic_disease,4115138,NA,NA
malignant_neoplastic_disease,4045412,NA,NA
malignant_neoplastic_disease,36716494,NA,NA
malignant_neoplastic_disease,45768944,NA,NA
malignant_neoplastic_disease,4092370,NA,NA
malignant_neoplastic_disease,4308621,NA,NA
malignant_neoplastic_disease,4247353,NA,NA
malignant_neoplastic_disease,4207182,NA,NA
malignant_neoplastic_disease,36713361,NA,NA
malignant_neoplastic_disease,4095144,NA,NA
malignant_neoplastic_disease,4033890,NA,NA
malignant_neoplastic_disease,4154629,NA,NA
malignant_neoplastic_disease,4097570,NA,NA
malignant_neoplastic_disease,4149838,NA,NA
malignant_neoplastic_disease,37017595,NA,NA
malignant_neoplastic_disease,40490929,NA,NA
malignant_neoplastic_disease,4313171,NA,NA
malignant_neoplastic_disease,4092237,NA,NA
malignant_neoplastic_disease,4311333,NA,NA
malignant_neoplastic_disease,4294435,NA,NA
malignant_neoplastic_disease,4298140,NA,NA
malignant_neoplastic_disease,4092366,NA,NA
malignant_neoplastic_disease,4178960,NA,NA
malignant_neoplastic_disease,4312039,NA,NA
malignant_neoplastic_disease,4247332,NA,NA
malignant_neoplastic_disease,4301516,NA,NA
malignant_neoplastic_disease,440345,NA,NA
malignant_neoplastic_disease,36715103,NA,NA
malignant_neoplastic_disease,4095897,NA,NA
malignant_neoplastic_disease,4094866,NA,NA
malignant_neoplastic_disease,4246810,NA,NA
malignant_neoplastic_disease,4113637,NA,NA
malignant_neoplastic_disease,37208322,NA,NA
malignant_neoplastic_disease,4181483,NA,NA
malignant_neoplastic_disease,4289823,NA,NA
malignant_neoplastic_disease,4003183,NA,NA
malignant_neoplastic_disease,4301512,NA,NA
malignant_neoplastic_disease,4230395,NA,NA
malignant_neoplastic_disease,40492016,NA,NA
malignant_neoplastic_disease,4300096,NA,NA
malignant_neoplastic_disease,4312804,NA,NA
malignant_neoplastic_disease,140064,NA,NA
malignant_neoplastic_disease,132572,NA,NA
malignant_neoplastic_disease,45769017,NA,NA
malignant_neoplastic_disease,37117762,NA,NA
malignant_neoplastic_disease,40489927,NA,NA
malignant_neoplastic_disease,37118669,NA,NA
malignant_neoplastic_disease,45769023,NA,NA
malignant_neoplastic_disease,434285,NA,NA
malignant_neoplastic_disease,4283752,NA,NA
malignant_neoplastic_disease,4281030,NA,NA
malignant_neoplastic_disease,40649300,NA,NA
malignant_neoplastic_disease,3662037,NA,NA
malignant_neoplastic_disease,4110870,NA,NA
malignant_neoplastic_disease,136949,NA,NA
malignant_neoplastic_disease,4311475,NA,NA
malignant_neoplastic_disease,45769096,NA,NA
malignant_neoplastic_disease,4246356,NA,NA
malignant_neoplastic_disease,434289,NA,NA
malignant_neoplastic_disease,40486090,NA,NA
malignant_neoplastic_disease,40489940,NA,NA
malignant_neoplastic_disease,36717352,NA,NA
malignant_neoplastic_disease,3655607,NA,NA
malignant_neoplastic_disease,4116084,NA,NA
malignant_neoplastic_disease,380661,NA,NA
malignant_neoplastic_disease,37119145,NA,NA
malignant_neoplastic_disease,4177098,NA,NA
malignant_neoplastic_disease,313430,NA,NA
malignant_neoplastic_disease,36683269,NA,NA
malignant_neoplastic_disease,4092233,NA,NA
malignant_neoplastic_disease,4003182,NA,NA
malignant_neoplastic_disease,4246131,NA,NA
malignant_neoplastic_disease,40486082,NA,NA
malignant_neoplastic_disease,45769018,NA,NA
malignant_neoplastic_disease,4315671,NA,NA
malignant_neoplastic_disease,4116238,NA,NA
malignant_neoplastic_disease,36715850,NA,NA
malignant_neoplastic_disease,35608092,NA,NA
malignant_neoplastic_disease,36715587,NA,NA
malignant_neoplastic_disease,4297351,NA,NA
malignant_neoplastic_disease,4301656,NA,NA
malignant_neoplastic_disease,4247964,NA,NA
malignant_neoplastic_disease,4289692,NA,NA
malignant_neoplastic_disease,4233629,NA,NA
malignant_neoplastic_disease,261808,NA,NA
malignant_neoplastic_disease,3663216,NA,NA
malignant_neoplastic_disease,4315809,NA,NA
malignant_neoplastic_disease,4093647,NA,NA
malignant_neoplastic_disease,378696,NA,NA
malignant_neoplastic_disease,36712749,NA,NA
malignant_neoplastic_disease,4314340,NA,NA
malignant_neoplastic_disease,4313795,NA,NA
malignant_neoplastic_disease,438383,NA,NA
malignant_neoplastic_disease,4247338,NA,NA
malignant_neoplastic_disease,44783280,NA,NA
malignant_neoplastic_disease,377229,NA,NA
malignant_neoplastic_disease,4092368,NA,NA
malignant_neoplastic_disease,4181353,NA,NA
malignant_neoplastic_disease,37311919,NA,NA
malignant_neoplastic_disease,4313208,NA,NA
malignant_neoplastic_disease,4314062,NA,NA
malignant_neoplastic_disease,37018659,NA,NA
malignant_neoplastic_disease,4201615,NA,NA
malignant_neoplastic_disease,4289521,NA,NA
malignant_neoplastic_disease,320049,NA,NA
malignant_neoplastic_disease,433426,NA,NA
malignant_neoplastic_disease,4245460,NA,NA
malignant_neoplastic_disease,4188973,NA,NA
malignant_neoplastic_disease,198092,NA,NA
malignant_neoplastic_disease,442150,NA,NA
malignant_neoplastic_disease,4092519,NA,NA
malignant_neoplastic_disease,40489942,NA,NA
malignant_neoplastic_disease,4183631,NA,NA
malignant_neoplastic_disease,43530969,NA,NA
malignant_neoplastic_disease,36712719,NA,NA
malignant_neoplastic_disease,36715803,NA,NA
malignant_neoplastic_disease,4220171,NA,NA
malignant_neoplastic_disease,4283754,NA,NA
malignant_neoplastic_disease,4247355,NA,NA
malignant_neoplastic_disease,35610152,NA,NA
malignant_neoplastic_disease,4312150,NA,NA
malignant_neoplastic_disease,4184849,NA,NA
malignant_neoplastic_disease,4246803,NA,NA
malignant_neoplastic_disease,37116593,NA,NA
malignant_neoplastic_disease,36717228,NA,NA
malignant_neoplastic_disease,37016439,NA,NA
malignant_neoplastic_disease,4180784,NA,NA
malignant_neoplastic_disease,4110721,NA,NA
malignant_neoplastic_disease,321815,NA,NA
malignant_neoplastic_disease,45768936,NA,NA
malignant_neoplastic_disease,4230544,NA,NA
malignant_neoplastic_disease,4181328,NA,NA
malignant_neoplastic_disease,4314342,NA,NA
malignant_neoplastic_disease,193138,NA,NA
malignant_neoplastic_disease,4198444,NA,NA
malignant_neoplastic_disease,4097706,NA,NA
malignant_neoplastic_disease,441515,NA,NA
malignant_neoplastic_disease,4001321,NA,NA
malignant_neoplastic_disease,4246453,NA,NA
malignant_neoplastic_disease,4246251,NA,NA
malignant_neoplastic_disease,4313079,NA,NA
malignant_neoplastic_disease,36713366,NA,NA
malignant_neoplastic_disease,35624315,NA,NA
malignant_neoplastic_disease,36676672,NA,NA
malignant_neoplastic_disease,4281022,NA,NA
malignant_neoplastic_disease,432264,NA,NA
malignant_neoplastic_disease,4247723,NA,NA
malignant_neoplastic_disease,4111783,NA,NA
malignant_neoplastic_disease,36684809,NA,NA
malignant_neoplastic_disease,4119828,NA,NA
malignant_neoplastic_disease,4002358,NA,NA
malignant_neoplastic_disease,432254,NA,NA
malignant_neoplastic_disease,4116243,NA,NA
malignant_neoplastic_disease,438709,NA,NA
malignant_neoplastic_disease,42539700,NA,NA
malignant_neoplastic_disease,4246793,NA,NA
malignant_neoplastic_disease,196051,NA,NA
malignant_neoplastic_disease,4111654,NA,NA
malignant_neoplastic_disease,435203,NA,NA
malignant_neoplastic_disease,4110740,NA,NA
malignant_neoplastic_disease,4299147,NA,NA
malignant_neoplastic_disease,4248079,NA,NA
malignant_neoplastic_disease,4092061,NA,NA
malignant_neoplastic_disease,37111319,NA,NA
malignant_neoplastic_disease,4298739,NA,NA
malignant_neoplastic_disease,4092364,NA,NA
malignant_neoplastic_disease,4113112,NA,NA
malignant_neoplastic_disease,4115267,NA,NA
malignant_neoplastic_disease,4307000,NA,NA
malignant_neoplastic_disease,37109903,NA,NA
malignant_neoplastic_disease,4092376,NA,NA
malignant_neoplastic_disease,4180787,NA,NA
malignant_neoplastic_disease,45769034,NA,NA
malignant_neoplastic_disease,4309385,NA,NA
malignant_neoplastic_disease,36715837,NA,NA
malignant_neoplastic_disease,40488904,NA,NA
malignant_neoplastic_disease,261514,NA,NA
malignant_neoplastic_disease,434880,NA,NA
malignant_neoplastic_disease,4158563,NA,NA
malignant_neoplastic_disease,37208048,NA,NA
malignant_neoplastic_disease,4139554,NA,NA
malignant_neoplastic_disease,44784245,NA,NA
malignant_neoplastic_disease,4283741,NA,NA
malignant_neoplastic_disease,4289389,NA,NA
malignant_neoplastic_disease,79749,NA,NA
malignant_neoplastic_disease,4314356,NA,NA
malignant_neoplastic_disease,4247351,NA,NA
malignant_neoplastic_disease,4145040,NA,NA
malignant_neoplastic_disease,4313215,NA,NA
malignant_neoplastic_disease,140666,NA,NA
malignant_neoplastic_disease,4301666,NA,NA
malignant_neoplastic_disease,4315796,NA,NA
malignant_neoplastic_disease,36717176,NA,NA
malignant_neoplastic_disease,4112974,NA,NA
malignant_neoplastic_disease,42872396,NA,NA
malignant_neoplastic_disease,37396006,NA,NA
malignant_neoplastic_disease,4146024,NA,NA
malignant_neoplastic_disease,40488958,NA,NA
malignant_neoplastic_disease,3654662,NA,NA
malignant_neoplastic_disease,136655,NA,NA
malignant_neoplastic_disease,37117763,NA,NA
malignant_neoplastic_disease,198704,NA,NA
malignant_neoplastic_disease,4001667,NA,NA
malignant_neoplastic_disease,4178965,NA,NA
malignant_neoplastic_disease,4094548,NA,NA
malignant_neoplastic_disease,37116830,NA,NA
malignant_neoplastic_disease,4112773,NA,NA
malignant_neoplastic_disease,4110589,NA,NA
malignant_neoplastic_disease,4181334,NA,NA
malignant_neoplastic_disease,321234,NA,NA
malignant_neoplastic_disease,4003834,NA,NA
malignant_neoplastic_disease,4247962,NA,NA
malignant_neoplastic_disease,37209431,NA,NA
malignant_neoplastic_disease,4089665,NA,NA
malignant_neoplastic_disease,442153,NA,NA
malignant_neoplastic_disease,4248056,NA,NA
malignant_neoplastic_disease,199744,NA,NA
malignant_neoplastic_disease,40486223,NA,NA
malignant_neoplastic_disease,192560,NA,NA
malignant_neoplastic_disease,4246017,NA,NA
malignant_neoplastic_disease,4340498,NA,NA
malignant_neoplastic_disease,134597,NA,NA
malignant_neoplastic_disease,4314496,NA,NA
malignant_neoplastic_disease,37396884,NA,NA
malignant_neoplastic_disease,37109302,NA,NA
malignant_neoplastic_disease,37208245,NA,NA
malignant_neoplastic_disease,4306331,NA,NA
malignant_neoplastic_disease,194878,NA,NA
malignant_neoplastic_disease,4155299,NA,NA
malignant_neoplastic_disease,37208346,NA,NA
malignant_neoplastic_disease,441802,NA,NA
malignant_neoplastic_disease,37018673,NA,NA
malignant_neoplastic_disease,4112864,NA,NA
malignant_neoplastic_disease,4311747,NA,NA
malignant_neoplastic_disease,45768879,NA,NA
malignant_neoplastic_disease,37018877,NA,NA
malignant_neoplastic_disease,4111020,NA,NA
malignant_neoplastic_disease,4312286,NA,NA
malignant_neoplastic_disease,4140471,NA,NA
malignant_neoplastic_disease,4312430,NA,NA
malignant_neoplastic_disease,36715589,NA,NA
malignant_neoplastic_disease,40479582,NA,NA
malignant_neoplastic_disease,4142105,NA,NA
malignant_neoplastic_disease,192847,NA,NA
malignant_neoplastic_disease,760988,NA,NA
malignant_neoplastic_disease,435198,NA,NA
malignant_neoplastic_disease,4110863,NA,NA
malignant_neoplastic_disease,4248189,NA,NA
malignant_neoplastic_disease,4312281,NA,NA
malignant_neoplastic_disease,197799,NA,NA
malignant_neoplastic_disease,4246791,NA,NA
malignant_neoplastic_disease,4313088,NA,NA
malignant_neoplastic_disease,40486109,NA,NA
malignant_neoplastic_disease,4177242,NA,NA
malignant_neoplastic_disease,4178972,NA,NA
malignant_neoplastic_disease,4189478,NA,NA
malignant_neoplastic_disease,4314358,NA,NA
malignant_neoplastic_disease,4311621,NA,NA
malignant_neoplastic_disease,4313916,NA,NA
malignant_neoplastic_disease,4092357,NA,NA
malignant_neoplastic_disease,4096968,NA,NA
malignant_neoplastic_disease,45766268,NA,NA
malignant_neoplastic_disease,4292378,NA,NA
malignant_neoplastic_disease,4292386,NA,NA
malignant_neoplastic_disease,135476,NA,NA
malignant_neoplastic_disease,44811175,NA,NA
malignant_neoplastic_disease,4177108,NA,NA
malignant_neoplastic_disease,4298240,NA,NA
malignant_neoplastic_disease,4095749,NA,NA
malignant_neoplastic_disease,4095755,NA,NA
malignant_neoplastic_disease,4002356,NA,NA
malignant_neoplastic_disease,4094722,NA,NA
malignant_neoplastic_disease,4289689,NA,NA
malignant_neoplastic_disease,4208660,NA,NA
malignant_neoplastic_disease,4298235,NA,NA
malignant_neoplastic_disease,4315808,NA,NA
malignant_neoplastic_disease,4091486,NA,NA
malignant_neoplastic_disease,4299150,NA,NA
malignant_neoplastic_disease,4173956,NA,NA
malignant_neoplastic_disease,440037,NA,NA
malignant_neoplastic_disease,40487487,NA,NA
malignant_neoplastic_disease,4092372,NA,NA
malignant_neoplastic_disease,40488900,NA,NA
malignant_neoplastic_disease,44782609,NA,NA
malignant_neoplastic_disease,4181354,NA,NA
malignant_neoplastic_disease,4283755,NA,NA
malignant_neoplastic_disease,135768,NA,NA
malignant_neoplastic_disease,40492932,NA,NA
malignant_neoplastic_disease,4315814,NA,NA
malignant_neoplastic_disease,4153887,NA,NA
malignant_neoplastic_disease,192269,NA,NA
malignant_neoplastic_disease,37110584,NA,NA
malignant_neoplastic_disease,3655294,NA,NA
malignant_neoplastic_disease,35610247,NA,NA
malignant_neoplastic_disease,4157457,NA,NA
malignant_neoplastic_disease,4116218,NA,NA
malignant_neoplastic_disease,4311480,NA,NA
malignant_neoplastic_disease,4157333,NA,NA
malignant_neoplastic_disease,37017112,NA,NA
malignant_neoplastic_disease,313159,NA,NA
malignant_neoplastic_disease,4298128,NA,NA
malignant_neoplastic_disease,4234784,NA,NA
malignant_neoplastic_disease,4180785,NA,NA
malignant_neoplastic_disease,25486,NA,NA
malignant_neoplastic_disease,40493435,NA,NA
malignant_neoplastic_disease,4110425,NA,NA
malignant_neoplastic_disease,45768885,NA,NA
malignant_neoplastic_disease,761082,NA,NA
malignant_neoplastic_disease,4112075,NA,NA
malignant_neoplastic_disease,4258135,NA,NA
malignant_neoplastic_disease,4310566,NA,NA
malignant_neoplastic_disease,4298029,NA,NA
malignant_neoplastic_disease,4112856,NA,NA
malignant_neoplastic_disease,40488990,NA,NA
malignant_neoplastic_disease,73720,NA,NA
malignant_neoplastic_disease,193428,NA,NA
malignant_neoplastic_disease,4312701,NA,NA
malignant_neoplastic_disease,4183336,NA,NA
malignant_neoplastic_disease,3654653,NA,NA
malignant_neoplastic_disease,4168069,NA,NA
malignant_neoplastic_disease,42535535,NA,NA
malignant_neoplastic_disease,4042194,NA,NA
malignant_neoplastic_disease,35623049,NA,NA
malignant_neoplastic_disease,35623401,NA,NA
malignant_neoplastic_disease,318096,NA,NA
malignant_neoplastic_disease,4181488,NA,NA
malignant_neoplastic_disease,42538015,NA,NA
malignant_neoplastic_disease,4003184,NA,NA
malignant_neoplastic_disease,36684473,NA,NA
malignant_neoplastic_disease,4300557,NA,NA
malignant_neoplastic_disease,45768979,NA,NA
malignant_neoplastic_disease,4247242,NA,NA
malignant_neoplastic_disease,4114193,NA,NA
malignant_neoplastic_disease,196053,NA,NA
malignant_neoplastic_disease,4089652,NA,NA
malignant_neoplastic_disease,44807009,NA,NA
malignant_neoplastic_disease,4196260,NA,NA
malignant_neoplastic_disease,36674832,NA,NA
malignant_neoplastic_disease,4175531,NA,NA
malignant_neoplastic_disease,4246014,NA,NA
malignant_neoplastic_disease,4230253,NA,NA
malignant_neoplastic_disease,443398,NA,NA
malignant_neoplastic_disease,40488898,NA,NA
malignant_neoplastic_disease,4221190,NA,NA
malignant_neoplastic_disease,42538850,NA,NA
malignant_neoplastic_disease,42537751,NA,NA
malignant_neoplastic_disease,4110725,NA,NA
malignant_neoplastic_disease,438080,NA,NA
malignant_neoplastic_disease,4246019,NA,NA
malignant_neoplastic_disease,132853,NA,NA
malignant_neoplastic_disease,4220469,NA,NA
malignant_neoplastic_disease,37396458,NA,NA
malignant_neoplastic_disease,4158909,NA,NA
malignant_neoplastic_disease,4188299,NA,NA
malignant_neoplastic_disease,4312033,NA,NA
malignant_neoplastic_disease,141814,NA,NA
malignant_neoplastic_disease,4200888,NA,NA
malignant_neoplastic_disease,4082011,NA,NA
malignant_neoplastic_disease,378081,NA,NA
malignant_neoplastic_disease,442134,NA,NA
malignant_neoplastic_disease,3654886,NA,NA
malignant_neoplastic_disease,4322387,NA,NA
malignant_neoplastic_disease,4173799,NA,NA
malignant_neoplastic_disease,36715853,NA,NA
malignant_neoplastic_disease,4094857,NA,NA
malignant_neoplastic_disease,4312805,NA,NA
malignant_neoplastic_disease,4300682,NA,NA
malignant_neoplastic_disease,255192,NA,NA
malignant_neoplastic_disease,36684820,NA,NA
malignant_neoplastic_disease,40650479,NA,NA
malignant_neoplastic_disease,37204806,NA,NA
malignant_neoplastic_disease,4079274,NA,NA
malignant_neoplastic_disease,4246248,NA,NA
malignant_neoplastic_disease,4003027,NA,NA
malignant_neoplastic_disease,4246142,NA,NA
malignant_neoplastic_disease,45769094,NA,NA
malignant_neoplastic_disease,4301668,NA,NA
malignant_neoplastic_disease,132575,NA,NA
malignant_neoplastic_disease,40488945,NA,NA
malignant_neoplastic_disease,4095587,NA,NA
malignant_neoplastic_disease,4313211,NA,NA
malignant_neoplastic_disease,28356,NA,NA
malignant_neoplastic_disease,4252536,NA,NA
malignant_neoplastic_disease,318989,NA,NA
malignant_neoplastic_disease,3654649,NA,NA
malignant_neoplastic_disease,40490009,NA,NA
malignant_neoplastic_disease,37204279,NA,NA
malignant_neoplastic_disease,4002360,NA,NA
malignant_neoplastic_disease,4095584,NA,NA
malignant_neoplastic_disease,4112968,NA,NA
malignant_neoplastic_disease,4120589,NA,NA
malignant_neoplastic_disease,37310458,NA,NA
malignant_neoplastic_disease,4246130,NA,NA
malignant_neoplastic_disease,607973,NA,NA
malignant_neoplastic_disease,4246020,NA,NA
malignant_neoplastic_disease,193719,NA,NA
malignant_neoplastic_disease,4300695,NA,NA
malignant_neoplastic_disease,4311209,NA,NA
malignant_neoplastic_disease,4095011,NA,NA
malignant_neoplastic_disease,4092371,NA,NA
malignant_neoplastic_disease,4223497,NA,NA
malignant_neoplastic_disease,36712981,NA,NA
malignant_neoplastic_disease,4313218,NA,NA
malignant_neoplastic_disease,37110033,NA,NA
malignant_neoplastic_disease,4313936,NA,NA
malignant_neoplastic_disease,4314172,NA,NA
malignant_neoplastic_disease,197228,NA,NA
malignant_neoplastic_disease,444466,NA,NA
malignant_neoplastic_disease,764923,NA,NA
malignant_neoplastic_disease,4212994,NA,NA
malignant_neoplastic_disease,4295476,NA,NA
malignant_neoplastic_disease,4003186,NA,NA
malignant_neoplastic_disease,40489485,NA,NA
malignant_neoplastic_disease,36716615,NA,NA
malignant_neoplastic_disease,4227963,NA,NA
malignant_neoplastic_disease,4313092,NA,NA
malignant_neoplastic_disease,4095763,NA,NA
malignant_neoplastic_disease,4248081,NA,NA
malignant_neoplastic_disease,435190,NA,NA
malignant_neoplastic_disease,4298153,NA,NA
malignant_neoplastic_disease,37116669,NA,NA
malignant_neoplastic_disease,4149840,NA,NA
malignant_neoplastic_disease,4312929,NA,NA
malignant_neoplastic_disease,4138466,NA,NA
malignant_neoplastic_disease,36716614,NA,NA
malignant_neoplastic_disease,42537145,NA,NA
malignant_neoplastic_disease,45763941,NA,NA
malignant_neoplastic_disease,4300688,NA,NA
malignant_neoplastic_disease,440058,NA,NA
malignant_neoplastic_disease,40493029,NA,NA
malignant_neoplastic_disease,3656237,NA,NA
malignant_neoplastic_disease,433161,NA,NA
malignant_neoplastic_disease,201813,NA,NA
malignant_neoplastic_disease,4095300,NA,NA
malignant_neoplastic_disease,4244167,NA,NA
malignant_neoplastic_disease,4263684,NA,NA
malignant_neoplastic_disease,4247849,NA,NA
malignant_neoplastic_disease,4248192,NA,NA
malignant_neoplastic_disease,37016238,NA,NA
malignant_neoplastic_disease,45766129,NA,NA
malignant_neoplastic_disease,4112455,NA,NA
malignant_neoplastic_disease,4196262,NA,NA
malignant_neoplastic_disease,4246138,NA,NA
malignant_neoplastic_disease,4143848,NA,NA
malignant_neoplastic_disease,4095016,NA,NA
malignant_neoplastic_disease,601135,NA,NA
malignant_neoplastic_disease,4315677,NA,NA
malignant_neoplastic_disease,607988,NA,NA
malignant_neoplastic_disease,602689,NA,NA
malignant_neoplastic_disease,4091620,NA,NA
malignant_neoplastic_disease,4089864,NA,NA
malignant_neoplastic_disease,4049263,NA,NA
malignant_neoplastic_disease,46271921,NA,NA
malignant_neoplastic_disease,4098954,NA,NA
malignant_neoplastic_disease,603122,NA,NA
malignant_neoplastic_disease,602081,NA,NA
malignant_neoplastic_disease,4307538,NA,NA
malignant_neoplastic_disease,602048,NA,NA
malignant_neoplastic_disease,619379,NA,NA
malignant_neoplastic_disease,601129,NA,NA
malignant_neoplastic_disease,36716633,NA,NA
malignant_neoplastic_disease,4292383,NA,NA
malignant_neoplastic_disease,4311486,NA,NA
malignant_neoplastic_disease,45768824,NA,NA
malignant_neoplastic_disease,605455,NA,NA
malignant_neoplastic_disease,4299154,NA,NA
malignant_neoplastic_disease,4297192,NA,NA
malignant_neoplastic_disease,602308,NA,NA
malignant_neoplastic_disease,36712741,NA,NA
malignant_neoplastic_disease,140960,NA,NA
malignant_neoplastic_disease,601130,NA,NA
malignant_neoplastic_disease,4094259,NA,NA
malignant_neoplastic_disease,602107,NA,NA
malignant_neoplastic_disease,4248184,NA,NA
malignant_neoplastic_disease,602085,NA,NA
malignant_neoplastic_disease,42539556,NA,NA
malignant_neoplastic_disease,4112758,NA,NA
malignant_neoplastic_disease,602094,NA,NA
malignant_neoplastic_disease,37018880,NA,NA
malignant_neoplastic_disease,602153,NA,NA
malignant_neoplastic_disease,605508,NA,NA
malignant_neoplastic_disease,601152,NA,NA
malignant_neoplastic_disease,440044,NA,NA
malignant_neoplastic_disease,603171,NA,NA
malignant_neoplastic_disease,602054,NA,NA
malignant_neoplastic_disease,3655588,NA,NA
malignant_neoplastic_disease,436635,NA,NA
malignant_neoplastic_disease,36717048,NA,NA
malignant_neoplastic_disease,37109897,NA,NA
malignant_neoplastic_disease,602059,NA,NA
malignant_neoplastic_disease,602682,NA,NA
malignant_neoplastic_disease,606914,NA,NA
malignant_neoplastic_disease,45769058,NA,NA
malignant_neoplastic_disease,602667,NA,NA
malignant_neoplastic_disease,45771025,NA,NA
malignant_neoplastic_disease,605447,NA,NA
malignant_neoplastic_disease,609047,NA,NA
malignant_neoplastic_disease,609238,NA,NA
malignant_neoplastic_disease,608926,NA,NA
malignant_neoplastic_disease,602130,NA,NA
malignant_neoplastic_disease,609194,NA,NA
malignant_neoplastic_disease,605465,NA,NA
malignant_neoplastic_disease,37396740,NA,NA
malignant_neoplastic_disease,40490993,NA,NA
malignant_neoplastic_disease,602109,NA,NA
malignant_neoplastic_disease,608242,NA,NA
malignant_neoplastic_disease,4112988,NA,NA
malignant_neoplastic_disease,605182,NA,NA
malignant_neoplastic_disease,608065,NA,NA
malignant_neoplastic_disease,602166,NA,NA
malignant_neoplastic_disease,609206,NA,NA
malignant_neoplastic_disease,609046,NA,NA
malignant_neoplastic_disease,4298238,NA,NA
malignant_neoplastic_disease,439270,NA,NA
malignant_neoplastic_disease,40481902,NA,NA
malignant_neoplastic_disease,76914,NA,NA
malignant_neoplastic_disease,601104,NA,NA
malignant_neoplastic_disease,4289247,NA,NA
malignant_neoplastic_disease,600828,NA,NA
malignant_neoplastic_disease,602666,NA,NA
malignant_neoplastic_disease,602672,NA,NA
malignant_neoplastic_disease,603173,NA,NA
malignant_neoplastic_disease,36684467,NA,NA
malignant_neoplastic_disease,608057,NA,NA
malignant_neoplastic_disease,4315802,NA,NA
malignant_neoplastic_disease,607958,NA,NA
malignant_neoplastic_disease,602686,NA,NA
malignant_neoplastic_disease,619381,NA,NA
malignant_neoplastic_disease,4298130,NA,NA
malignant_neoplastic_disease,761027,NA,NA
malignant_neoplastic_disease,4312680,NA,NA
malignant_neoplastic_disease,608066,NA,NA
malignant_neoplastic_disease,4246140,NA,NA
malignant_neoplastic_disease,4289523,NA,NA
malignant_neoplastic_disease,605507,NA,NA
malignant_neoplastic_disease,4308629,NA,NA
malignant_neoplastic_disease,4283747,NA,NA
malignant_neoplastic_disease,36717178,NA,NA
malignant_neoplastic_disease,40488914,NA,NA
malignant_neoplastic_disease,609067,NA,NA
malignant_neoplastic_disease,4100425,NA,NA
malignant_neoplastic_disease,601110,NA,NA
malignant_neoplastic_disease,4162121,NA,NA
malignant_neoplastic_disease,609037,NA,NA
malignant_neoplastic_disease,602037,NA,NA
malignant_neoplastic_disease,4315666,NA,NA
malignant_neoplastic_disease,36715891,NA,NA
malignant_neoplastic_disease,4092218,NA,NA
malignant_neoplastic_disease,4283886,NA,NA
malignant_neoplastic_disease,605432,NA,NA
malignant_neoplastic_disease,602007,NA,NA
malignant_neoplastic_disease,37017087,NA,NA
malignant_neoplastic_disease,4311490,NA,NA
malignant_neoplastic_disease,45768940,NA,NA
malignant_neoplastic_disease,602103,NA,NA
malignant_neoplastic_disease,609239,NA,NA
malignant_neoplastic_disease,4111355,NA,NA
malignant_neoplastic_disease,608866,NA,NA
malignant_neoplastic_disease,608934,NA,NA
malignant_neoplastic_disease,4097561,NA,NA
malignant_neoplastic_disease,36713549,NA,NA
malignant_neoplastic_disease,602044,NA,NA
malignant_neoplastic_disease,608931,NA,NA
malignant_neoplastic_disease,619931,NA,NA
malignant_neoplastic_disease,37116449,NA,NA
malignant_neoplastic_disease,619340,NA,NA
malignant_neoplastic_disease,608933,NA,NA
malignant_neoplastic_disease,4300704,NA,NA
malignant_neoplastic_disease,4309574,NA,NA
malignant_neoplastic_disease,438691,NA,NA
malignant_neoplastic_disease,4110133,NA,NA
malignant_neoplastic_disease,602681,NA,NA
malignant_neoplastic_disease,4281166,NA,NA
malignant_neoplastic_disease,606920,NA,NA
malignant_neoplastic_disease,602161,NA,NA
malignant_neoplastic_disease,4222265,NA,NA
malignant_neoplastic_disease,607433,NA,NA
malignant_neoplastic_disease,609079,NA,NA
malignant_neoplastic_disease,602309,NA,NA
malignant_neoplastic_disease,4222266,NA,NA
malignant_neoplastic_disease,762368,NA,NA
malignant_neoplastic_disease,602116,NA,NA
malignant_neoplastic_disease,605462,NA,NA
malignant_neoplastic_disease,602678,NA,NA
malignant_neoplastic_disease,36715788,NA,NA
malignant_neoplastic_disease,605230,NA,NA
malignant_neoplastic_disease,602091,NA,NA
malignant_neoplastic_disease,37311758,NA,NA
malignant_neoplastic_disease,609124,NA,NA
malignant_neoplastic_disease,601134,NA,NA
malignant_neoplastic_disease,36715866,NA,NA
malignant_neoplastic_disease,608942,NA,NA
malignant_neoplastic_disease,602088,NA,NA
malignant_neoplastic_disease,4297341,NA,NA
malignant_neoplastic_disease,602171,NA,NA
malignant_neoplastic_disease,605458,NA,NA
malignant_neoplastic_disease,4283885,NA,NA
malignant_neoplastic_disease,602034,NA,NA
malignant_neoplastic_disease,607980,NA,NA
malignant_neoplastic_disease,608282,NA,NA
malignant_neoplastic_disease,608980,NA,NA
malignant_neoplastic_disease,4130835,NA,NA
malignant_neoplastic_disease,604286,NA,NA
malignant_neoplastic_disease,602134,NA,NA
malignant_neoplastic_disease,603012,NA,NA
malignant_neoplastic_disease,37018665,NA,NA
malignant_neoplastic_disease,618880,NA,NA
malignant_neoplastic_disease,609237,NA,NA
malignant_neoplastic_disease,4029188,NA,NA
malignant_neoplastic_disease,608243,NA,NA
malignant_neoplastic_disease,4291145,NA,NA
malignant_neoplastic_disease,609128,NA,NA
malignant_neoplastic_disease,4312689,NA,NA
malignant_neoplastic_disease,36712822,NA,NA
malignant_neoplastic_disease,602095,NA,NA
malignant_neoplastic_disease,602090,NA,NA
malignant_neoplastic_disease,609205,NA,NA
malignant_neoplastic_disease,602119,NA,NA
malignant_neoplastic_disease,4300784,NA,NA
malignant_neoplastic_disease,444203,NA,NA
malignant_neoplastic_disease,4247241,NA,NA
malignant_neoplastic_disease,4110575,NA,NA
malignant_neoplastic_disease,619300,NA,NA
malignant_neoplastic_disease,609042,NA,NA
malignant_neoplastic_disease,601137,NA,NA
malignant_neoplastic_disease,37018666,NA,NA
malignant_neoplastic_disease,602162,NA,NA
malignant_neoplastic_disease,4283611,NA,NA
malignant_neoplastic_disease,4180792,NA,NA
malignant_neoplastic_disease,602121,NA,NA
malignant_neoplastic_disease,4289675,NA,NA
malignant_neoplastic_disease,602069,NA,NA
malignant_neoplastic_disease,4248193,NA,NA
malignant_neoplastic_disease,605448,NA,NA
malignant_neoplastic_disease,4221984,NA,NA
malignant_neoplastic_disease,608939,NA,NA
malignant_neoplastic_disease,602049,NA,NA
malignant_neoplastic_disease,602008,NA,NA
malignant_neoplastic_disease,140663,NA,NA
malignant_neoplastic_disease,618881,NA,NA
malignant_neoplastic_disease,602679,NA,NA
malignant_neoplastic_disease,609077,NA,NA
malignant_neoplastic_disease,602586,NA,NA
malignant_neoplastic_disease,605820,NA,NA
malignant_neoplastic_disease,602058,NA,NA
malignant_neoplastic_disease,4311614,NA,NA
malignant_neoplastic_disease,618646,NA,NA
malignant_neoplastic_disease,602087,NA,NA
malignant_neoplastic_disease,36715585,NA,NA
malignant_neoplastic_disease,601106,NA,NA
malignant_neoplastic_disease,602016,NA,NA
malignant_neoplastic_disease,605431,NA,NA
malignant_neoplastic_disease,601154,NA,NA
malignant_neoplastic_disease,609078,NA,NA
malignant_neoplastic_disease,4283884,NA,NA
malignant_neoplastic_disease,602333,NA,NA
malignant_neoplastic_disease,602671,NA,NA
malignant_neoplastic_disease,4094995,NA,NA
malignant_neoplastic_disease,4099508,NA,NA
malignant_neoplastic_disease,4177114,NA,NA
malignant_neoplastic_disease,607384,NA,NA
malignant_neoplastic_disease,4289674,NA,NA
malignant_neoplastic_disease,602073,NA,NA
malignant_neoplastic_disease,602149,NA,NA
malignant_neoplastic_disease,602002,NA,NA
malignant_neoplastic_disease,605460,NA,NA
malignant_neoplastic_disease,609076,NA,NA
malignant_neoplastic_disease,37109904,NA,NA
malignant_neoplastic_disease,608887,NA,NA
malignant_neoplastic_disease,605250,NA,NA
malignant_neoplastic_disease,605245,NA,NA
malignant_neoplastic_disease,608941,NA,NA
malignant_neoplastic_disease,4003185,NA,NA
malignant_neoplastic_disease,4311501,NA,NA
malignant_neoplastic_disease,605430,NA,NA
malignant_neoplastic_disease,4089754,NA,NA
malignant_neoplastic_disease,602072,NA,NA
malignant_neoplastic_disease,609207,NA,NA
malignant_neoplastic_disease,602331,NA,NA
malignant_neoplastic_disease,602025,NA,NA
malignant_neoplastic_disease,442177,NA,NA
malignant_neoplastic_disease,608867,NA,NA
malignant_neoplastic_disease,602082,NA,NA
malignant_neoplastic_disease,609080,NA,NA
malignant_neoplastic_disease,602169,NA,NA
malignant_neoplastic_disease,36712747,NA,NA
malignant_neoplastic_disease,36715861,NA,NA
malignant_neoplastic_disease,604486,NA,NA
malignant_neoplastic_disease,601132,NA,NA
malignant_neoplastic_disease,603170,NA,NA
malignant_neoplastic_disease,4298233,NA,NA
malignant_neoplastic_disease,36674687,NA,NA
malignant_neoplastic_disease,609043,NA,NA
malignant_neoplastic_disease,197804,NA,NA
malignant_neoplastic_disease,4094863,NA,NA
malignant_neoplastic_disease,35622003,NA,NA
malignant_neoplastic_disease,4155171,NA,NA
malignant_neoplastic_disease,4246800,NA,NA
malignant_neoplastic_disease,36674768,NA,NA
malignant_neoplastic_disease,37018869,NA,NA
malignant_neoplastic_disease,4311765,NA,NA
malignant_neoplastic_disease,4115272,NA,NA
malignant_neoplastic_disease,4121332,NA,NA
malignant_neoplastic_disease,438368,NA,NA
malignant_neoplastic_disease,4313792,NA,NA
malignant_neoplastic_disease,312846,NA,NA
malignant_neoplastic_disease,37016740,NA,NA
malignant_neoplastic_disease,4297669,NA,NA
malignant_neoplastic_disease,133969,NA,NA
malignant_neoplastic_disease,45773362,NA,NA
malignant_neoplastic_disease,764922,NA,NA
malignant_neoplastic_disease,4092228,NA,NA
malignant_neoplastic_disease,40489409,NA,NA
malignant_neoplastic_disease,4283881,NA,NA
malignant_neoplastic_disease,4119131,NA,NA
malignant_neoplastic_disease,4183914,NA,NA
malignant_neoplastic_disease,4170450,NA,NA
malignant_neoplastic_disease,438090,NA,NA
malignant_neoplastic_disease,4112607,NA,NA
malignant_neoplastic_disease,40492020,NA,NA
malignant_neoplastic_disease,4095449,NA,NA
malignant_neoplastic_disease,45768837,NA,NA
malignant_neoplastic_disease,4300679,NA,NA
malignant_neoplastic_disease,4089658,NA,NA
malignant_neoplastic_disease,4112753,NA,NA
malignant_neoplastic_disease,4047649,NA,NA
malignant_neoplastic_disease,37016239,NA,NA
malignant_neoplastic_disease,4247226,NA,NA
malignant_neoplastic_disease,4246349,NA,NA
malignant_neoplastic_disease,37016244,NA,NA
malignant_neoplastic_disease,4003021,NA,NA
malignant_neoplastic_disease,4147411,NA,NA
malignant_neoplastic_disease,4312425,NA,NA
malignant_neoplastic_disease,40492934,NA,NA
malignant_neoplastic_disease,321522,NA,NA
malignant_neoplastic_disease,35622697,NA,NA
malignant_neoplastic_disease,4002496,NA,NA
malignant_neoplastic_disease,4180791,NA,NA
malignant_neoplastic_disease,764936,NA,NA
malignant_neoplastic_disease,4193871,NA,NA
malignant_neoplastic_disease,40490518,NA,NA
malignant_neoplastic_disease,4155296,NA,NA
malignant_neoplastic_disease,4116880,NA,NA
malignant_neoplastic_disease,433423,NA,NA
malignant_neoplastic_disease,4315658,NA,NA
malignant_neoplastic_disease,4247829,NA,NA
malignant_neoplastic_disease,4095434,NA,NA
malignant_neoplastic_disease,136950,NA,NA
malignant_neoplastic_disease,4312946,NA,NA
malignant_neoplastic_disease,4307152,NA,NA
malignant_neoplastic_disease,35610243,NA,NA
malignant_neoplastic_disease,4311767,NA,NA
malignant_neoplastic_disease,37208328,NA,NA
malignant_neoplastic_disease,40488993,NA,NA
malignant_neoplastic_disease,198695,NA,NA
malignant_neoplastic_disease,4338758,NA,NA
malignant_neoplastic_disease,439268,NA,NA
malignant_neoplastic_disease,4111019,NA,NA
malignant_neoplastic_disease,198372,NA,NA
malignant_neoplastic_disease,4166769,NA,NA
malignant_neoplastic_disease,35624316,NA,NA
malignant_neoplastic_disease,4112752,NA,NA
malignant_neoplastic_disease,200343,NA,NA
malignant_neoplastic_disease,4314361,NA,NA
malignant_neoplastic_disease,4246035,NA,NA
malignant_neoplastic_disease,4089857,NA,NA
malignant_neoplastic_disease,135762,NA,NA
malignant_neoplastic_disease,4206830,NA,NA
malignant_neoplastic_disease,4246227,NA,NA
malignant_neoplastic_disease,134295,NA,NA
malignant_neoplastic_disease,45768896,NA,NA
malignant_neoplastic_disease,4291603,NA,NA
malignant_neoplastic_disease,4314491,NA,NA
malignant_neoplastic_disease,4198446,NA,NA
malignant_neoplastic_disease,4300698,NA,NA
malignant_neoplastic_disease,45768921,NA,NA
malignant_neoplastic_disease,40493432,NA,NA
malignant_neoplastic_disease,764981,NA,NA
malignant_neoplastic_disease,36715848,NA,NA
malignant_neoplastic_disease,199747,NA,NA
malignant_neoplastic_disease,4300585,NA,NA
malignant_neoplastic_disease,40488906,NA,NA
malignant_neoplastic_disease,40487140,NA,NA
malignant_neoplastic_disease,4174764,NA,NA
malignant_neoplastic_disease,42538579,NA,NA
malignant_neoplastic_disease,4001664,NA,NA
malignant_neoplastic_disease,42539510,NA,NA
malignant_neoplastic_disease,138351,NA,NA
malignant_neoplastic_disease,198098,NA,NA
malignant_neoplastic_disease,4301661,NA,NA
malignant_neoplastic_disease,760936,NA,NA
malignant_neoplastic_disease,4247335,NA,NA
malignant_neoplastic_disease,37396737,NA,NA
malignant_neoplastic_disease,4095591,NA,NA
malignant_neoplastic_disease,4244489,NA,NA
malignant_neoplastic_disease,4312024,NA,NA
malignant_neoplastic_disease,35610157,NA,NA
malignant_neoplastic_disease,4246022,NA,NA
malignant_neoplastic_disease,40488964,NA,NA
malignant_neoplastic_disease,4181342,NA,NA
malignant_neoplastic_disease,4094260,NA,NA
malignant_neoplastic_disease,134294,NA,NA
malignant_neoplastic_disease,4001172,NA,NA
malignant_neoplastic_disease,4314486,NA,NA
malignant_neoplastic_disease,4311320,NA,NA
malignant_neoplastic_disease,3654301,NA,NA
malignant_neoplastic_disease,4247963,NA,NA
malignant_neoplastic_disease,35607963,NA,NA
malignant_neoplastic_disease,4248183,NA,NA
malignant_neoplastic_disease,4312565,NA,NA
malignant_neoplastic_disease,4095309,NA,NA
malignant_neoplastic_disease,40480611,NA,NA
malignant_neoplastic_disease,4312692,NA,NA
malignant_neoplastic_disease,4116215,NA,NA
malignant_neoplastic_disease,315763,NA,NA
malignant_neoplastic_disease,4174440,NA,NA
malignant_neoplastic_disease,40489474,NA,NA
malignant_neoplastic_disease,4314336,NA,NA
malignant_neoplastic_disease,45765451,NA,NA
malignant_neoplastic_disease,4112739,NA,NA
malignant_neoplastic_disease,37209430,NA,NA
malignant_neoplastic_disease,4130198,NA,NA
malignant_neoplastic_disease,4312026,NA,NA
malignant_neoplastic_disease,193434,NA,NA
malignant_neoplastic_disease,765651,NA,NA
malignant_neoplastic_disease,4308479,NA,NA
malignant_neoplastic_disease,4150793,NA,NA
malignant_neoplastic_disease,4183911,NA,NA
malignant_neoplastic_disease,37208329,NA,NA
malignant_neoplastic_disease,4139358,NA,NA
malignant_neoplastic_disease,4201617,NA,NA
malignant_neoplastic_disease,201518,NA,NA
malignant_neoplastic_disease,4297354,NA,NA
malignant_neoplastic_disease,432256,NA,NA
malignant_neoplastic_disease,4297352,NA,NA
malignant_neoplastic_disease,4311759,NA,NA
malignant_neoplastic_disease,4312295,NA,NA
malignant_neoplastic_disease,46271011,NA,NA
malignant_neoplastic_disease,4111029,NA,NA
malignant_neoplastic_disease,4311346,NA,NA
malignant_neoplastic_disease,37116722,NA,NA
malignant_neoplastic_disease,4294441,NA,NA
malignant_neoplastic_disease,4082338,NA,NA
malignant_neoplastic_disease,22557,NA,NA
malignant_neoplastic_disease,4313222,NA,NA
malignant_neoplastic_disease,45771014,NA,NA
malignant_neoplastic_disease,4092212,NA,NA
malignant_neoplastic_disease,40493517,NA,NA
malignant_neoplastic_disease,192261,NA,NA
malignant_neoplastic_disease,4289826,NA,NA
malignant_neoplastic_disease,198082,NA,NA
malignant_neoplastic_disease,193721,NA,NA
malignant_neoplastic_disease,37110031,NA,NA
malignant_neoplastic_disease,37311080,NA,NA
malignant_neoplastic_disease,4001666,NA,NA
malignant_neoplastic_disease,4288751,NA,NA
malignant_neoplastic_disease,4297193,NA,NA
malignant_neoplastic_disease,439685,NA,NA
malignant_neoplastic_disease,4123439,NA,NA
malignant_neoplastic_disease,4216273,NA,NA
malignant_neoplastic_disease,36712732,NA,NA
malignant_neoplastic_disease,35610250,NA,NA
malignant_neoplastic_disease,441806,NA,NA
malignant_neoplastic_disease,4092529,NA,NA
malignant_neoplastic_disease,4311337,NA,NA
malignant_neoplastic_disease,4200884,NA,NA
malignant_neoplastic_disease,4246802,NA,NA
malignant_neoplastic_disease,45768943,NA,NA
malignant_neoplastic_disease,440354,NA,NA
malignant_neoplastic_disease,4110430,NA,NA
malignant_neoplastic_disease,37396882,NA,NA
malignant_neoplastic_disease,134579,NA,NA
malignant_neoplastic_disease,4313212,NA,NA
malignant_neoplastic_disease,4162120,NA,NA
malignant_neoplastic_disease,4311322,NA,NA
malignant_neoplastic_disease,4283739,NA,NA
malignant_neoplastic_disease,4248066,NA,NA
malignant_neoplastic_disease,4312923,NA,NA
malignant_neoplastic_disease,42872399,NA,NA
malignant_neoplastic_disease,4095738,NA,NA
malignant_neoplastic_disease,760962,NA,NA
malignant_neoplastic_disease,4113107,NA,NA
malignant_neoplastic_disease,4003173,NA,NA
malignant_neoplastic_disease,4112310,NA,NA
malignant_neoplastic_disease,4298147,NA,NA
malignant_neoplastic_disease,4313200,NA,NA
malignant_neoplastic_disease,4311476,NA,NA
malignant_neoplastic_disease,4173970,NA,NA
malignant_neoplastic_disease,4314053,NA,NA
malignant_neoplastic_disease,4094854,NA,NA
malignant_neoplastic_disease,439284,NA,NA
malignant_neoplastic_disease,4112867,NA,NA
malignant_neoplastic_disease,4301667,NA,NA
malignant_neoplastic_disease,4314054,NA,NA
malignant_neoplastic_disease,40492937,NA,NA
malignant_neoplastic_disease,4297358,NA,NA
malignant_neoplastic_disease,4248197,NA,NA
malignant_neoplastic_disease,4281028,NA,NA
malignant_neoplastic_disease,4300696,NA,NA
malignant_neoplastic_disease,4312935,NA,NA
malignant_neoplastic_disease,35610166,NA,NA
malignant_neoplastic_disease,4093141,NA,NA
malignant_neoplastic_disease,4299423,NA,NA
malignant_neoplastic_disease,198381,NA,NA
malignant_neoplastic_disease,37396184,NA,NA
malignant_neoplastic_disease,4330242,NA,NA
malignant_neoplastic_disease,764781,NA,NA
malignant_neoplastic_disease,4139395,NA,NA
malignant_neoplastic_disease,432260,NA,NA
malignant_neoplastic_disease,4247357,NA,NA
malignant_neoplastic_disease,4116348,NA,NA
malignant_neoplastic_disease,4151265,NA,NA
malignant_neoplastic_disease,4126118,NA,NA
malignant_neoplastic_disease,4312554,NA,NA
malignant_neoplastic_disease,4299422,NA,NA
malignant_neoplastic_disease,4117852,NA,NA
malignant_neoplastic_disease,4312017,NA,NA
malignant_neoplastic_disease,4247331,NA,NA
malignant_neoplastic_disease,4221232,NA,NA
malignant_neoplastic_disease,4296498,NA,NA
malignant_neoplastic_disease,438694,NA,NA
malignant_neoplastic_disease,4180794,NA,NA
malignant_neoplastic_disease,4247360,NA,NA
malignant_neoplastic_disease,4246037,NA,NA
malignant_neoplastic_disease,434291,NA,NA
malignant_neoplastic_disease,4102385,NA,NA
malignant_neoplastic_disease,36684451,NA,NA
malignant_neoplastic_disease,40486171,NA,NA
malignant_neoplastic_disease,4289381,NA,NA
malignant_neoplastic_disease,4312683,NA,NA
malignant_neoplastic_disease,35619086,NA,NA
malignant_neoplastic_disease,4299426,NA,NA
malignant_neoplastic_disease,40491001,NA,NA
malignant_neoplastic_disease,441224,NA,NA
malignant_neoplastic_disease,4110587,NA,NA
malignant_neoplastic_disease,4281036,NA,NA
malignant_neoplastic_disease,4216427,NA,NA
malignant_neoplastic_disease,4312803,NA,NA
malignant_neoplastic_disease,36684821,NA,NA
malignant_neoplastic_disease,4155167,NA,NA
malignant_neoplastic_disease,42536528,NA,NA
malignant_neoplastic_disease,4040379,NA,NA
malignant_neoplastic_disease,4162998,NA,NA
malignant_neoplastic_disease,4115292,NA,NA
malignant_neoplastic_disease,45768951,NA,NA
malignant_neoplastic_disease,36687123,NA,NA
malignant_neoplastic_disease,37110401,NA,NA
malignant_neoplastic_disease,4177115,NA,NA
malignant_neoplastic_disease,4002342,NA,NA
malignant_neoplastic_disease,4032870,NA,NA
malignant_neoplastic_disease,435492,NA,NA
malignant_neoplastic_disease,4246237,NA,NA
malignant_neoplastic_disease,4311340,NA,NA
malignant_neoplastic_disease,4089869,NA,NA
malignant_neoplastic_disease,4095750,NA,NA
malignant_neoplastic_disease,36717174,NA,NA
malignant_neoplastic_disease,40491472,NA,NA
malignant_neoplastic_disease,432257,NA,NA
malignant_neoplastic_disease,4338759,NA,NA
malignant_neoplastic_disease,4246234,NA,NA
malignant_neoplastic_disease,40488897,NA,NA
malignant_neoplastic_disease,4091610,NA,NA
malignant_neoplastic_disease,4246235,NA,NA
malignant_neoplastic_disease,4246126,NA,NA
malignant_neoplastic_disease,35610246,NA,NA
malignant_neoplastic_disease,4094721,NA,NA
malignant_neoplastic_disease,44811227,NA,NA
malignant_neoplastic_disease,45768860,NA,NA
malignant_neoplastic_disease,198374,NA,NA
malignant_neoplastic_disease,30346,NA,NA
malignant_neoplastic_disease,442132,NA,NA
malignant_neoplastic_disease,40482829,NA,NA
malignant_neoplastic_disease,4312560,NA,NA
malignant_neoplastic_disease,4091464,NA,NA
malignant_neoplastic_disease,37115735,NA,NA
malignant_neoplastic_disease,4114215,NA,NA
malignant_neoplastic_disease,200962,NA,NA
malignant_neoplastic_disease,4313089,NA,NA
malignant_neoplastic_disease,4230394,NA,NA
malignant_neoplastic_disease,4313915,NA,NA
malignant_neoplastic_disease,4095013,NA,NA
malignant_neoplastic_disease,4297345,NA,NA
malignant_neoplastic_disease,4314338,NA,NA
malignant_neoplastic_disease,37018667,NA,NA
malignant_neoplastic_disease,4177100,NA,NA
malignant_neoplastic_disease,4312542,NA,NA
malignant_neoplastic_disease,4179720,NA,NA
malignant_neoplastic_disease,4299417,NA,NA
malignant_neoplastic_disease,200348,NA,NA
malignant_neoplastic_disease,4114201,NA,NA
malignant_neoplastic_disease,438094,NA,NA
malignant_neoplastic_disease,3655625,NA,NA
malignant_neoplastic_disease,37311916,NA,NA
malignant_neoplastic_disease,4110873,NA,NA
malignant_neoplastic_disease,36717542,NA,NA
malignant_neoplastic_disease,40486654,NA,NA
malignant_neoplastic_disease,764839,NA,NA
malignant_neoplastic_disease,4313228,NA,NA
malignant_neoplastic_disease,4178977,NA,NA
malignant_neoplastic_disease,4095018,NA,NA
malignant_neoplastic_disease,436929,NA,NA
malignant_neoplastic_disease,37110400,NA,NA
malignant_neoplastic_disease,4246807,NA,NA
malignant_neoplastic_disease,4314343,NA,NA
malignant_neoplastic_disease,35623819,NA,NA
malignant_neoplastic_disease,442131,NA,NA
malignant_neoplastic_disease,45768931,NA,NA
malignant_neoplastic_disease,4311896,NA,NA
malignant_neoplastic_disease,3654351,NA,NA
malignant_neoplastic_disease,4180786,NA,NA
malignant_neoplastic_disease,37018638,NA,NA
malignant_neoplastic_disease,4162117,NA,NA
malignant_neoplastic_disease,4113111,NA,NA
malignant_neoplastic_disease,4115028,NA,NA
malignant_neoplastic_disease,4244170,NA,NA
malignant_neoplastic_disease,37395651,NA,NA
malignant_neoplastic_disease,201519,NA,NA
malignant_neoplastic_disease,4247350,NA,NA
malignant_neoplastic_disease,4299694,NA,NA
malignant_neoplastic_disease,195196,NA,NA
malignant_neoplastic_disease,764956,NA,NA
malignant_neoplastic_disease,4299425,NA,NA
malignant_neoplastic_disease,37017381,NA,NA
malignant_neoplastic_disease,40488946,NA,NA
malignant_neoplastic_disease,4095446,NA,NA
malignant_neoplastic_disease,136915,NA,NA
malignant_neoplastic_disease,4112606,NA,NA
malignant_neoplastic_disease,4112491,NA,NA
malignant_neoplastic_disease,4079293,NA,NA
malignant_neoplastic_disease,4112736,NA,NA
malignant_neoplastic_disease,4312675,NA,NA
malignant_neoplastic_disease,4311502,NA,NA
malignant_neoplastic_disease,36712738,NA,NA
malignant_neoplastic_disease,4003028,NA,NA
malignant_neoplastic_disease,36716631,NA,NA
malignant_neoplastic_disease,40391775,NA,NA
malignant_neoplastic_disease,4246473,NA,NA
malignant_neoplastic_disease,439745,NA,NA
malignant_neoplastic_disease,434590,NA,NA
malignant_neoplastic_disease,4312566,NA,NA
malignant_neoplastic_disease,4082485,NA,NA
malignant_neoplastic_disease,4191647,NA,NA
malignant_neoplastic_disease,4079684,NA,NA
malignant_neoplastic_disease,253717,NA,NA
malignant_neoplastic_disease,4220184,NA,NA
malignant_neoplastic_disease,40480598,NA,NA
malignant_neoplastic_disease,44783559,NA,NA
malignant_neoplastic_disease,4301635,NA,NA
malignant_neoplastic_disease,40486213,NA,NA
malignant_neoplastic_disease,443382,NA,NA
malignant_neoplastic_disease,36716193,NA,NA
malignant_neoplastic_disease,45768858,NA,NA
malignant_neoplastic_disease,4248058,NA,NA
malignant_neoplastic_disease,4283748,NA,NA
malignant_neoplastic_disease,4171280,NA,NA
malignant_neoplastic_disease,4174444,NA,NA
malignant_neoplastic_disease,4095589,NA,NA
malignant_neoplastic_disease,374297,NA,NA
malignant_neoplastic_disease,4300697,NA,NA
malignant_neoplastic_disease,4095594,NA,NA
malignant_neoplastic_disease,4289099,NA,NA
malignant_neoplastic_disease,4173972,NA,NA
malignant_neoplastic_disease,4198434,NA,NA
malignant_neoplastic_disease,40489963,NA,NA
malignant_neoplastic_disease,45768897,NA,NA
malignant_neoplastic_disease,4201618,NA,NA
malignant_neoplastic_disease,4091617,NA,NA
malignant_neoplastic_disease,4002357,NA,NA
malignant_neoplastic_disease,35621826,NA,NA
malignant_neoplastic_disease,4247725,NA,NA
malignant_neoplastic_disease,35610147,NA,NA
malignant_neoplastic_disease,438106,NA,NA
malignant_neoplastic_disease,4283751,NA,NA
malignant_neoplastic_disease,4246137,NA,NA
malignant_neoplastic_disease,4247727,NA,NA
malignant_neoplastic_disease,4245467,NA,NA
malignant_neoplastic_disease,37204022,NA,NA
malignant_neoplastic_disease,4095010,NA,NA
malignant_neoplastic_disease,37396690,NA,NA
malignant_neoplastic_disease,35624159,NA,NA
malignant_neoplastic_disease,254583,NA,NA
malignant_neoplastic_disease,4149839,NA,NA
malignant_neoplastic_disease,4314190,NA,NA
malignant_neoplastic_disease,4079700,NA,NA
malignant_neoplastic_disease,197227,NA,NA
malignant_neoplastic_disease,4161912,NA,NA
malignant_neoplastic_disease,438698,NA,NA
malignant_neoplastic_disease,40487046,NA,NA
malignant_neoplastic_disease,37208326,NA,NA
malignant_neoplastic_disease,36676408,NA,NA
malignant_neoplastic_disease,4298032,NA,NA
malignant_neoplastic_disease,4289524,NA,NA
malignant_neoplastic_disease,4300118,NA,NA
malignant_neoplastic_disease,4095302,NA,NA
malignant_neoplastic_disease,4092382,NA,NA
malignant_neoplastic_disease,40482847,NA,NA
malignant_neoplastic_disease,761906,NA,NA
malignant_neoplastic_disease,4301660,NA,NA
malignant_neoplastic_disease,37016123,NA,NA
malignant_neoplastic_disease,4301282,NA,NA
malignant_neoplastic_disease,4162862,NA,NA
malignant_neoplastic_disease,4292380,NA,NA
malignant_neoplastic_disease,4201014,NA,NA
malignant_neoplastic_disease,35622797,NA,NA
malignant_neoplastic_disease,4311342,NA,NA
malignant_neoplastic_disease,4162134,NA,NA
malignant_neoplastic_disease,4201480,NA,NA
malignant_neoplastic_disease,4179095,NA,NA
malignant_neoplastic_disease,40488901,NA,NA
malignant_neoplastic_disease,37396186,NA,NA
malignant_neoplastic_disease,40492933,NA,NA
malignant_neoplastic_disease,434293,NA,NA
malignant_neoplastic_disease,316649,NA,NA
malignant_neoplastic_disease,4311638,NA,NA
malignant_neoplastic_disease,441510,NA,NA
malignant_neoplastic_disease,4112744,NA,NA
malignant_neoplastic_disease,4246809,NA,NA
malignant_neoplastic_disease,4041797,NA,NA
malignant_neoplastic_disease,36712711,NA,NA
malignant_neoplastic_disease,4280898,NA,NA
malignant_neoplastic_disease,40482784,NA,NA
malignant_neoplastic_disease,4283883,NA,NA
malignant_neoplastic_disease,4315667,NA,NA
malignant_neoplastic_disease,4089768,NA,NA
malignant_neoplastic_disease,4092358,NA,NA
malignant_neoplastic_disease,4314482,NA,NA
malignant_neoplastic_disease,4178970,NA,NA
malignant_neoplastic_disease,44783808,NA,NA
malignant_neoplastic_disease,4179980,NA,NA
malignant_neoplastic_disease,4312548,NA,NA
malignant_neoplastic_disease,4178964,NA,NA
malignant_neoplastic_disease,4110861,NA,NA
malignant_neoplastic_disease,4300563,NA,NA
malignant_neoplastic_disease,4312540,NA,NA
malignant_neoplastic_disease,37110332,NA,NA
malignant_neoplastic_disease,4111949,NA,NA
malignant_neoplastic_disease,4247719,NA,NA
malignant_neoplastic_disease,4311344,NA,NA
malignant_neoplastic_disease,35610162,NA,NA
malignant_neoplastic_disease,4314066,NA,NA
malignant_neoplastic_disease,438701,NA,NA
malignant_neoplastic_disease,4155172,NA,NA
malignant_neoplastic_disease,4222722,NA,NA
malignant_neoplastic_disease,36712742,NA,NA
malignant_neoplastic_disease,4299152,NA,NA
malignant_neoplastic_disease,4247714,NA,NA
malignant_neoplastic_disease,4112979,NA,NA
malignant_neoplastic_disease,4299149,NA,NA
malignant_neoplastic_disease,4247850,NA,NA
malignant_neoplastic_disease,4162995,NA,NA
malignant_neoplastic_disease,3655296,NA,NA
malignant_neoplastic_disease,4181327,NA,NA
malignant_neoplastic_disease,436362,NA,NA
malignant_neoplastic_disease,36712709,NA,NA
malignant_neoplastic_disease,36715933,NA,NA
malignant_neoplastic_disease,45768893,NA,NA
malignant_neoplastic_disease,45768894,NA,NA
malignant_neoplastic_disease,4246240,NA,NA
malignant_neoplastic_disease,4246146,NA,NA
malignant_neoplastic_disease,135759,NA,NA
malignant_neoplastic_disease,3654656,NA,NA
malignant_neoplastic_disease,4095450,NA,NA
malignant_neoplastic_disease,4041104,NA,NA
malignant_neoplastic_disease,4038835,NA,NA
malignant_neoplastic_disease,4112314,NA,NA
malignant_neoplastic_disease,4114198,NA,NA
malignant_neoplastic_disease,4079287,NA,NA
malignant_neoplastic_disease,36713363,NA,NA
malignant_neoplastic_disease,4247713,NA,NA
malignant_neoplastic_disease,4201483,NA,NA
malignant_neoplastic_disease,4177241,NA,NA
malignant_neoplastic_disease,4111033,NA,NA
malignant_neoplastic_disease,4312557,NA,NA
malignant_neoplastic_disease,36684817,NA,NA
malignant_neoplastic_disease,4091335,NA,NA
malignant_neoplastic_disease,36716426,NA,NA
malignant_neoplastic_disease,4112581,NA,NA
malignant_neoplastic_disease,4082486,NA,NA
malignant_neoplastic_disease,42539527,NA,NA
malignant_neoplastic_disease,4162978,NA,NA
malignant_neoplastic_disease,4301664,NA,NA
malignant_neoplastic_disease,4112738,NA,NA
malignant_neoplastic_disease,4312041,NA,NA
malignant_neoplastic_disease,40486639,NA,NA
malignant_neoplastic_disease,4311211,NA,NA
malignant_neoplastic_disease,4246232,NA,NA
malignant_neoplastic_disease,4085561,NA,NA
malignant_neoplastic_disease,4121330,NA,NA
malignant_neoplastic_disease,4199641,NA,NA
malignant_neoplastic_disease,4314046,NA,NA
malignant_neoplastic_disease,4289382,NA,NA
malignant_neoplastic_disease,4094996,NA,NA
malignant_neoplastic_disease,442145,NA,NA
malignant_neoplastic_disease,4180795,NA,NA
malignant_neoplastic_disease,4094871,NA,NA
malignant_neoplastic_disease,4224096,NA,NA
malignant_neoplastic_disease,4314349,NA,NA
malignant_neoplastic_disease,4311626,NA,NA
malignant_neoplastic_disease,4313229,NA,NA
malignant_neoplastic_disease,36716497,NA,NA
malignant_neoplastic_disease,4178967,NA,NA
malignant_neoplastic_disease,4222108,NA,NA
malignant_neoplastic_disease,40490995,NA,NA
malignant_neoplastic_disease,436651,NA,NA
malignant_neoplastic_disease,4174443,NA,NA
malignant_neoplastic_disease,4312954,NA,NA
malignant_neoplastic_disease,72566,NA,NA
malignant_neoplastic_disease,4197600,NA,NA
malignant_neoplastic_disease,4281029,NA,NA
malignant_neoplastic_disease,4298848,NA,NA
malignant_neoplastic_disease,4312549,NA,NA
malignant_neoplastic_disease,4245465,NA,NA
malignant_neoplastic_disease,4312702,NA,NA
malignant_neoplastic_disease,443388,NA,NA
malignant_neoplastic_disease,40489943,NA,NA
malignant_neoplastic_disease,4115137,NA,NA
malignant_neoplastic_disease,4095576,NA,NA
malignant_neoplastic_disease,4116230,NA,NA
malignant_neoplastic_disease,4112853,NA,NA
malignant_neoplastic_disease,40650072,NA,NA
malignant_neoplastic_disease,36684813,NA,NA
malignant_neoplastic_disease,4094855,NA,NA
malignant_neoplastic_disease,36712716,NA,NA
malignant_neoplastic_disease,4110891,NA,NA
malignant_neoplastic_disease,45768899,NA,NA
malignant_neoplastic_disease,4301538,NA,NA
malignant_neoplastic_disease,40486574,NA,NA
malignant_neoplastic_disease,4111922,NA,NA
malignant_neoplastic_disease,4094262,NA,NA
malignant_neoplastic_disease,4311331,NA,NA
malignant_neoplastic_disease,35622092,NA,NA
malignant_neoplastic_disease,37110870,NA,NA
malignant_neoplastic_disease,37396735,NA,NA
malignant_neoplastic_disease,4335884,NA,NA
malignant_neoplastic_disease,4149322,NA,NA
malignant_neoplastic_disease,4112776,NA,NA
malignant_neoplastic_disease,4311620,NA,NA
malignant_neoplastic_disease,36715928,NA,NA
malignant_neoplastic_disease,4158253,NA,NA
malignant_neoplastic_disease,35622400,NA,NA
malignant_neoplastic_disease,4313803,NA,NA
malignant_neoplastic_disease,4111807,NA,NA
malignant_neoplastic_disease,35619970,NA,NA
malignant_neoplastic_disease,37016150,NA,NA
malignant_neoplastic_disease,4312939,NA,NA
malignant_neoplastic_disease,4092072,NA,NA
malignant_neoplastic_disease,4141248,NA,NA
malignant_neoplastic_disease,132258,NA,NA
malignant_neoplastic_disease,4294434,NA,NA
malignant_neoplastic_disease,436344,NA,NA
malignant_neoplastic_disease,4162994,NA,NA
malignant_neoplastic_disease,36712744,NA,NA
malignant_neoplastic_disease,4208307,NA,NA
malignant_neoplastic_disease,4310714,NA,NA
malignant_neoplastic_disease,3655615,NA,NA
malignant_neoplastic_disease,4221977,NA,NA
malignant_neoplastic_disease,40486166,NA,NA
malignant_neoplastic_disease,4146026,NA,NA
malignant_neoplastic_disease,40490465,NA,NA
malignant_neoplastic_disease,4141250,NA,NA
malignant_neoplastic_disease,4002494,NA,NA
malignant_neoplastic_disease,4157451,NA,NA
malignant_neoplastic_disease,4247841,NA,NA
malignant_neoplastic_disease,4092514,NA,NA
malignant_neoplastic_disease,4312303,NA,NA
malignant_neoplastic_disease,36715802,NA,NA
malignant_neoplastic_disease,44783286,NA,NA
malignant_neoplastic_disease,4162860,NA,NA
malignant_neoplastic_disease,4003836,NA,NA
malignant_neoplastic_disease,4001324,NA,NA
malignant_neoplastic_disease,4314488,NA,NA
malignant_neoplastic_disease,35607522,NA,NA
malignant_neoplastic_disease,4247224,NA,NA
malignant_neoplastic_disease,436357,NA,NA
malignant_neoplastic_disease,439285,NA,NA
malignant_neoplastic_disease,37204187,NA,NA
malignant_neoplastic_disease,4092369,NA,NA
malignant_neoplastic_disease,4158473,NA,NA
malignant_neoplastic_disease,4031657,NA,NA
malignant_neoplastic_disease,4291272,NA,NA
malignant_neoplastic_disease,36716677,NA,NA
malignant_neoplastic_disease,4315550,NA,NA
malignant_neoplastic_disease,4160276,NA,NA
malignant_neoplastic_disease,40493442,NA,NA
malignant_neoplastic_disease,4110706,NA,NA
malignant_neoplastic_disease,4091491,NA,NA
malignant_neoplastic_disease,40486564,NA,NA
malignant_neoplastic_disease,45768950,NA,NA
malignant_neoplastic_disease,141524,NA,NA
malignant_neoplastic_disease,45769032,NA,NA
malignant_neoplastic_disease,435754,NA,NA
malignant_neoplastic_disease,37310457,NA,NA
malignant_neoplastic_disease,36712933,NA,NA
malignant_neoplastic_disease,35622691,NA,NA
malignant_neoplastic_disease,4162997,NA,NA
malignant_neoplastic_disease,201801,NA,NA
malignant_neoplastic_disease,4312688,NA,NA
malignant_neoplastic_disease,4248200,NA,NA
malignant_neoplastic_disease,35610325,NA,NA
malignant_neoplastic_disease,433143,NA,NA
malignant_neoplastic_disease,37116595,NA,NA
malignant_neoplastic_disease,4153344,NA,NA
malignant_neoplastic_disease,44782480,NA,NA
malignant_neoplastic_disease,4094868,NA,NA
malignant_neoplastic_disease,4246470,NA,NA
malignant_neoplastic_disease,4313797,NA,NA
malignant_neoplastic_disease,4297800,NA,NA
malignant_neoplastic_disease,4301670,NA,NA
malignant_neoplastic_disease,45768919,NA,NA
malignant_neoplastic_disease,4222107,NA,NA
malignant_neoplastic_disease,36715856,NA,NA
malignant_neoplastic_disease,46273197,NA,NA
malignant_neoplastic_disease,36684447,NA,NA
malignant_neoplastic_disease,4298026,NA,NA
malignant_neoplastic_disease,765123,NA,NA
malignant_neoplastic_disease,4147162,NA,NA
malignant_neoplastic_disease,4170619,NA,NA
malignant_neoplastic_disease,45768947,NA,NA
malignant_neoplastic_disease,4111031,NA,NA
malignant_neoplastic_disease,40490458,NA,NA
malignant_neoplastic_disease,444467,NA,NA
malignant_neoplastic_disease,4314489,NA,NA
malignant_neoplastic_disease,44806773,NA,NA
malignant_neoplastic_disease,760726,NA,NA
malignant_neoplastic_disease,4162992,NA,NA
malignant_neoplastic_disease,4177237,NA,NA
malignant_neoplastic_disease,4110727,NA,NA
malignant_neoplastic_disease,4095582,NA,NA
malignant_neoplastic_disease,4311880,NA,NA
malignant_neoplastic_disease,4177101,NA,NA
malignant_neoplastic_disease,4116577,NA,NA
malignant_neoplastic_disease,140664,NA,NA
malignant_neoplastic_disease,4311630,NA,NA
malignant_neoplastic_disease,45769029,NA,NA
malignant_neoplastic_disease,4111920,NA,NA
malignant_neoplastic_disease,4094409,NA,NA
malignant_neoplastic_disease,441800,NA,NA
malignant_neoplastic_disease,4097585,NA,NA
malignant_neoplastic_disease,4177105,NA,NA
malignant_neoplastic_disease,4312561,NA,NA
malignant_neoplastic_disease,27235,NA,NA
malignant_neoplastic_disease,4309539,NA,NA
malignant_neoplastic_disease,37396736,NA,NA
malignant_neoplastic_disease,432262,NA,NA
malignant_neoplastic_disease,4141249,NA,NA
malignant_neoplastic_disease,4155285,NA,NA
malignant_neoplastic_disease,4300670,NA,NA
malignant_neoplastic_disease,4300560,NA,NA
malignant_neoplastic_disease,4312945,NA,NA
malignant_neoplastic_disease,4313223,NA,NA
malignant_neoplastic_disease,4283753,NA,NA
malignant_neoplastic_disease,40492017,NA,NA
malignant_neoplastic_disease,40391740,NA,NA
malignant_neoplastic_disease,3655628,NA,NA
malignant_neoplastic_disease,140352,NA,NA
malignant_neoplastic_disease,4247825,NA,NA
malignant_neoplastic_disease,22839,NA,NA
malignant_neoplastic_disease,254591,NA,NA
malignant_neoplastic_disease,37116726,NA,NA
malignant_neoplastic_disease,28083,NA,NA
malignant_neoplastic_disease,4095160,NA,NA
malignant_neoplastic_disease,45769030,NA,NA
malignant_neoplastic_disease,4313927,NA,NA
malignant_neoplastic_disease,4246144,NA,NA
malignant_neoplastic_disease,46271363,NA,NA
malignant_neoplastic_disease,81237,NA,NA
malignant_neoplastic_disease,4146619,NA,NA
malignant_neoplastic_disease,3655606,NA,NA
malignant_neoplastic_disease,4283877,NA,NA
malignant_neoplastic_disease,4227209,NA,NA
malignant_neoplastic_disease,4246451,NA,NA
malignant_neoplastic_disease,72266,NA,NA
malignant_neoplastic_disease,4247341,NA,NA
malignant_neoplastic_disease,4297201,NA,NA
malignant_neoplastic_disease,4184976,NA,NA
malignant_neoplastic_disease,40487143,NA,NA
malignant_neoplastic_disease,4095152,NA,NA
malignant_neoplastic_disease,40491444,NA,NA
malignant_neoplastic_disease,4291285,NA,NA
malignant_neoplastic_disease,4247336,NA,NA
malignant_neoplastic_disease,3654457,NA,NA
malignant_neoplastic_disease,4110569,NA,NA
malignant_neoplastic_disease,4110585,NA,NA
malignant_neoplastic_disease,4181340,NA,NA
malignant_neoplastic_disease,4081041,NA,NA
malignant_neoplastic_disease,4181348,NA,NA
malignant_neoplastic_disease,198985,NA,NA
malignant_neoplastic_disease,4312019,NA,NA
malignant_neoplastic_disease,4297184,NA,NA
malignant_neoplastic_disease,435493,NA,NA
malignant_neoplastic_disease,4095167,NA,NA
malignant_neoplastic_disease,4095320,NA,NA
malignant_neoplastic_disease,438370,NA,NA
malignant_neoplastic_disease,4314040,NA,NA
malignant_neoplastic_disease,4248071,NA,NA
malignant_neoplastic_disease,4092360,NA,NA
malignant_neoplastic_disease,4300558,NA,NA
malignant_neoplastic_disease,4300564,NA,NA
malignant_neoplastic_disease,4170451,NA,NA
malignant_neoplastic_disease,4116069,NA,NA
malignant_neoplastic_disease,4297673,NA,NA
malignant_neoplastic_disease,45771015,NA,NA
malignant_neoplastic_disease,442252,NA,NA
malignant_neoplastic_disease,4314357,NA,NA
malignant_neoplastic_disease,35619986,NA,NA
malignant_neoplastic_disease,35622904,NA,NA
malignant_neoplastic_disease,4112871,NA,NA
malignant_neoplastic_disease,759982,NA,NA
malignant_neoplastic_disease,4110884,NA,NA
malignant_neoplastic_disease,40486155,NA,NA
malignant_neoplastic_disease,4032866,NA,NA
malignant_neoplastic_disease,45769059,NA,NA
malignant_neoplastic_disease,40493495,NA,NA
malignant_neoplastic_disease,4097560,NA,NA
malignant_neoplastic_disease,4246036,NA,NA
malignant_neoplastic_disease,4116080,NA,NA
malignant_neoplastic_disease,3654648,NA,NA
malignant_neoplastic_disease,442095,NA,NA
malignant_neoplastic_disease,4112958,NA,NA
malignant_neoplastic_disease,4154630,NA,NA
malignant_neoplastic_disease,4289095,NA,NA
malignant_neoplastic_disease,4092511,NA,NA
malignant_neoplastic_disease,4222268,NA,NA
malignant_neoplastic_disease,4312957,NA,NA
malignant_neoplastic_disease,4244050,NA,NA
malignant_neoplastic_disease,4313922,NA,NA
malignant_neoplastic_disease,4094997,NA,NA
malignant_neoplastic_disease,45772932,NA,NA
malignant_neoplastic_disease,4089776,NA,NA
malignant_neoplastic_disease,4095598,NA,NA
malignant_neoplastic_disease,4246028,NA,NA
malignant_neoplastic_disease,4246233,NA,NA
malignant_neoplastic_disease,37116982,NA,NA
malignant_neoplastic_disease,4312949,NA,NA
malignant_neoplastic_disease,4161028,NA,NA
malignant_neoplastic_disease,4099699,NA,NA
malignant_neoplastic_disease,442126,NA,NA
malignant_neoplastic_disease,45768895,NA,NA
malignant_neoplastic_disease,437504,NA,NA
malignant_neoplastic_disease,4157459,NA,NA
malignant_neoplastic_disease,4079693,NA,NA
malignant_neoplastic_disease,4315805,NA,NA
malignant_neoplastic_disease,37204681,NA,NA
malignant_neoplastic_disease,4155169,NA,NA
malignant_neoplastic_disease,4247965,NA,NA
malignant_neoplastic_disease,42537753,NA,NA
malignant_neoplastic_disease,45769028,NA,NA
malignant_neoplastic_disease,4097283,NA,NA
malignant_neoplastic_disease,4138752,NA,NA
malignant_neoplastic_disease,4314198,NA,NA
malignant_neoplastic_disease,4289102,NA,NA
malignant_neoplastic_disease,4187851,NA,NA
malignant_neoplastic_disease,4177238,NA,NA
malignant_neoplastic_disease,4314485,NA,NA
malignant_neoplastic_disease,4301655,NA,NA
malignant_neoplastic_disease,440036,NA,NA
malignant_neoplastic_disease,4082462,NA,NA
malignant_neoplastic_disease,40490918,NA,NA
malignant_neoplastic_disease,40493007,NA,NA
malignant_neoplastic_disease,36716620,NA,NA
malignant_neoplastic_disease,4312685,NA,NA
malignant_neoplastic_disease,4315549,NA,NA
malignant_neoplastic_disease,4079692,NA,NA
malignant_neoplastic_disease,4289688,NA,NA
malignant_neoplastic_disease,4245918,NA,NA
malignant_neoplastic_disease,4246122,NA,NA
malignant_neoplastic_disease,40493492,NA,NA
malignant_neoplastic_disease,4298146,NA,NA
malignant_neoplastic_disease,4116236,NA,NA
malignant_neoplastic_disease,4313933,NA,NA
malignant_neoplastic_disease,35610172,NA,NA
malignant_neoplastic_disease,4312699,NA,NA
malignant_neoplastic_disease,4092057,NA,NA
malignant_neoplastic_disease,36715847,NA,NA
malignant_neoplastic_disease,40493011,NA,NA
malignant_neoplastic_disease,4314501,NA,NA
malignant_neoplastic_disease,437224,NA,NA
malignant_neoplastic_disease,4289825,NA,NA
malignant_neoplastic_disease,4289252,NA,NA
malignant_neoplastic_disease,4314355,NA,NA
malignant_neoplastic_disease,4314056,NA,NA
malignant_neoplastic_disease,46271922,NA,NA
malignant_neoplastic_disease,4114340,NA,NA
malignant_neoplastic_disease,37016240,NA,NA
malignant_neoplastic_disease,4248802,NA,NA
malignant_neoplastic_disease,4218170,NA,NA
malignant_neoplastic_disease,36712980,NA,NA
malignant_neoplastic_disease,4248064,NA,NA
malignant_neoplastic_disease,4162115,NA,NA
malignant_neoplastic_disease,4246799,NA,NA
malignant_neoplastic_disease,4180904,NA,NA
malignant_neoplastic_disease,4246139,NA,NA
malignant_neoplastic_disease,40480128,NA,NA
malignant_neoplastic_disease,40492021,NA,NA
malignant_neoplastic_disease,198702,NA,NA
malignant_neoplastic_disease,4177107,NA,NA
malignant_neoplastic_disease,4095443,NA,NA
malignant_neoplastic_disease,4283612,NA,NA
malignant_neoplastic_disease,439286,NA,NA
malignant_neoplastic_disease,4311757,NA,NA
malignant_neoplastic_disease,193144,NA,NA
malignant_neoplastic_disease,442160,NA,NA
malignant_neoplastic_disease,434298,NA,NA
malignant_neoplastic_disease,4315798,NA,NA
malignant_neoplastic_disease,136930,NA,NA
malignant_neoplastic_disease,4283756,NA,NA
malignant_neoplastic_disease,4247967,NA,NA
malignant_neoplastic_disease,36716630,NA,NA
malignant_neoplastic_disease,4173985,NA,NA
malignant_neoplastic_disease,4157456,NA,NA
malignant_neoplastic_disease,438983,NA,NA
malignant_neoplastic_disease,4289393,NA,NA
malignant_neoplastic_disease,197225,NA,NA
malignant_neoplastic_disease,196044,NA,NA
malignant_neoplastic_disease,37018884,NA,NA
malignant_neoplastic_disease,36684449,NA,NA
malignant_neoplastic_disease,4313935,NA,NA
malignant_neoplastic_disease,133154,NA,NA
malignant_neoplastic_disease,4281024,NA,NA
malignant_neoplastic_disease,140046,NA,NA
malignant_neoplastic_disease,4173973,NA,NA
malignant_neoplastic_disease,4092229,NA,NA
malignant_neoplastic_disease,45769780,NA,NA
malignant_neoplastic_disease,4174763,NA,NA
malignant_neoplastic_disease,4174442,NA,NA
malignant_neoplastic_disease,4196261,NA,NA
malignant_neoplastic_disease,35624157,NA,NA
malignant_neoplastic_disease,36712722,NA,NA
malignant_neoplastic_disease,4312037,NA,NA
malignant_neoplastic_disease,4214660,NA,NA
malignant_neoplastic_disease,4247966,NA,NA
malignant_neoplastic_disease,4312299,NA,NA
malignant_neoplastic_disease,4315683,NA,NA
malignant_neoplastic_disease,3655626,NA,NA
malignant_neoplastic_disease,4246136,NA,NA
malignant_neoplastic_disease,4162859,NA,NA
malignant_neoplastic_disease,4312950,NA,NA
malignant_neoplastic_disease,45768866,NA,NA
malignant_neoplastic_disease,4110877,NA,NA
malignant_neoplastic_disease,4247949,NA,NA
malignant_neoplastic_disease,40486208,NA,NA
malignant_neoplastic_disease,45772939,NA,NA
malignant_neoplastic_disease,4312013,NA,NA
malignant_neoplastic_disease,37110403,NA,NA
malignant_neoplastic_disease,4297183,NA,NA
malignant_neoplastic_disease,196650,NA,NA
malignant_neoplastic_disease,35624158,NA,NA
malignant_neoplastic_disease,4090224,NA,NA
malignant_neoplastic_disease,133714,NA,NA
malignant_neoplastic_disease,4089655,NA,NA
malignant_neoplastic_disease,4146628,NA,NA
malignant_neoplastic_disease,42536894,NA,NA
malignant_neoplastic_disease,4201621,NA,NA
malignant_neoplastic_disease,4246245,NA,NA
malignant_neoplastic_disease,4116231,NA,NA
malignant_neoplastic_disease,4246025,NA,NA
malignant_neoplastic_disease,4246042,NA,NA
malignant_neoplastic_disease,4269784,NA,NA
malignant_neoplastic_disease,4089656,NA,NA
malignant_neoplastic_disease,4281033,NA,NA
malignant_neoplastic_disease,4116228,NA,NA
malignant_neoplastic_disease,4112984,NA,NA
malignant_neoplastic_disease,45768923,NA,NA
malignant_neoplastic_disease,36686094,NA,NA
malignant_neoplastic_disease,4237016,NA,NA
malignant_neoplastic_disease,40480215,NA,NA
malignant_neoplastic_disease,440655,NA,NA
malignant_neoplastic_disease,4311635,NA,NA
malignant_neoplastic_disease,4182921,NA,NA
malignant_neoplastic_disease,4295479,NA,NA
malignant_neoplastic_disease,4247349,NA,NA
malignant_neoplastic_disease,4256776,NA,NA
malignant_neoplastic_disease,4283614,NA,NA
malignant_neoplastic_disease,4089526,NA,NA
malignant_neoplastic_disease,3663201,NA,NA
malignant_neoplastic_disease,4289522,NA,NA
malignant_neoplastic_disease,4302482,NA,NA
malignant_neoplastic_disease,195197,NA,NA
malignant_neoplastic_disease,442155,NA,NA
malignant_neoplastic_disease,4181487,NA,NA
malignant_neoplastic_disease,4094850,NA,NA
malignant_neoplastic_disease,380055,NA,NA
malignant_neoplastic_disease,4314497,NA,NA
malignant_neoplastic_disease,4307861,NA,NA
malignant_neoplastic_disease,4149844,NA,NA
malignant_neoplastic_disease,36713419,NA,NA
malignant_neoplastic_disease,4312289,NA,NA
malignant_neoplastic_disease,4111932,NA,NA
malignant_neoplastic_disease,4162122,NA,NA
malignant_neoplastic_disease,4291144,NA,NA
malignant_neoplastic_disease,4095740,NA,NA
malignant_neoplastic_disease,40486118,NA,NA
malignant_neoplastic_disease,4181479,NA,NA
malignant_neoplastic_disease,37016149,NA,NA
malignant_neoplastic_disease,4095887,NA,NA
malignant_neoplastic_disease,4315811,NA,NA
malignant_neoplastic_disease,4314359,NA,NA
malignant_neoplastic_disease,4299427,NA,NA
malignant_neoplastic_disease,4248057,NA,NA
malignant_neoplastic_disease,37018639,NA,NA
malignant_neoplastic_disease,4312290,NA,NA
malignant_neoplastic_disease,4289373,NA,NA
malignant_neoplastic_disease,37312142,NA,NA
malignant_neoplastic_disease,4311625,NA,NA
malignant_neoplastic_disease,4246450,NA,NA
malignant_neoplastic_disease,40482893,NA,NA
malignant_neoplastic_disease,4181356,NA,NA
malignant_neoplastic_disease,4301428,NA,NA
malignant_neoplastic_disease,4311332,NA,NA
malignant_neoplastic_disease,4220146,NA,NA
malignant_neoplastic_disease,4116088,NA,NA
malignant_neoplastic_disease,36713418,NA,NA
malignant_neoplastic_disease,4089868,NA,NA
malignant_neoplastic_disease,194594,NA,NA
malignant_neoplastic_disease,4181330,NA,NA
malignant_neoplastic_disease,4112983,NA,NA
malignant_neoplastic_disease,45768884,NA,NA
malignant_neoplastic_disease,4173957,NA,NA
malignant_neoplastic_disease,4097284,NA,NA
malignant_neoplastic_disease,4055132,NA,NA
malignant_neoplastic_disease,4314069,NA,NA
malignant_neoplastic_disease,4196264,NA,NA
malignant_neoplastic_disease,36683301,NA,NA
malignant_neoplastic_disease,37017320,NA,NA
malignant_neoplastic_disease,4109067,NA,NA
malignant_neoplastic_disease,4252535,NA,NA
malignant_neoplastic_disease,40491873,NA,NA
malignant_neoplastic_disease,4247337,NA,NA
malignant_neoplastic_disease,4247348,NA,NA
malignant_neoplastic_disease,36713420,NA,NA
malignant_neoplastic_disease,35623402,NA,NA
malignant_neoplastic_disease,25189,NA,NA
malignant_neoplastic_disease,4246474,NA,NA
malignant_neoplastic_disease,40486173,NA,NA
malignant_neoplastic_disease,4312684,NA,NA
malignant_neoplastic_disease,4300554,NA,NA
malignant_neoplastic_disease,4311632,NA,NA
malignant_neoplastic_disease,4289678,NA,NA
malignant_neoplastic_disease,760933,NA,NA
malignant_neoplastic_disease,4312302,NA,NA
malignant_neoplastic_disease,4198567,NA,NA
malignant_neoplastic_disease,4003693,NA,NA
malignant_neoplastic_disease,4311499,NA,NA
malignant_neoplastic_disease,4297202,NA,NA
malignant_neoplastic_disease,4311746,NA,NA
malignant_neoplastic_disease,442127,NA,NA
malignant_neoplastic_disease,40487049,NA,NA
malignant_neoplastic_disease,4102133,NA,NA
malignant_neoplastic_disease,4335883,NA,NA
malignant_neoplastic_disease,36717485,NA,NA
malignant_neoplastic_disease,40490998,NA,NA
malignant_neoplastic_disease,4281159,NA,NA
malignant_neoplastic_disease,36715810,NA,NA
malignant_neoplastic_disease,42709759,NA,NA
malignant_neoplastic_disease,136916,NA,NA
malignant_neoplastic_disease,35622779,NA,NA
malignant_neoplastic_disease,4123298,NA,NA
malignant_neoplastic_disease,4082461,NA,NA
malignant_neoplastic_disease,4312695,NA,NA
malignant_neoplastic_disease,35610155,NA,NA
malignant_neoplastic_disease,4178962,NA,NA
malignant_neoplastic_disease,3655604,NA,NA
malignant_neoplastic_disease,35610168,NA,NA
malignant_neoplastic_disease,45772933,NA,NA
malignant_neoplastic_disease,4227969,NA,NA
malignant_neoplastic_disease,4098597,NA,NA
malignant_neoplastic_disease,45768831,NA,NA
malignant_neoplastic_disease,45771013,NA,NA
malignant_neoplastic_disease,4178957,NA,NA
malignant_neoplastic_disease,197806,NA,NA
malignant_neoplastic_disease,4100557,NA,NA
malignant_neoplastic_disease,4146032,NA,NA
malignant_neoplastic_disease,4092530,NA,NA
malignant_neoplastic_disease,4313207,NA,NA
malignant_neoplastic_disease,37016103,NA,NA
malignant_neoplastic_disease,133147,NA,NA
malignant_neoplastic_disease,4315679,NA,NA
malignant_neoplastic_disease,4112879,NA,NA
malignant_neoplastic_disease,45769089,NA,NA
malignant_neoplastic_disease,4177111,NA,NA
malignant_neoplastic_disease,4174765,NA,NA
malignant_neoplastic_disease,4314493,NA,NA
malignant_neoplastic_disease,40488917,NA,NA
malignant_neoplastic_disease,37311850,NA,NA
malignant_neoplastic_disease,4298846,NA,NA
malignant_neoplastic_disease,432267,NA,NA
malignant_neoplastic_disease,36717260,NA,NA
malignant_neoplastic_disease,4038843,NA,NA
malignant_neoplastic_disease,36712708,NA,NA
malignant_neoplastic_disease,136656,NA,NA
malignant_neoplastic_disease,4311477,NA,NA
malignant_neoplastic_disease,4141960,NA,NA
malignant_neoplastic_disease,4162137,NA,NA
malignant_neoplastic_disease,36717177,NA,NA
malignant_neoplastic_disease,4095603,NA,NA
malignant_neoplastic_disease,4091471,NA,NA
malignant_neoplastic_disease,4247947,NA,NA
malignant_neoplastic_disease,4315675,NA,NA
malignant_neoplastic_disease,4315670,NA,NA
malignant_neoplastic_disease,4314191,NA,NA
malignant_neoplastic_disease,42536893,NA,NA
malignant_neoplastic_disease,433709,NA,NA
malignant_neoplastic_disease,45769121,NA,NA
malignant_neoplastic_disease,44811954,NA,NA
malignant_neoplastic_disease,196363,NA,NA
malignant_neoplastic_disease,42536895,NA,NA
malignant_neoplastic_disease,439746,NA,NA
malignant_neoplastic_disease,258375,NA,NA
malignant_neoplastic_disease,4246013,NA,NA
malignant_neoplastic_disease,4298740,NA,NA
malignant_neoplastic_disease,74582,NA,NA
malignant_neoplastic_disease,197230,NA,NA
malignant_neoplastic_disease,4003833,NA,NA
malignant_neoplastic_disease,4314061,NA,NA
malignant_neoplastic_disease,433975,NA,NA
malignant_neoplastic_disease,4112781,NA,NA
malignant_neoplastic_disease,45768881,NA,NA
malignant_neoplastic_disease,4309707,NA,NA
malignant_neoplastic_disease,36684812,NA,NA
malignant_neoplastic_disease,4313217,NA,NA
malignant_neoplastic_disease,4089662,NA,NA
malignant_neoplastic_disease,764078,NA,NA
malignant_neoplastic_disease,44782582,NA,NA
malignant_neoplastic_disease,4155168,NA,NA
malignant_neoplastic_disease,4314314,NA,NA
malignant_neoplastic_disease,4246805,NA,NA
malignant_neoplastic_disease,4297667,NA,NA
malignant_neoplastic_disease,4289673,NA,NA
malignant_neoplastic_disease,4137510,NA,NA
malignant_neoplastic_disease,45768839,NA,NA
malignant_neoplastic_disease,442188,NA,NA
malignant_neoplastic_disease,198700,NA,NA
malignant_neoplastic_disease,4246239,NA,NA
malignant_neoplastic_disease,36684818,NA,NA
malignant_neoplastic_disease,44783253,NA,NA
malignant_neoplastic_disease,36717227,NA,NA
malignant_neoplastic_disease,37208047,NA,NA
malignant_neoplastic_disease,4314049,NA,NA
malignant_neoplastic_disease,37116594,NA,NA
malignant_neoplastic_disease,4220475,NA,NA
malignant_neoplastic_disease,4048226,NA,NA
malignant_neoplastic_disease,4189938,NA,NA
malignant_neoplastic_disease,433716,NA,NA
malignant_neoplastic_disease,35622091,NA,NA
malignant_neoplastic_disease,4231817,NA,NA
malignant_neoplastic_disease,4116239,NA,NA
malignant_neoplastic_disease,4177233,NA,NA
malignant_neoplastic_disease,4115135,NA,NA
malignant_neoplastic_disease,138377,NA,NA
malignant_neoplastic_disease,442159,NA,NA
malignant_neoplastic_disease,442146,NA,NA
malignant_neoplastic_disease,132841,NA,NA
malignant_neoplastic_disease,134596,NA,NA
malignant_neoplastic_disease,40486029,NA,NA
malignant_neoplastic_disease,603291,NA,NA
malignant_neoplastic_disease,602332,NA,NA
malignant_neoplastic_disease,443381,NA,NA
malignant_neoplastic_disease,760959,NA,NA
malignant_neoplastic_disease,36715859,NA,NA
malignant_neoplastic_disease,602138,NA,NA
malignant_neoplastic_disease,4114220,NA,NA
malignant_neoplastic_disease,602066,NA,NA
malignant_neoplastic_disease,36715586,NA,NA
malignant_neoplastic_disease,45768877,NA,NA
malignant_neoplastic_disease,40481031,NA,NA
malignant_neoplastic_disease,602067,NA,NA
malignant_neoplastic_disease,608868,NA,NA
malignant_neoplastic_disease,760961,NA,NA
malignant_neoplastic_disease,36715857,NA,NA
malignant_neoplastic_disease,45768882,NA,NA
malignant_neoplastic_disease,609125,NA,NA
malignant_neoplastic_disease,606563,NA,NA
malignant_neoplastic_disease,42538835,NA,NA
malignant_neoplastic_disease,608927,NA,NA
malignant_neoplastic_disease,602043,NA,NA
malignant_neoplastic_disease,606919,NA,NA
malignant_neoplastic_disease,609234,NA,NA
malignant_neoplastic_disease,601999,NA,NA
malignant_neoplastic_disease,609186,NA,NA
malignant_neoplastic_disease,606954,NA,NA
malignant_neoplastic_disease,602083,NA,NA
malignant_neoplastic_disease,605466,NA,NA
malignant_neoplastic_disease,4312948,NA,NA
malignant_neoplastic_disease,4312552,NA,NA
malignant_neoplastic_disease,4111012,NA,NA
malignant_neoplastic_disease,40487580,NA,NA
malignant_neoplastic_disease,4297182,NA,NA
malignant_neoplastic_disease,36684946,NA,NA
malignant_neoplastic_disease,4289676,NA,NA
malignant_neoplastic_disease,37109900,NA,NA
malignant_neoplastic_disease,619383,NA,NA
malignant_neoplastic_disease,761025,NA,NA
malignant_neoplastic_disease,196048,NA,NA
malignant_neoplastic_disease,4246033,NA,NA
malignant_neoplastic_disease,607957,NA,NA
malignant_neoplastic_disease,36716512,NA,NA
malignant_neoplastic_disease,45768875,NA,NA
malignant_neoplastic_disease,602683,NA,NA
malignant_neoplastic_disease,608046,NA,NA
malignant_neoplastic_disease,4111952,NA,NA
malignant_neoplastic_disease,600664,NA,NA
malignant_neoplastic_disease,607439,NA,NA
malignant_neoplastic_disease,608735,NA,NA
malignant_neoplastic_disease,605474,NA,NA
malignant_neoplastic_disease,36715913,NA,NA
malignant_neoplastic_disease,605205,NA,NA
malignant_neoplastic_disease,37109898,NA,NA
malignant_neoplastic_disease,606360,NA,NA
malignant_neoplastic_disease,37018655,NA,NA
malignant_neoplastic_disease,602155,NA,NA
malignant_neoplastic_disease,619378,NA,NA
malignant_neoplastic_disease,4314345,NA,NA
malignant_neoplastic_disease,608059,NA,NA
malignant_neoplastic_disease,609127,NA,NA
malignant_neoplastic_disease,602017,NA,NA
malignant_neoplastic_disease,4120304,NA,NA
malignant_neoplastic_disease,602668,NA,NA
malignant_neoplastic_disease,4095580,NA,NA
malignant_neoplastic_disease,4144194,NA,NA
malignant_neoplastic_disease,607974,NA,NA
malignant_neoplastic_disease,40490343,NA,NA
malignant_neoplastic_disease,4309851,NA,NA
malignant_neoplastic_disease,36716972,NA,NA
malignant_neoplastic_disease,4091619,NA,NA
malignant_neoplastic_disease,602306,NA,NA
malignant_neoplastic_disease,605445,NA,NA
malignant_neoplastic_disease,42536743,NA,NA
malignant_neoplastic_disease,602114,NA,NA
malignant_neoplastic_disease,605433,NA,NA
malignant_neoplastic_disease,602003,NA,NA
malignant_neoplastic_disease,600835,NA,NA
malignant_neoplastic_disease,602304,NA,NA
malignant_neoplastic_disease,609187,NA,NA
malignant_neoplastic_disease,602113,NA,NA
malignant_neoplastic_disease,4115295,NA,NA
malignant_neoplastic_disease,607987,NA,NA
malignant_neoplastic_disease,601139,NA,NA
malignant_neoplastic_disease,602588,NA,NA
malignant_neoplastic_disease,4312296,NA,NA
malignant_neoplastic_disease,609204,NA,NA
malignant_neoplastic_disease,40482859,NA,NA
malignant_neoplastic_disease,602011,NA,NA
malignant_neoplastic_disease,606957,NA,NA
malignant_neoplastic_disease,4111943,NA,NA
epilepsy,37163917,NA,NA
epilepsy,4194232,NA,NA
epilepsy,4046220,NA,NA
epilepsy,381842,NA,NA
epilepsy,4046219,NA,NA
epilepsy,763039,NA,NA
epilepsy,35607997,NA,NA
epilepsy,35623629,NA,NA
epilepsy,4216211,NA,NA
epilepsy,37312387,NA,NA
epilepsy,36715349,NA,NA
epilepsy,4044083,NA,NA
epilepsy,4231042,NA,NA
epilepsy,4044220,NA,NA
epilepsy,4046223,NA,NA
epilepsy,36715051,NA,NA
epilepsy,4105360,NA,NA
epilepsy,762830,NA,NA
epilepsy,4050738,NA,NA
epilepsy,762980,NA,NA
epilepsy,762979,NA,NA
epilepsy,4043557,NA,NA
epilepsy,35622969,NA,NA
epilepsy,36675122,NA,NA
epilepsy,37116742,NA,NA
epilepsy,37205088,NA,NA
epilepsy,44783830,NA,NA
epilepsy,763526,NA,NA
epilepsy,37204209,NA,NA
epilepsy,36676588,NA,NA
epilepsy,36674914,NA,NA
epilepsy,37397175,NA,NA
epilepsy,4044079,NA,NA
epilepsy,765908,NA,NA
epilepsy,37165096,NA,NA
epilepsy,36674689,NA,NA
epilepsy,37164546,NA,NA
epilepsy,4048424,NA,NA
epilepsy,37395845,NA,NA
epilepsy,4043404,NA,NA
epilepsy,36674783,NA,NA
epilepsy,4244383,NA,NA
epilepsy,4043411,NA,NA
epilepsy,4043405,NA,NA
epilepsy,4044081,NA,NA
epilepsy,762787,NA,NA
epilepsy,36674784,NA,NA
epilepsy,36674785,NA,NA
epilepsy,36674988,NA,NA
epilepsy,4044078,NA,NA
epilepsy,4185733,NA,NA
epilepsy,37165066,NA,NA
epilepsy,36716394,NA,NA
epilepsy,4179936,NA,NA
epilepsy,4044080,NA,NA
epilepsy,4047889,NA,NA
epilepsy,37164436,NA,NA
epilepsy,37166811,NA,NA
epilepsy,37161015,NA,NA
epilepsy,37204238,NA,NA
epilepsy,36680607,NA,NA
epilepsy,4044224,NA,NA
epilepsy,4043412,NA,NA
epilepsy,36676367,NA,NA
epilepsy,4046222,NA,NA
epilepsy,36715417,NA,NA
epilepsy,4239176,NA,NA
epilepsy,37168142,NA,NA
epilepsy,37204217,NA,NA
epilepsy,4047890,NA,NA
epilepsy,4043554,NA,NA
epilepsy,37174273,NA,NA
epilepsy,4043414,NA,NA
epilepsy,4186206,NA,NA
epilepsy,762647,NA,NA
epilepsy,762646,NA,NA
epilepsy,37160956,NA,NA
epilepsy,36674712,NA,NA
epilepsy,36676621,NA,NA
epilepsy,37116386,NA,NA
epilepsy,37160937,NA,NA
epilepsy,37162231,NA,NA
epilepsy,36675141,NA,NA
epilepsy,4046221,NA,NA
epilepsy,374023,NA,NA
epilepsy,380378,NA,NA
epilepsy,4233042,NA,NA
epilepsy,37110673,NA,NA
epilepsy,37110677,NA,NA
epilepsy,37110676,NA,NA
epilepsy,37110674,NA,NA
epilepsy,37160840,NA,NA
epilepsy,37110522,NA,NA
epilepsy,37166922,NA,NA
epilepsy,37166920,NA,NA
epilepsy,37166921,NA,NA
epilepsy,37110675,NA,NA
epilepsy,37110329,NA,NA
epilepsy,3655274,NA,NA
epilepsy,3655276,NA,NA
epilepsy,37110524,NA,NA
epilepsy,3655285,NA,NA
epilepsy,37160838,NA,NA
epilepsy,37119155,NA,NA
epilepsy,37166919,NA,NA
epilepsy,37166917,NA,NA
epilepsy,37166918,NA,NA
epilepsy,37166916,NA,NA
epilepsy,45757114,NA,NA
epilepsy,45757050,NA,NA
epilepsy,37118656,NA,NA
epilepsy,37116355,NA,NA
epilepsy,4043551,NA,NA
epilepsy,37396462,NA,NA
epilepsy,4047897,NA,NA
epilepsy,4044225,NA,NA
epilepsy,4043413,NA,NA
epilepsy,37116354,NA,NA
epilepsy,37018608,NA,NA
epilepsy,36716897,NA,NA
epilepsy,37111648,NA,NA
epilepsy,1340323,NA,NA
epilepsy,4009655,NA,NA
epilepsy,35608023,NA,NA
epilepsy,37205064,NA,NA
epilepsy,37205085,NA,NA
epilepsy,37204833,NA,NA
epilepsy,36680590,NA,NA
epilepsy,37110888,NA,NA
epilepsy,37396778,NA,NA
epilepsy,37161435,NA,NA
epilepsy,374915,NA,NA
epilepsy,35622869,NA,NA
epilepsy,37399364,NA,NA
epilepsy,4047888,NA,NA
epilepsy,4055361,NA,NA
epilepsy,37395981,NA,NA
epilepsy,763655,NA,NA
epilepsy,44783583,NA,NA
epilepsy,37166945,NA,NA
epilepsy,36716652,NA,NA
epilepsy,4044222,NA,NA
epilepsy,35622175,NA,NA
epilepsy,35624272,NA,NA
epilepsy,37395921,NA,NA
epilepsy,4274575,NA,NA
epilepsy,37110163,NA,NA
epilepsy,36674269,NA,NA
epilepsy,36674719,NA,NA
epilepsy,36676518,NA,NA
epilepsy,36715461,NA,NA
epilepsy,37162276,NA,NA
epilepsy,46273400,NA,NA
epilepsy,42535414,NA,NA
epilepsy,4145896,NA,NA
epilepsy,4046210,NA,NA
epilepsy,4267274,NA,NA
epilepsy,36680579,NA,NA
epilepsy,4033911,NA,NA
epilepsy,4046214,NA,NA
epilepsy,4043408,NA,NA
epilepsy,4046213,NA,NA
epilepsy,762730,NA,NA
epilepsy,762729,NA,NA
epilepsy,37162794,NA,NA
epilepsy,4333672,NA,NA
epilepsy,4047895,NA,NA
epilepsy,4150299,NA,NA
epilepsy,4044082,NA,NA
epilepsy,4044221,NA,NA
epilepsy,37205067,NA,NA
epilepsy,37161434,NA,NA
epilepsy,36716144,NA,NA
epilepsy,4047903,NA,NA
epilepsy,36674804,NA,NA
epilepsy,4104856,NA,NA
epilepsy,37165354,NA,NA
epilepsy,35622355,NA,NA
epilepsy,4147503,NA,NA
epilepsy,4139559,NA,NA
epilepsy,1245354,NA,NA
epilepsy,36674383,NA,NA
epilepsy,37163197,NA,NA
epilepsy,4056835,NA,NA
epilepsy,37163217,NA,NA
epilepsy,4104714,NA,NA
epilepsy,4101742,NA,NA
epilepsy,44782474,NA,NA
epilepsy,4044227,NA,NA
epilepsy,4043555,NA,NA
epilepsy,37161495,NA,NA
epilepsy,37163909,NA,NA
epilepsy,45771339,NA,NA
epilepsy,4044229,NA,NA
epilepsy,4046207,NA,NA
epilepsy,4043410,NA,NA
epilepsy,4043409,NA,NA
epilepsy,35622368,NA,NA
epilepsy,35607971,NA,NA
epilepsy,4046206,NA,NA
epilepsy,36676587,NA,NA
epilepsy,4104859,NA,NA
epilepsy,439654,NA,NA
epilepsy,43530676,NA,NA
epilepsy,43530706,NA,NA
epilepsy,43530708,NA,NA
epilepsy,35624201,NA,NA
epilepsy,765902,NA,NA
epilepsy,765661,NA,NA
epilepsy,44801879,NA,NA
epilepsy,4316060,NA,NA
epilepsy,37160879,NA,NA
epilepsy,44784593,NA,NA
epilepsy,44784595,NA,NA
epilepsy,4326435,NA,NA
epilepsy,37167962,NA,NA
epilepsy,4043406,NA,NA
epilepsy,37204277,NA,NA
epilepsy,4147501,NA,NA
epilepsy,37204409,NA,NA
epilepsy,37204403,NA,NA
epilepsy,37203831,NA,NA
epilepsy,37163334,NA,NA
epilepsy,37204476,NA,NA
epilepsy,37164081,NA,NA
epilepsy,35622037,NA,NA
epilepsy,45773528,NA,NA
epilepsy,4261957,NA,NA
epilepsy,4104855,NA,NA
epilepsy,37110349,NA,NA
epilepsy,42535907,NA,NA
epilepsy,4041672,NA,NA
epilepsy,763040,NA,NA
epilepsy,4297994,NA,NA
epilepsy,35624480,NA,NA
epilepsy,42534952,NA,NA
epilepsy,4194366,NA,NA
epilepsy,4306496,NA,NA
epilepsy,4046111,NA,NA
epilepsy,37163906,NA,NA
epilepsy,37164751,NA,NA
epilepsy,35622873,NA,NA
epilepsy,3657974,NA,NA
epilepsy,35622929,NA,NA
epilepsy,4043552,NA,NA
epilepsy,36715509,NA,NA
epilepsy,37118973,NA,NA
epilepsy,4043550,NA,NA
epilepsy,762806,NA,NA
epilepsy,36675039,NA,NA
epilepsy,37161409,NA,NA
epilepsy,37398922,NA,NA
epilepsy,36675181,NA,NA
epilepsy,4104858,NA,NA
epilepsy,37162298,NA,NA
epilepsy,45766380,NA,NA
epilepsy,35622261,NA,NA
epilepsy,4133780,NA,NA
epilepsy,35625621,NA,NA
epilepsy,4044084,NA,NA
epilepsy,4047898,NA,NA
epilepsy,4046212,NA,NA
epilepsy,37163903,NA,NA
epilepsy,36683256,NA,NA
epilepsy,4102345,NA,NA
epilepsy,764684,NA,NA
epilepsy,35622254,NA,NA
epilepsy,4043556,NA,NA
epilepsy,4123240,NA,NA
epilepsy,37155408,NA,NA
epilepsy,762834,NA,NA
epilepsy,765511,NA,NA
epilepsy,4044231,NA,NA
epilepsy,4044226,NA,NA
epilepsy,4317514,NA,NA
epilepsy,4213017,NA,NA
epilepsy,4101744,NA,NA
epilepsy,376105,NA,NA
epilepsy,4047904,NA,NA
epilepsy,37397174,NA,NA
epilepsy,36714067,NA,NA
epilepsy,37110783,NA,NA
epilepsy,44802463,NA,NA
epilepsy,44805979,NA,NA
epilepsy,4017040,NA,NA
epilepsy,4037145,NA,NA
epilepsy,44802462,NA,NA
epilepsy,4017308,NA,NA
epilepsy,46285278,NA,NA
epilepsy,2111287,NA,NA
epilepsy,44789017,NA,NA
epilepsy,44802472,NA,NA
epilepsy,443379,NA,NA
epilepsy,37017039,NA,NA
epilepsy,4167707,NA,NA
epilepsy,40757123,NA,NA
epilepsy,44790349,NA,NA
epilepsy,44802464,NA,NA
epilepsy,44802470,NA,NA
epilepsy,44809853,NA,NA
epilepsy,4017041,NA,NA
epilepsy,40756901,NA,NA
epilepsy,44790916,NA,NA
epilepsy,44802473,NA,NA
epilepsy,44808663,NA,NA
epilepsy,44811988,NA,NA
epilepsy,36714275,NA,NA
epilepsy,44790350,NA,NA
epilepsy,44805851,NA,NA
epilepsy,44808333,NA,NA
epilepsy,40757139,NA,NA
epilepsy,44787817,NA,NA
epilepsy,44812030,NA,NA
epilepsy,4015960,NA,NA
epilepsy,4088031,NA,NA
epilepsy,4151917,NA,NA
epilepsy,4219406,NA,NA
epilepsy,44811989,NA,NA
epilepsy,762463,NA,NA
depression,37016718,NA,NA
depression,4308866,NA,NA
depression,44806919,NA,NA
depression,35608073,NA,NA
depression,44784328,NA,NA
depression,374326,NA,NA
depression,438727,NA,NA
depression,4103574,NA,NA
depression,4031328,NA,NA
depression,4094358,NA,NA
depression,4189143,NA,NA
depression,44803862,NA,NA
depression,44804340,NA,NA
depression,35609530,NA,NA
depression,35609532,NA,NA
depression,44803782,NA,NA
depression,44803723,NA,NA
depression,44803840,NA,NA
depression,44803866,NA,NA
depression,4131545,NA,NA
depression,44788804,NA,NA
depression,4092238,NA,NA
depression,4085661,NA,NA
depression,440383,NA,NA
depression,45757213,NA,NA
depression,37018656,NA,NA
depression,44782943,NA,NA
depression,3656234,NA,NA
depression,44811293,NA,NA
depression,762860,NA,NA
depression,2106326,NA,NA
depression,4114950,NA,NA
depression,4168858,NA,NA
depression,4333679,NA,NA
depression,1340305,NA,NA
depression,1340392,NA,NA
depression,4154805,NA,NA
depression,4057218,NA,NA
depression,4269493,NA,NA
depression,4148630,NA,NA
depression,4176002,NA,NA
depression,4323418,NA,NA
depression,37111697,NA,NA
depression,4154391,NA,NA
depression,4282096,NA,NA
depression,4152280,NA,NA
depression,45757195,NA,NA
depression,45757196,NA,NA
depression,2106304,NA,NA
depression,2106305,NA,NA
depression,2106322,NA,NA
depression,2106310,NA,NA
depression,4181807,NA,NA
depression,4287238,NA,NA
depression,4270907,NA,NA
depression,4093584,NA,NA
depression,4338029,NA,NA
depression,37394744,NA,NA
depression,762508,NA,NA
depression,4223090,NA,NA
depression,4149320,NA,NA
depression,4336957,NA,NA
depression,4195572,NA,NA
depression,37109052,NA,NA
depression,4129842,NA,NA
depression,4228802,NA,NA
depression,2107245,NA,NA
depression,36713698,NA,NA
depression,36715000,NA,NA
depression,36714999,NA,NA
depression,36714997,NA,NA
depression,4174987,NA,NA
depression,4338031,NA,NA
depression,4151170,NA,NA
depression,4307111,NA,NA
depression,4049623,NA,NA
depression,37109053,NA,NA
depression,4077577,NA,NA
depression,36717092,NA,NA
depression,36714389,NA,NA
depression,36717389,NA,NA
depression,36714998,NA,NA
depression,443864,NA,NA
depression,44792460,NA,NA
depression,36712668,NA,NA
depression,607543,NA,NA
depression,40756912,NA,NA
depression,40760391,NA,NA
depression,37166876,NA,NA
depression,4305966,NA,NA
depression,4239471,NA,NA
depression,42534817,NA,NA
depression,4332994,NA,NA
depression,4102973,NA,NA
depression,377527,NA,NA
depression,4019705,NA,NA
depression,4097384,NA,NA
depression,4307951,NA,NA
depression,4243308,NA,NA
depression,4195680,NA,NA
depression,4029451,NA,NA
depression,4314692,NA,NA
depression,35609845,NA,NA
depression,35609842,NA,NA
depression,35609844,NA,NA
depression,35609843,NA,NA
depression,4226155,NA,NA
depression,4098302,NA,NA
depression,35610109,NA,NA
depression,35610097,NA,NA
depression,35610108,NA,NA
depression,4282316,NA,NA
depression,4263748,NA,NA
depression,4141454,NA,NA
depression,433991,NA,NA
depression,35615154,NA,NA
depression,35615155,NA,NA
depression,4304140,NA,NA
depression,4220023,NA,NA
depression,4205471,NA,NA
depression,4324959,NA,NA
depression,432285,NA,NA
depression,44805549,NA,NA
depression,44813499,NA,NA
depression,438998,NA,NA
depression,432883,NA,NA
depression,44805542,NA,NA
depression,434911,NA,NA
depression,44805669,NA,NA
depression,35615151,NA,NA
depression,35615153,NA,NA
depression,35609824,NA,NA
depression,35615152,NA,NA
depression,4092239,NA,NA
depression,4224639,NA,NA
depression,4150047,NA,NA
depression,4263770,NA,NA
depression,379784,NA,NA
depression,4149321,NA,NA
depression,42872722,NA,NA
depression,4250023,NA,NA
depression,4144233,NA,NA
depression,4243822,NA,NA
depression,4327337,NA,NA
depression,42872411,NA,NA
depression,438406,NA,NA
depression,4299785,NA,NA
depression,4067409,NA,NA
depression,441534,NA,NA
depression,37109054,NA,NA
depression,4129184,NA,NA
depression,43531624,NA,NA
depression,4154309,NA,NA
depression,4141292,NA,NA
depression,4034842,NA,NA
depression,435220,NA,NA
depression,44782720,NA,NA
depression,4025677,NA,NA
depression,44805550,NA,NA
depression,439259,NA,NA
depression,44805668,NA,NA
depression,4197222,NA,NA
depression,1260110,NA,NA
depression,607540,NA,NA
anxiety,4239656,NA,NA
anxiety,4321835,NA,NA
anxiety,439786,NA,NA
anxiety,4189538,NA,NA
anxiety,4029005,NA,NA
anxiety,4219627,NA,NA
anxiety,4327320,NA,NA
anxiety,4011623,NA,NA
anxiety,4261239,NA,NA
anxiety,4016732,NA,NA
anxiety,4278602,NA,NA
anxiety,4242565,NA,NA
anxiety,441542,NA,NA
anxiety,4021502,NA,NA
anxiety,4080565,NA,NA
anxiety,4085058,NA,NA
anxiety,4230494,NA,NA
anxiety,4084699,NA,NA
anxiety,45765567,NA,NA
anxiety,4174147,NA,NA
anxiety,4174148,NA,NA
anxiety,4080564,NA,NA
anxiety,4080566,NA,NA
anxiety,4023197,NA,NA
anxiety,4174271,NA,NA
anxiety,4174146,NA,NA
anxiety,44792167,NA,NA
anxiety,4082663,NA,NA
anxiety,4082665,NA,NA
anxiety,4025953,NA,NA
anxiety,4328276,NA,NA
anxiety,4021793,NA,NA
anxiety,44792168,NA,NA
anxiety,4025954,NA,NA
anxiety,4021790,NA,NA
anxiety,4174274,NA,NA
anxiety,4174149,NA,NA
anxiety,4082664,NA,NA
anxiety,4080138,NA,NA
anxiety,4021501,NA,NA
anxiety,37165876,NA,NA
anxiety,4080563,NA,NA
anxiety,4174145,NA,NA
anxiety,4115221,NA,NA
anxiety,442077,NA,NA
anxiety,4206779,NA,NA
anxiety,4199892,NA,NA
anxiety,45757095,NA,NA
anxiety,4242095,NA,NA
anxiety,4203449,NA,NA
anxiety,433178,NA,NA
anxiety,37312031,NA,NA
anxiety,4288011,NA,NA
anxiety,42538968,NA,NA
anxiety,4036571,NA,NA
anxiety,602203,NA,NA
anxiety,37394696,NA,NA
anxiety,4012102,NA,NA
anxiety,4009718,NA,NA
anxiety,4236021,NA,NA
anxiety,4272468,NA,NA
anxiety,4242704,NA,NA
anxiety,4081887,NA,NA
anxiety,432601,NA,NA
anxiety,4100100,NA,NA
anxiety,4098314,NA,NA
anxiety,4058397,NA,NA
anxiety,4031888,NA,NA
anxiety,4303284,NA,NA
anxiety,4217365,NA,NA
anxiety,4185245,NA,NA
anxiety,1340250,NA,NA
anxiety,1340251,NA,NA
anxiety,1340425,NA,NA
anxiety,1340434,NA,NA
anxiety,4091702,NA,NA
anxiety,4085680,NA,NA
anxiety,4217945,NA,NA
anxiety,434613,NA,NA
anxiety,4268775,NA,NA
anxiety,4012108,NA,NA
anxiety,4005010,NA,NA
anxiety,37117155,NA,NA
anxiety,4009715,NA,NA
anxiety,4322025,NA,NA
anxiety,4263429,NA,NA
anxiety,4332995,NA,NA
anxiety,4012101,NA,NA
anxiety,4012107,NA,NA
anxiety,4028677,NA,NA
anxiety,4196358,NA,NA
anxiety,4021498,NA,NA
anxiety,436074,NA,NA
anxiety,4147466,NA,NA
anxiety,4233250,NA,NA
anxiety,4217601,NA,NA
anxiety,4245974,NA,NA
anxiety,4273699,NA,NA
anxiety,4204708,NA,NA
anxiety,4297987,NA,NA
anxiety,4338662,NA,NA
anxiety,4002897,NA,NA
anxiety,4008568,NA,NA
anxiety,4143602,NA,NA
anxiety,4136518,NA,NA
anxiety,4137120,NA,NA
anxiety,4329036,NA,NA
anxiety,4135202,NA,NA
anxiety,4006459,NA,NA
anxiety,4270890,NA,NA
anxiety,4175779,NA,NA
anxiety,4085666,NA,NA
anxiety,4177015,NA,NA
anxiety,4054913,NA,NA
anxiety,4171336,NA,NA
anxiety,4220989,NA,NA
anxiety,4272328,NA,NA
anxiety,4298550,NA,NA
anxiety,4307664,NA,NA
anxiety,4109930,NA,NA
anxiety,4243153,NA,NA
anxiety,4252417,NA,NA
anxiety,4246992,NA,NA
anxiety,4211231,NA,NA
anxiety,4218624,NA,NA
anxiety,4277739,NA,NA
anxiety,4221253,NA,NA
anxiety,4205119,NA,NA
anxiety,4182119,NA,NA
anxiety,4112929,NA,NA
anxiety,4114006,NA,NA
anxiety,44790897,NA,NA
anxiety,4087190,NA,NA
anxiety,440985,NA,NA
anxiety,1245382,NA,NA
anxiety,4304010,NA,NA
anxiety,4209114,NA,NA
anxiety,4213649,NA,NA
anxiety,1244160,NA,NA
anxiety,604974,NA,NA
anxiety,4009717,NA,NA
anxiety,4103273,NA,NA
anxiety,607120,NA,NA
anxiety,44788878,NA,NA
anxiety,45770677,NA,NA
anxiety,37394699,NA,NA
anxiety,37394700,NA,NA
anxiety,4155074,NA,NA
anxiety,604975,NA,NA
anxiety,4225870,NA,NA
anxiety,434628,NA,NA
anxiety,4039212,NA,NA
anxiety,4214746,NA,NA
anxiety,4182847,NA,NA
anxiety,440690,NA,NA
anxiety,4335172,NA,NA
anxiety,44792465,NA,NA
anxiety,4011621,NA,NA
anxiety,4012106,NA,NA
anxiety,4011622,NA,NA
anxiety,4012105,NA,NA
anxiety,4012104,NA,NA
anxiety,4033936,NA,NA
anxiety,4004487,NA,NA
anxiety,4184002,NA,NA
alcohol_misuse_dependence,4338024,NA,NA
alcohol_misuse_dependence,4116983,NA,NA
alcohol_misuse_dependence,607208,NA,NA
alcohol_misuse_dependence,201343,NA,NA
alcohol_misuse_dependence,3654690,NA,NA
alcohol_misuse_dependence,37017151,NA,NA
alcohol_misuse_dependence,4080065,NA,NA
alcohol_misuse_dependence,37164784,NA,NA
alcohol_misuse_dependence,433753,NA,NA
alcohol_misuse_dependence,3032020,NA,NA
alcohol_misuse_dependence,4207141,NA,NA
alcohol_misuse_dependence,44791039,NA,NA
alcohol_misuse_dependence,374623,NA,NA
alcohol_misuse_dependence,435243,NA,NA
alcohol_misuse_dependence,45757131,NA,NA
alcohol_misuse_dependence,45757093,NA,NA
alcohol_misuse_dependence,45769910,NA,NA
alcohol_misuse_dependence,4135675,NA,NA
alcohol_misuse_dependence,372607,NA,NA
alcohol_misuse_dependence,36713086,NA,NA
alcohol_misuse_dependence,4214950,NA,NA
alcohol_misuse_dependence,4104431,NA,NA
alcohol_misuse_dependence,4088373,NA,NA
alcohol_misuse_dependence,44788303,NA,NA
alcohol_misuse_dependence,4078688,NA,NA
alcohol_misuse_dependence,3026846,NA,NA
alcohol_misuse_dependence,44804206,NA,NA
alcohol_misuse_dependence,4152403,NA,NA
alcohol_misuse_dependence,37158464,NA,NA
alcohol_misuse_dependence,44786861,NA,NA
alcohol_misuse_dependence,44786700,NA,NA
alcohol_misuse_dependence,375519,NA,NA
alcohol_misuse_dependence,377830,NA,NA
alcohol_misuse_dependence,439277,NA,NA
alcohol_misuse_dependence,4310679,NA,NA
alcohol_misuse_dependence,4202330,NA,NA
alcohol_misuse_dependence,37164777,NA,NA
alcohol_misuse_dependence,4176653,NA,NA
alcohol_misuse_dependence,196463,NA,NA
alcohol_misuse_dependence,4045848,NA,NA
alcohol_misuse_dependence,4104707,NA,NA
alcohol_misuse_dependence,193256,NA,NA
alcohol_misuse_dependence,4340385,NA,NA
alcohol_misuse_dependence,195300,NA,NA
alcohol_misuse_dependence,4340386,NA,NA
alcohol_misuse_dependence,4340383,NA,NA
alcohol_misuse_dependence,201612,NA,NA
alcohol_misuse_dependence,4081520,NA,NA
alcohol_misuse_dependence,374014,NA,NA
alcohol_misuse_dependence,4106575,NA,NA
alcohol_misuse_dependence,378421,NA,NA
alcohol_misuse_dependence,37164788,NA,NA
alcohol_misuse_dependence,4340493,NA,NA
alcohol_misuse_dependence,4102250,NA,NA
alcohol_misuse_dependence,4340964,NA,NA
alcohol_misuse_dependence,4176652,NA,NA
alcohol_misuse_dependence,4030070,NA,NA
alcohol_misuse_dependence,4028805,NA,NA
alcohol_misuse_dependence,442582,NA,NA
alcohol_misuse_dependence,4302744,NA,NA
alcohol_misuse_dependence,4218106,NA,NA
alcohol_misuse_dependence,4176651,NA,NA
alcohol_misuse_dependence,4120447,NA,NA
alcohol_misuse_dependence,4122928,NA,NA
alcohol_misuse_dependence,3040220,NA,NA
alcohol_misuse_dependence,3013871,NA,NA
alcohol_misuse_dependence,3038483,NA,NA
alcohol_misuse_dependence,3013093,NA,NA
alcohol_misuse_dependence,3003835,NA,NA
alcohol_misuse_dependence,3010426,NA,NA
alcohol_misuse_dependence,3028642,NA,NA
alcohol_misuse_dependence,3040238,NA,NA
alcohol_misuse_dependence,3039933,NA,NA
alcohol_misuse_dependence,3011357,NA,NA
alcohol_misuse_dependence,3027654,NA,NA
alcohol_misuse_dependence,3000283,NA,NA
alcohol_misuse_dependence,3036080,NA,NA
alcohol_misuse_dependence,3039090,NA,NA
alcohol_misuse_dependence,3039994,NA,NA
alcohol_misuse_dependence,3040188,NA,NA
alcohol_misuse_dependence,3025525,NA,NA
alcohol_misuse_dependence,4146660,NA,NA
alcohol_misuse_dependence,46269816,NA,NA
alcohol_misuse_dependence,46269817,NA,NA
alcohol_misuse_dependence,1244780,NA,NA
alcohol_misuse_dependence,37162857,NA,NA
alcohol_misuse_dependence,44792821,NA,NA
alcohol_misuse_dependence,44812554,NA,NA
alcohol_misuse_dependence,4159583,NA,NA
alcohol_misuse_dependence,37016176,NA,NA
alcohol_misuse_dependence,4101139,NA,NA
alcohol_misuse_dependence,4146181,NA,NA
alcohol_misuse_dependence,37017009,NA,NA
alcohol_misuse_dependence,3654681,NA,NA
alcohol_misuse_dependence,439005,NA,NA
alcohol_misuse_dependence,35624505,NA,NA
alcohol_misuse_dependence,45757494,NA,NA
alcohol_misuse_dependence,37164785,NA,NA
alcohol_misuse_dependence,436953,NA,NA
alcohol_misuse_dependence,4038704,NA,NA
alcohol_misuse_dependence,37016167,NA,NA
alcohol_misuse_dependence,378726,NA,NA
alcohol_misuse_dependence,37018021,NA,NA
alcohol_misuse_dependence,36714559,NA,NA
alcohol_misuse_dependence,37016266,NA,NA
alcohol_misuse_dependence,37018378,NA,NA
alcohol_misuse_dependence,4027641,NA,NA
alcohol_misuse_dependence,4042869,NA,NA
alcohol_misuse_dependence,37162881,NA,NA
alcohol_misuse_dependence,37164781,NA,NA
alcohol_misuse_dependence,46287063,NA,NA
alcohol_misuse_dependence,435532,NA,NA
alcohol_misuse_dependence,619608,NA,NA
alcohol_misuse_dependence,4117706,NA,NA
alcohol_misuse_dependence,44792822,NA,NA
alcohol_misuse_dependence,44805591,NA,NA
alcohol_misuse_dependence,1616446,NA,NA
alcohol_misuse_dependence,4042888,NA,NA
alcohol_misuse_dependence,4027648,NA,NA
alcohol_misuse_dependence,36715922,NA,NA
alcohol_misuse_dependence,45757783,NA,NA
alcohol_misuse_dependence,36716878,NA,NA
alcohol_misuse_dependence,44788726,NA,NA
alcohol_misuse_dependence,35610532,NA,NA
alcohol_misuse_dependence,4035935,NA,NA
alcohol_misuse_dependence,44788725,NA,NA
alcohol_misuse_dependence,46269835,NA,NA
alcohol_misuse_dependence,46269818,NA,NA
alcohol_misuse_dependence,1617292,NA,NA
alcohol_misuse_dependence,40483827,NA,NA
alcohol_misuse_dependence,44811297,NA,NA
alcohol_misuse_dependence,4206341,NA,NA
alcohol_misuse_dependence,4103124,NA,NA
alcohol_misuse_dependence,35609900,NA,NA
alcohol_misuse_dependence,4338370,NA,NA
alcohol_misuse_dependence,37017329,NA,NA
alcohol_misuse_dependence,37018356,NA,NA
alcohol_misuse_dependence,37164789,NA,NA
alcohol_misuse_dependence,37164792,NA,NA
alcohol_misuse_dependence,37164791,NA,NA
alcohol_misuse_dependence,37164790,NA,NA
alcohol_misuse_dependence,3655834,NA,NA
alcohol_misuse_dependence,37164783,NA,NA
alcohol_misuse_dependence,4314111,NA,NA
alcohol_misuse_dependence,4152165,NA,NA
alcohol_misuse_dependence,441276,NA,NA
alcohol_misuse_dependence,435534,NA,NA
alcohol_misuse_dependence,440685,NA,NA
alcohol_misuse_dependence,37164793,NA,NA
alcohol_misuse_dependence,607374,NA,NA
alcohol_misuse_dependence,37165554,NA,NA
alcohol_misuse_dependence,37109948,NA,NA
alcohol_misuse_dependence,4109691,NA,NA
alcohol_misuse_dependence,4035938,NA,NA
alcohol_misuse_dependence,4038560,NA,NA
alcohol_misuse_dependence,37164773,NA,NA
alcohol_misuse_dependence,37164782,NA,NA
alcohol_misuse_dependence,37109949,NA,NA
alcohol_misuse_dependence,44805853,NA,NA
alcohol_misuse_dependence,36685544,NA,NA
alcohol_misuse_dependence,4299712,NA,NA
alcohol_misuse_dependence,4308372,NA,NA
alcohol_misuse_dependence,44804651,NA,NA
alcohol_misuse_dependence,45770682,NA,NA
alcohol_misuse_dependence,4328025,NA,NA
alcohol_misuse_dependence,40483544,NA,NA
alcohol_misuse_dependence,608490,NA,NA
alcohol_misuse_dependence,44812667,NA,NA
alcohol_misuse_dependence,37017563,NA,NA
alcohol_misuse_dependence,37164786,NA,NA
alcohol_misuse_dependence,44782445,NA,NA
alcohol_misuse_dependence,37018663,NA,NA
alcohol_misuse_dependence,436585,NA,NA
alcohol_misuse_dependence,4027644,NA,NA
alcohol_misuse_dependence,4027643,NA,NA
alcohol_misuse_dependence,4035934,NA,NA
alcohol_misuse_dependence,4027645,NA,NA
alcohol_misuse_dependence,4042881,NA,NA
alcohol_misuse_dependence,4047210,NA,NA
alcohol_misuse_dependence,4042878,NA,NA
alcohol_misuse_dependence,36712761,NA,NA
alcohol_misuse_dependence,36717080,NA,NA
alcohol_misuse_dependence,4195620,NA,NA
bmi_measurement,44807883,NA,NA
bmi_measurement,4245997,NA,NA
bmi_measurement,3038553,NA,NA
bmi_measurement,607520,NA,NA
bmi_measurement,44809197,NA,NA
bmi_measurement,44809198,NA,NA
bmi_measurement,37398925,NA,NA
bmi_measurement,4087497,NA,NA
